5.4,47,56,35,100,100,-2,-4,-13,25,25,25
5.4,44.5,53.5,28,100,100,-5,-5,-14,25,25,27
5.4,40.5,50.5,20.5,100,100,-8,-6,-15,25,25,29
5.4,35,47,12.5,100,100,-11,-7,-16,25,25,31
5.4,28,43,4,100,100,-14,-8,-17,25,25,33
5.4,19.5,38.5,80,100,5,-17,-9,-14,25,18,35
4.05,34.5,34.5,72.5,100,13.5,-8,-8,-15,25,17,35
5.4,1,31,64.5,100,21.5,-19,-7,-16,25,16,35
5.4,12,28.25,57,8,28,-11,-5.5,-15,18,13,33
5.4,6,25,48,18.5,35,-12,-6.5,-18,21,14,35
5.4,0.5,21.25,38.5,29.5,41.5,-11,-7.5,-19,22,13,35
6.75,100,17,17,4.5,100,25,-8.5,-8.5,10,25,35
8.1,100,100,12.25,10,100,25,25,-9.5,11,25,35
9,100,100,7,100,100,25,25,-10.5,25,25,35
9,100,100,1.25,100,100,25,25,-11.5,25,25,35
9,100,100,1.25,100,5,25,25,-25.5,25,12.5,35
9,100,100,20,100,11,25,25,-24,25,24.5,35
9,100,100,7.75,100,19,25,25,-24.5,25,14.5,35
9,100,100,31.5,100,4,25,25,-10.5,25,23.5,35
9,100,100,26.75,100,15.25,25,25,-9.5,25,22.5,35
9,100,100,22.5,100,26,25,25,-8.5,25,21.5,35
9,100,100,18.75,100,36.25,25,25,-7.5,25,20.5,35
9,100,100,15.5,100,46,25,25,-6.5,25,19.5,35
9,100,100,12.75,100,55.25,25,25,-5.5,25,18.5,35
9,100,100,10.5,100,64,25,25,-4.5,25,17.5,35
9,100,100,8.75,100,72.25,25,25,-3.5,25,16.5,35
9,100,100,7.5,100,80,25,25,-2.5,25,15.5,35
9,100,100,6.5,100,87.25,25,25,-2,25,14.5,35
9,100,100,5.5,100,94,25,25,-2,25,13.5,35
9,100,100,4.5,100,100,25,25,-2,25,25,35
9,100,100,3.5,100,100,25,25,-2,25,25,35
9,100,100,2.5,100,100,25,25,-2,25,25,35
9,100,100,1.5,100,100,25,25,-2,25,25,35
9,100,100,0.5,100,100,25,25,-2,25,25,35
9,100,100,100,100,0.5,25,25,25,25,2,35
9,100,100,100,100,1.5,25,25,25,25,2,35
9,100,100,100,100,2.5,25,25,25,25,2,35
9,100,100,100,100,3.5,25,25,25,25,2,35
9,100,100,100,100,4.5,25,25,25,25,2,35
9,100,100,100,100,5.5,25,25,25,25,2,35
9,100,100,100,100,6.5,25,25,25,25,2,35
9,100,99.5,100,100,7.5,25,-8,25,25,2,35
9,100,95,99.25,100,8.5,25,-9,-10.5,25,2,35
9,100,90,94.5,100,9.5,25,-10,-9.5,25,2,35
7.65,84.5,84.5,90.25,100,10.5,-11,-11,-8.5,25,2,35
6.3,78.5,85.75,85.75,100,12,-12,-9,-9,25,3,35
5.4,72,80.75,9,100,31.5,-13,-10,-17.5,25,24.5,35
5.4,65,75.75,14,100,0.25,-14,-10,-13.5,25,18.5,35
5.4,57.5,70.25,7.75,100,10,-15,-11,-12.5,25,19.5,35
5.4,49.5,65.25,2,100,20.25,-16,-10,-11.5,25,20.5,35
5.4,41,60.75,96.25,100,3.25,-17,-9,-9.5,25,10.5,35
4.05,56.75,56.75,91,31.5,8,-8,-8,-10.5,9,9.5,35
2.7,53.25,85.25,85.25,35.5,13.25,-7,-11.5,-11.5,8,10.5,35
1.8,50.25,79,100,39,100,-6,-12.5,25,7,25,35
1.8,47.75,73.25,100,42,100,-5,-11.5,25,6,25,35
1.8,44.75,68,100,44.5,100,-6,-10.5,25,5,25,35
1.8,42.25,63.25,100,46.5,100,-5,-9.5,25,4,25,35
1.8,40.25,59,100,48.25,100,-4,-8.5,25,3.5,25,35
1.8,38.75,55.25,100,49.5,100,-3,-7.5,25,2.5,25,35
1.8,37.5,52,100,50.75,100,-2.5,-6.5,25,2.5,25,35
1.8,35.75,49.25,100,52.5,100,-3.5,-5.5,25,3.5,25,35
1.8,34.5,47,100,53.75,100,-2.5,-4.5,25,2.5,25,35
1.8,32.75,45.25,100,55.25,100,-3.5,-3.5,25,3,25,35
1.8,31.5,44,100,57,100,-2.5,-2.5,25,3.5,25,35
1.8,30,43,100,59.25,100,-3,-2,25,4.5,25,35
1.8,28.75,41.75,100,61,100,-2.5,-2.5,25,3.5,25,35
1.8,27.25,40.75,100,62.5,100,-3,-2,25,3,25,35
1.8,26.25,39.5,100,64,100,-2,-2.5,25,3,25,35
1.8,25.25,38,100,66,100,-2,-3,25,4,25,35
1.8,24.25,36.75,100,67.5,100,-2,-2.5,25,3,25,35
1.8,24,36.75,100,67.75,100,-0.5,0,25,0.5,25,33
1.8,25,37.5,100,66.75,100,2,1.5,25,-2,25,31
1.8,25.75,38.5,100,65.75,100,1.5,2,25,-2,25,31
1.8,26.75,39,100,65.25,100,2,1,25,-1,25,31
1.8,26.25,38.75,100,65.75,100,-1,-0.5,25,1,25,33
1.8,24.25,37.5,100,67.75,100,-4,-2.5,25,4,25,35
1.8,22.75,36.75,100,69.25,100,-3,-1.5,25,3,25,33
1.8,20.75,36.5,100,70.25,100,-4,-0.5,25,2,25,33
1.8,18.25,36.5,100,71.5,100,-5,0,25,2.5,25,33
1.8,15.25,36,100,72.5,100,-6,-1,25,2,25,33
1.8,11.75,36,100,74,100,-7,0,25,3,25,33
1.8,7.75,36,100,75.5,100,-8,0,25,3,25,33
1.8,3.25,35.5,100,77,100,-9,-1,25,3,25,33
1.8,26.75,35.5,100,1.75,100,-10,0,25,10,25,33
1.8,21.25,34.5,100,8.25,100,-11,-2,25,13,25,35
1.8,17.25,34.5,100,14.25,100,-8,0,25,12,25,33
1.8,13.75,34.5,100,20.75,100,-7,0,25,13,25,33
1.8,10.75,34.5,100,27.75,100,-6,0,25,14,25,33
1.8,8.25,34.5,100,35.25,100,-5,0,25,15,25,33
1.8,6.25,34.25,100,43.25,100,-4,-0.5,25,16,25,33
1.8,4.75,34.25,100,51.5,100,-3,0,25,16.5,25,33
1.8,3.75,34.25,100,59.25,100,-2,0,25,15.5,25,33
1.8,4.25,35.25,100,65.5,100,1,2,25,12.5,25,31
1.8,5.25,36.25,100,71.25,100,2,2,25,11.5,25,31
1.8,5.25,36,100,77.5,100,0,-0.5,25,12.5,25,33
1.8,5.25,36,100,83.25,100,0,0,25,11.5,25,33
1.8,5.25,36,100,88.5,100,0,0,25,10.5,25,33
1.8,5.25,36,100,93.25,100,0,0,25,9.5,25,33
1.8,5.25,35.75,100,97.5,100,0,-0.5,25,8.5,25,33
1.8,5.25,35.75,100,100,100,0,0,25,25,25,33
1.8,5.25,35.75,100,100,100,0,0,25,25,25,33
1.8,5.25,35.75,100,100,100,0,0,25,25,25,33
1.8,5.25,35.75,100,100,100,0,0,25,25,25,33
1.8,5.25,35.75,100,100,100,0,0,25,25,25,33
1.8,5.25,35.5,100,100,100,0,-0.5,25,25,25,33
1.8,5.25,35.5,100,100,100,0,0,25,25,25,33
1.8,5.25,35,100,100,100,0,-1,25,25,25,33
1.8,5.25,35,100,100,100,0,0,25,25,25,33
1.8,5,35,100,100,100,-0.5,0,25,25,25,33
1.8,5,35,100,100,100,0,0,25,25,25,33
1.8,5,35,100,100,100,0,0,25,25,25,33
1.8,4.75,35,100,100,100,-0.5,0,25,25,25,33
1.8,4.25,35,100,100,100,-1,0,25,25,25,33
1.8,4,35,100,100,100,-0.5,0,25,25,25,33
1.8,4,35,100,100,100,0,0,25,25,25,33
1.8,4,35,100,100,100,0,0,25,25,25,33
1.8,3.5,35,100,100,100,-1,0,25,25,25,33
1.8,2.5,35,100,100,100,-2,0,25,25,25,33
1.8,1,35,100,100,100,-3,0,25,25,25,33
1.8,34.5,35,100,1,100,-17,0,25,4,25,33
1.8,25.25,34,100,4.5,100,-18.5,-2,25,7,25,35
1.8,16,32.75,100,8.5,100,-18.5,-2.5,25,8,25,35
1.8,6.5,31,100,13,100,-19,-3.5,25,9,25,35
3.15,51.5,29.5,29.5,2.5,90.25,-8.5,-3,-3,18,2,35
4.5,47.75,47.75,28,12,91.25,-7.5,-7.5,-3,19,2,35
5.4,3.25,44.5,27,100,92.25,-3,-6.5,-2,25,2,35
5.4,2,41.75,25.5,100,93.25,-2.5,-5.5,-3,25,2,35
5.4,1,39.5,24.5,100,94.25,-2,-4.5,-2,25,2,35
5.4,82.25,37.75,23,0.5,95.25,-10,-3.5,-3,3,2,35
5.4,77.75,36.5,21.75,2.5,96.25,-9,-2.5,-2.5,4,2,35
5.4,73.75,35.5,20.75,4,97.25,-8,-2,-2,3,2,35
5.4,70.25,34.5,19.75,5.5,98.25,-7,-2,-2,3,2,35
5.4,67.25,33.5,18.5,6.75,99.25,-6,-2,-2.5,2.5,2,35
5.4,64.75,32.5,17.25,8.5,100,-5,-2,-2.5,3.5,25,35
6.75,62.75,31.5,31.5,10.25,85,-4,-2,-2,3.5,9,35
8.1,60.25,60.25,30.5,12.5,89,-5,-5,-2,4.5,8,35
9,100,58.25,29.5,100,92.5,25,-4,-2,25,7,35
9,100,56.5,28.25,100,95.5,25,-3.5,-2.5,25,6,35
9,100,54.25,27.25,100,98,25,-4.5,-2,25,5,35
9,100,52.5,26.25,100,100,25,-3.5,-2,25,25,35
9,100,51.25,25.25,100,100,25,-2.5,-2,25,25,35
9,100,49.75,24.25,100,100,25,-3,-2,25,25,35
9,100,48.75,23.25,100,100,25,-2,-2,25,25,35
9,100,47.75,21.75,100,100,25,-2,-3,25,25,35
9,100,46.75,20.75,100,100,25,-2,-2,25,25,35
9,100,45.75,19.75,100,100,25,-2,-2,25,25,35
9,100,44.75,18.75,100,100,25,-2,-2,25,25,35
9,100,43.75,17.75,100,100,25,-2,-2,25,25,35
9,100,42.75,16.75,100,100,25,-2,-2,25,25,35
9,100,41.5,15.25,100,100,25,-2.5,-3,25,25,35
9,100,40,14.25,100,100,25,-3,-2,25,25,35
9,100,39,13.25,100,100,25,-2,-2,25,25,35
9,100,38,12.25,100,100,25,-2,-2,25,25,35
9,100,37,11.25,100,100,25,-2,-2,25,25,35
9,100,36,10.25,100,100,25,-2,-2,25,25,35
9,100,36,10.25,100,100,25,0,0,25,25,33
9,100,35.5,10.25,100,100,25,-1,0,25,25,33
9,100,35.5,10.25,100,100,25,0,0,25,25,33
9,100,35.5,10.25,100,100,25,0,0,25,25,33
9,100,35.5,10.25,100,100,25,0,0,25,25,33
9,100,35.25,10.25,100,100,25,-0.5,0,25,25,33
9,100,35.25,10.25,100,100,25,0,0,25,25,33
9,100,35.25,10.25,100,100,25,0,0,25,25,33
9,100,34.75,10.25,100,100,25,-1,0,25,25,33
9,100,34.75,10.25,100,100,25,0,0,25,25,33
9,100,34.75,10.25,100,100,25,0,0,25,25,33
9,100,35.25,11.25,100,100,25,1,2,25,25,31
9,100,36.25,12.25,100,100,25,2,2,25,25,31
9,100,37.25,13.25,100,100,25,2,2,25,25,31
9,100,37.75,14.25,100,100,25,1,2,25,25,31
9,100,38.75,15.25,100,100,25,2,2,25,25,31
9,100,39.75,16.25,100,100,25,2,2,25,25,31
9,100,39.75,16.25,100,100,25,0,0,25,25,33
9,100,38.75,15.25,100,100,25,-2,-2,25,25,35
9,100,37.75,14.25,100,100,25,-2,-2,25,25,35
9,100,36.75,13.25,100,100,25,-2,-2,25,25,35
9,100,36.5,13.25,100,100,25,-0.5,0,25,25,33
9,100,36,13.25,100,100,25,-1,0,25,25,33
9,100,36,13.25,100,100,25,0,0,25,25,33
9,100,36.75,14.25,100,100,25,1.5,2,25,25,31
9,100,37,15.25,100,100,25,0.5,2,25,25,31
9,100,36.75,15.25,100,100,25,-0.5,0,25,25,33
9,100,37.25,16.25,100,100,25,1,2,25,25,31
9,100,37.75,16.75,100,100,25,1,1,25,25,31
9,100,38.5,17.75,100,100,25,1.5,2,25,25,31
9,100,38.5,17.75,100,100,25,0,0,25,25,33
9,100,38.5,17.75,100,100,25,0,0,25,25,33
9,100,37.5,16.75,100,100,25,-2,-2,25,25,35
9,100,36.5,15.75,100,100,25,-2,-2,25,25,35
9,100,36.5,15.75,100,100,25,0,0,25,25,33
9,100,36.5,15.75,100,100,25,0,0,25,25,33
9,100,36,15.75,100,100,25,-1,0,25,25,33
9,100,36,16.75,100,100,25,0,2,25,25,31
9,100,36.5,18.75,100,100,25,1,4,25,25,29
9,100,36.5,20.75,100,100,25,0,4,25,25,29
9,100,36,22.5,100,100,25,-1,3.5,25,25,29
9,100,34,23.25,100,100,25,-4,1.5,25,25,31
9,100,31.5,24,100,100,25,-5,1.5,25,25,31
9,100,28.5,25,100,100,25,-6,2,25,25,31
9,100,24,25,100,100,25,-9,0,25,25,33
7.65,19,19,25,74,100,-10,-10,0,1,25,33
6.3,13.5,25,25,74.5,100,-11,0,0,1,25,33
6.3,6.5,24,24,76.25,100,-14,-2,-2,3.5,25,35
6.3,88.25,22.75,22.75,0.5,100,-2,-2.5,-2.5,16,25,35
7.65,87.25,87.25,21.25,9,100,-2,-2,-3,17,25,35
9,100,86.25,20,100,100,25,-2,-2.5,25,25,35
9,100,85.25,18.5,100,100,25,-2,-3,25,25,35
9,100,84.25,17.5,100,100,25,-2,-2,25,25,35
9,100,83.25,16.5,100,100,25,-2,-2,25,25,35
9,100,82.25,15.5,100,100,25,-2,-2,25,25,35
9,100,81.25,14.5,100,100,25,-2,-2,25,25,35
9,100,80.25,13.25,100,100,25,-2,-2.5,25,25,35
9,100,79.25,12.25,100,100,25,-2,-2,25,25,35
9,100,78.25,11,100,100,25,-2,-2.5,25,25,35
9,100,77.25,10,100,100,25,-2,-2,25,25,35
9,100,76.25,9,100,100,25,-2,-2,25,25,35
9,100,75.25,7.75,100,100,25,-2,-2.5,25,25,35
9,100,74.25,6.25,100,100,25,-2,-3,25,25,35
9,100,73.25,5.25,100,100,25,-2,-2,25,25,35
9,100,72.25,4.25,100,100,25,-2,-2,25,25,35
9,100,71.25,3.25,100,100,25,-2,-2,25,25,35
9,100,70.25,2.25,100,100,25,-2,-2,25,25,35
9,100,69.25,1.25,100,100,25,-2,-2,25,25,35
9,100,68.25,0.25,100,100,25,-2,-2,25,25,35
9,100,67.25,81,100,0.75,25,-2,-4,25,2,35
9,100,66.25,78.5,100,2,25,-2,-5,25,2.5,35
9,100,65.25,75.5,100,3.5,25,-2,-6,25,3,35
9,100,64.25,72,100,4.5,25,-2,-7,25,2,35
9,100,63.25,68,100,5.5,25,-2,-8,25,2,35
9,100,62.25,63.5,100,6.5,25,-2,-9,25,2,35
9,100,61.25,58.5,100,8,25,-2,-10,25,3,35
9,100,59.75,53,100,9.75,25,-3,-11,25,3.5,35
9,100,58.5,47,100,12,25,-2.5,-12,25,4.5,35
9,100,57.5,40.5,100,14.75,25,-2,-13,25,5.5,35
9,100,56.5,33.5,100,18,25,-2,-14,25,6.5,35
9,100,55.5,26,100,21.75,25,-2,-15,25,7.5,35
9,100,54,18,100,26,25,-3,-16,25,8.5,35
9,100,52.5,9.5,100,30.75,25,-3,-17,25,9.5,35
9,100,51.5,0.5,100,36,25,-2,-18,25,10.5,35
9,100,50.25,22.5,100,9,25,-2.5,-14.5,25,19,35
9,100,48.5,15.75,100,19,25,-3.5,-13.5,25,20,35
9,100,47.25,9.5,100,29.25,25,-2.5,-12.5,25,20.5,35
9,100,46,3.75,100,39.75,25,-2.5,-11.5,25,21,35
9,100,45,96,100,1.5,25,-2,-2,25,10.5,35
7.65,43.5,43.5,95,100,6.25,-3,-3,-2,25,9.5,35
6.3,41.75,94,94,100,11.5,-3.5,-2,-2,25,10.5,35
5.4,40.25,93,57.25,100,15.5,-3,-2,-6.5,25,12,35
5.4,38.75,92,54.5,100,21,-3,-2,-5.5,25,11,35
5.4,37.75,91,52.25,100,26,-2,-2,-4.5,25,10,35
5.4,36.75,90,50.5,100,30.5,-2,-2,-3.5,25,9,35
5.4,35.25,89,48.25,100,34.5,-3,-2,-4.5,25,8,35
5.4,34.25,88,46.5,100,38,-2,-2,-3.5,25,7,35
5.4,33.25,87,45.25,100,41,-2,-2,-2.5,25,6,35
5.4,32.25,86,43.75,100,44,-2,-2,-3,25,6,35
5.4,31,85,42.75,100,46.5,-2.5,-2,-2,25,5,35
5.4,30,84,41.75,100,49.5,-2,-2,-2,25,6,35
5.4,29,83,40.75,100,52,-2,-2,-2,25,5,35
5.4,28,82,39.75,100,54,-2,-2,-2,25,4,35
5.4,26.75,81,38.75,100,55.5,-2.5,-2,-2,25,3,35
5.4,25,80,37.5,100,57,-3.5,-2,-2.5,25,3,35
5.4,23.75,79,36.5,100,59,-2.5,-2,-2,25,4,35
5.4,22.25,78,35.5,100,60.5,-3,-2,-2,25,3,35
5.4,20.75,77,34.5,100,61.5,-3,-2,-2,25,2,35
5.4,19,76,33.5,100,62.5,-3.5,-2,-2,25,2,35
5.4,17.75,75,32,100,63.5,-2.5,-2,-3,25,2,35
5.4,16.5,74,30,100,64.75,-2.5,-2,-4,25,2.5,35
5.4,15.5,73,27.5,100,66,-2,-2,-5,25,2.5,35
5.4,14.5,72,24.5,100,67,-2,-2,-6,25,2,35
5.4,13,71,21,100,68,-3,-2,-7,25,2,35
5.4,12,70,17,100,69,-2,-2,-8,25,2,35
5.4,10.5,69,11,100,70.25,-3,-2,-21,25,2.5,35
5.4,9.5,68,0,100,72,-2,-2,-22,25,3.5,35
5.4,8.25,67,2,100,11.5,-2.5,-2,-11,25,23,35
5.4,6.5,66,24.25,100,4,-3.5,-2,-21,25,12,35
5.4,4.25,65,13.25,100,10.5,-4.5,-2,-22,25,13,35
5.4,1.5,64,1.75,100,17.5,-5.5,-2,-23,25,14,35
5.4,49,63,24.5,1.75,10.25,-9.5,-2,-8.5,6.5,24,35
5.4,44,62,20.75,5.5,21.75,-10,-2,-7.5,7.5,23,35
5.4,39.5,61,17.5,9.75,32.75,-9,-2,-6.5,8.5,22,35
5.4,34.5,60,14.75,14.5,43.25,-10,-2,-5.5,9.5,21,35
5.4,29.75,59,12.5,19.75,53.25,-9.5,-2,-4.5,10.5,20,35
5.4,25.5,58,10.75,25.25,62.75,-8.5,-2,-3.5,11,19,35
5.4,21.5,57,9.5,31.25,71.75,-8,-2,-2.5,12,18,35
5.4,18,56,8.5,37.5,80.25,-7,-2,-2,12.5,17,35
5.4,14.5,55,7.5,44.25,88.25,-7,-2,-2,13.5,16,35
5.4,11.5,54,6.5,50.75,95.75,-6,-2,-2,13,15,35
5.4,9,53,5.5,57.5,100,-5,-2,-2,13.5,25,35
5.4,6.25,52,4.5,63.75,100,-5.5,-2,-2,12.5,25,35
5.4,4,51,3.5,69.5,100,-4.5,-2,-2,11.5,25,35
5.4,2.25,50,2.5,74.75,100,-3.5,-2,-2,10.5,25,35
5.4,1,49,1.5,79.5,100,-2.5,-2,-2,9.5,25,35
5.4,93,48,0.5,0.25,100,-2.5,-2,-2,2.5,25,35
5.4,91.25,47,97.25,2,0.5,-3.5,-2,-5,3.5,2,35
5.4,89.5,46,94.25,3.5,1.5,-3.5,-2,-6,3,2,35
5.4,88.25,45,90.75,4.75,3,-2.5,-2,-7,2.5,3,35
5.4,86.75,44,86.75,5.75,4,-3,-2,-8,2,2,35
5.4,85,43,82.25,6.75,5,-3.5,-2,-9,2,2,35
5.4,82.75,42,77.25,8,6,-4.5,-2,-10,2.5,2,35
6.75,80.25,41,41,9,100,-5,-2,-2,2,25,35
8.1,77.25,77.25,40,10.5,100,-6,-6,-2,3,25,35
9,100,73.75,39,100,100,25,-7,-2,25,25,35
9,100,69.75,38,100,100,25,-8,-2,25,25,35
9,100,65.25,37,100,100,25,-9,-2,25,25,35
9,100,60.25,36,100,100,25,-10,-2,25,25,35
9,100,54.75,35,100,100,25,-11,-2,25,25,35
9,100,48.75,33.75,100,100,25,-12,-2.5,25,25,35
9,100,42.25,32,100,100,25,-13,-3.5,25,25,35
9,100,35.25,29.75,100,100,25,-14,-4.5,25,25,35
9,100,27.75,27,100,100,25,-15,-5.5,25,25,35
9,100,19.75,23.75,100,100,25,-16,-6.5,25,25,35
9,100,11.25,20,100,100,25,-17,-7.5,25,25,35
9,100,2.25,15.75,100,100,25,-18,-8.5,25,25,35
9,100,39.75,11,100,100,25,-8,-9.5,25,25,35
9,100,36.25,5.75,100,100,25,-7,-10.5,25,25,35
9,100,33.25,0,100,100,25,-6,-11.5,25,25,35
9,100,30.75,30.75,100,6.25,25,-5,-9.5,25,12.5,35
9,100,28.75,26,100,13,25,-4,-9.5,25,13.5,35
9,100,27.25,21,100,20.25,25,-3,-10,25,14.5,35
9,100,26.25,16.25,100,28,25,-2,-9.5,25,15.5,35
9,100,25.25,11.5,100,35.5,25,-2,-9.5,25,15,35
9,100,24.25,7,100,43,25,-2,-9,25,15,35
9,100,23.25,2,100,50,25,-2,-10,25,14,35
9,100,22.25,68.5,100,3.5,25,-2,-7.5,25,11,35
7.65,21.25,21.25,64.5,99.75,8.75,-2,-2,-8,12,10.5,35
6.3,20.25,61,61,100,14.5,-2,-7,-7,25,11.5,35
5.4,19.25,58,93.75,100,1.75,-2,-6,-2,25,2,35
5.4,18.25,54.75,92.5,100,2.75,-2,-6.5,-2.5,25,2,35
5.4,17.25,52,91.5,100,3.75,-2,-5.5,-2,25,2,35
5.4,16.25,49.75,90,100,4.75,-2,-4.5,-3,25,2,35
5.4,15.25,48,89,100,5.75,-2,-3.5,-2,25,2,35
5.4,14.25,46,87.5,100,7.25,-2,-4,-3,25,3,35
4.05,43.75,43.75,86.5,60.25,9,-4.5,-4.5,-2,11.5,3.5,35
2.7,42,85,85,65.5,11.25,-3.5,-3,-3,10.5,4.5,35
1.8,39.75,83,100,70.25,100,-4.5,-4,25,9.5,25,35
1.8,38,81,100,74.5,100,-3.5,-4,25,8.5,25,35
1.8,36.75,79.25,100,78.25,100,-2.5,-3.5,25,7.5,25,35
1.8,35.75,78,100,81.5,100,-2,-2.5,25,6.5,25,35
1.8,34.5,77,100,84.25,100,-2.5,-2,25,5.5,25,35
1.8,32.75,76,100,86.5,100,-3.5,-2,25,4.5,25,35
1.8,30.5,75,100,88.25,100,-4.5,-2,25,3.5,25,35
1.8,27.75,73.75,100,89.5,100,-5.5,-2.5,25,2.5,25,35
1.8,25,72.5,100,90.5,100,-5.5,-2.5,25,2,25,35
1.8,21.75,70.75,100,91.5,100,-6.5,-3.5,25,2,25,35
1.8,18,68.5,100,92.5,100,-7.5,-4.5,25,2,25,35
1.8,14.25,65.75,100,93.5,100,-7.5,-5.5,25,2,25,35
1.8,11,63.5,100,93.5,100,-6.5,-4.5,25,0,25,33
1.8,7.25,60.75,100,93.5,100,-7.5,-5.5,25,0,25,33
1.8,3,57.5,100,93.5,100,-8.5,-6.5,25,0,25,33
1.8,42.75,53.75,100,1.75,100,-12.5,-7.5,25,9.5,25,33
3.15,37,49.5,49.5,7,76.25,-11.5,-8.5,-8.5,10.5,2,33
4.5,31.75,31.75,41,12.75,76.75,-10.5,-10.5,-23,11.5,1,33
5.4,51.25,27,29.5,34.5,76.75,-2,-9.5,-23,3,0,33
6.75,50.75,22.75,22.75,36.5,25.75,-1,-8.5,-8.5,4,13.5,33
8.1,49.75,49.75,19,39,32.25,-2,-2,-7.5,5,13,33
9,100,49.25,15.75,100,38.5,25,-1,-6.5,25,12.5,33
9,100,47.5,12,100,46.25,25,-3.5,-7.5,25,15.5,35
9,100,46.25,8.75,100,54,25,-2.5,-6.5,25,15.5,35
9,100,44.75,6,100,61.25,25,-3,-5.5,25,14.5,35
9,100,43.75,3.75,100,68,25,-2,-4.5,25,13.5,35
9,100,42.25,2,100,74.25,25,-3,-3.5,25,12.5,35
9,100,41.25,0.75,100,80,25,-2,-2.5,25,11.5,35
9,100,40.25,94.5,100,1,25,-2,-2,25,3.5,35
9,100,39.25,93.5,100,2.25,25,-2,-2,25,2.5,35
9,100,38.25,92.5,100,3.25,25,-2,-2,25,2,35
9,100,37.25,91.5,100,4.5,25,-2,-2,25,2.5,35
9,100,35.75,90.5,100,6.25,25,-3,-2,25,3.5,35
9,100,34.75,89.25,100,7.5,25,-2,-2.5,25,2.5,35
7.65,33.75,33.75,87.75,81.75,8.75,-2,-2,-3,2,2.5,35
6.3,32.5,86.5,86.5,82.75,10.5,-2.5,-2.5,-2.5,2,3.5,35
5.4,31.5,84.75,36,83.75,69.5,-2,-3.5,-2,2,5.5,35
5.4,30,82.5,35,84.75,71.75,-3,-4.5,-2,2,4.5,35
5.4,29,80.25,34,85.75,73.5,-2,-4.5,-2,2,3.5,35
5.4,28,78.5,33,86.75,74.75,-2,-3.5,-2,2,2.5,35
5.4,26.75,77,32,87.75,75.75,-2.5,-3,-2,2,2,35
5.4,25.75,76,31,88.75,76.75,-2,-2,-2,2,2,35
5.4,24.75,74.75,30,89.75,77.75,-2,-2.5,-2,2,2,35
5.4,23.75,73,29,90.75,78.75,-2,-3.5,-2,2,2,35
5.4,22.75,71.5,28,91.75,79.75,-2,-3,-2,2,2,35
5.4,21.75,70,26.5,92.75,80.75,-2,-3,-3,2,2,35
5.4,20.75,68,24.5,93.75,81.75,-2,-4,-4,2,2,35
5.4,19.75,65.5,22.75,94.75,82.75,-2,-5,-3.5,2,2,35
5.4,18.75,63.5,21.5,95.75,83.75,-2,-4,-2.5,2,2,35
5.4,17.75,62,20,96.75,84.75,-2,-3,-3,2,2,35
5.4,16.75,60,19,97.75,85.75,-2,-4,-2,2,2,35
5.4,15.75,57.5,18,98.75,86.75,-2,-5,-2,2,2,35
5.4,14.75,54.5,16.5,99.75,87.75,-2,-6,-3,2,2,35
5.4,14.75,52,15.5,99.75,87.75,0,-5,-2,0,0,33
5.4,14.75,49,14,99.75,87.75,0,-6,-3,0,0,33
5.4,15.75,46.5,13,98.75,86.75,2,-5,-2,-2,-2,31
5.4,16.75,43.5,11.5,97.75,85.75,2,-6,-3,-2,-2,31
5.4,17.75,40,9.5,96.75,84.75,2,-7,-4,-2,-2,31
5.4,18.75,36,7,95.75,83.75,2,-8,-5,-2,-2,31
5.4,18.75,30.5,3,95.75,84,0,-11,-8,0,0.5,33
5.4,17.75,23.5,19.75,96.75,2.5,-2,-14,-13,2,11,35
4.05,16,16,13.75,78.75,8.5,-15,-15,-12,2,12,35
2.7,8,7.25,7.25,79.75,15,-16,-13,-13,2,13,35
1.8,38.5,0.25,100,0.5,100,-9.5,-14,25,17,25,35
1.8,34.25,100,100,9.5,100,-8.5,25,25,18,25,35
1.8,30.5,100,100,19,100,-7.5,25,25,19,25,35
1.8,27.25,100,100,28,100,-6.5,25,25,18,25,35
1.8,24.5,100,100,36.5,100,-5.5,25,25,17,25,35
1.8,22.25,100,100,44.5,100,-4.5,25,25,16,25,35
1.8,20.5,100,100,52,100,-3.5,25,25,15,25,35
1.8,19.25,100,100,59,100,-2.5,-2,25,14,25,35
1.8,18.25,99,100,65.5,100,-2,-2,25,13,25,35
1.8,17.25,98,100,71.5,100,-2,-2,25,12,25,35
1.8,16.25,97,100,77,100,-2,-2,25,11,25,35
1.8,15.25,96,100,82,100,-2,-2,25,10,25,35
1.8,14.25,95,100,86.5,100,-2,-2,25,9,25,35
1.8,13.25,94,100,90.5,100,-2,-2,25,8,25,35
1.8,12.25,93,100,94,100,-2,-2,25,7,25,35
1.8,11.25,92,100,97,100,-2,-2,25,6,25,35
1.8,10.25,91,100,99.5,100,-2,-2,25,5,25,35
1.8,9.25,90,100,100,100,-2,-2,25,25,25,35
1.8,8.25,89,100,100,100,-2,-2,25,25,25,35
1.8,7.25,88,100,100,100,-2,-2,25,25,25,35
1.8,6.25,87,100,100,100,-2,-2,25,25,25,35
1.8,5,86,100,100,100,-2.5,-2,25,25,25,35
1.8,4,85,100,100,100,-2,-2,25,25,25,35
1.8,3,84,100,100,100,-2,-2,25,25,25,35
1.8,2,83,100,100,100,-2,-2,25,25,25,35
1.8,0.75,82,100,100,100,-2.5,-2,25,25,25,35
1.8,79.25,81,100,0.25,100,-10.5,-2,25,2,25,35
1.8,73.5,80,100,1.25,100,-11.5,-2,25,2,25,35
1.8,67.25,79,100,2.25,100,-12.5,-2,25,2,25,35
1.8,60.5,78,100,3.75,100,-13.5,-2,25,3,25,35
1.8,53.25,77,100,4.75,100,-14.5,-2,25,2,25,35
1.8,45.5,76,100,6.25,100,-15.5,-2,25,3,25,35
1.8,37.25,75,100,8.25,100,-16.5,-2,25,4,25,35
1.8,28.5,74,100,10.75,100,-17.5,-2,25,5,25,35
1.8,20.25,73,100,13.75,100,-16.5,-2,25,6,25,35
1.8,11.5,72,100,17.25,100,-17.5,-2,25,7,25,35
1.8,2.25,71,100,21.25,100,-18.5,-2,25,8,25,35
1.8,46.25,70,100,7.5,100,-7.5,-2,25,19.5,25,35
1.8,43,69,100,16.75,100,-6.5,-2,25,18.5,25,35
1.8,40.25,68,100,25.5,100,-5.5,-2,25,17.5,25,35
1.8,38,67,100,33.75,100,-4.5,-2,25,16.5,25,35
1.8,36.25,66,100,41.5,100,-3.5,-2,25,15.5,25,35
1.8,35,65,100,48.75,100,-2.5,-2,25,14.5,25,35
1.8,33.25,64,100,55.5,100,-3.5,-2,25,13.5,25,35
1.8,32,63,100,61.75,100,-2.5,-2,25,12.5,25,35
1.8,30.75,62,100,67.5,100,-2.5,-2,25,11.5,25,35
1.8,29.75,61,100,72.75,100,-2,-2,25,10.5,25,35
1.8,28.75,60,100,77.5,100,-2,-2,25,9.5,25,35
1.8,27.25,59,100,81.75,100,-3,-2,25,8.5,25,35
1.8,26.25,58,100,85.5,100,-2,-2,25,7.5,25,35
1.8,25,57,100,88.75,100,-2.5,-2,25,6.5,25,35
1.8,24,56,100,91.5,100,-2,-2,25,5.5,25,35
1.8,23,55,100,93.75,100,-2,-2,25,4.5,25,35
1.8,21.5,54,100,95.5,100,-3,-2,25,3.5,25,35
1.8,20.5,53,100,96.75,100,-2,-2,25,2.5,25,35
1.8,19.5,52,100,97.75,100,-2,-2,25,2,25,35
1.8,18,51,100,98.75,100,-3,-2,25,2,25,35
1.8,17,50,100,99.75,100,-2,-2,25,2,25,35
1.8,16,49,100,100,100,-2,-2,25,25,25,35
1.8,14.5,48,100,100,100,-3,-2,25,25,25,35
1.8,13.5,47,100,100,100,-2,-2,25,25,25,35
1.8,12.5,46,100,100,100,-2,-2,25,25,25,35
1.8,11.5,45,100,100,100,-2,-2,25,25,25,35
1.8,10.5,44,100,100,100,-2,-2,25,25,25,35
1.8,9.5,43,100,100,100,-2,-2,25,25,25,35
1.8,8,42,100,100,100,-3,-2,25,25,25,35
1.8,7,41,100,100,100,-2,-2,25,25,25,35
1.8,5.75,40,100,100,100,-2.5,-2,25,25,25,35
1.8,4.75,38.75,100,100,100,-2,-2.5,25,25,25,35
1.8,3.5,37,100,100,100,-2.5,-3.5,25,25,25,35
1.8,2.5,35.5,100,100,100,-2,-3,25,25,25,35
1.8,1,33.5,100,100,100,-3,-4,25,25,25,35
1.8,1,32,100,100,100,0,-3,25,25,25,33
1.8,2,31.5,100,100,100,2,-1,25,25,25,31
1.8,4,31.5,100,100,100,4,0,25,25,25,29
1.8,6,31.5,100,100,100,4,0,25,25,25,29
1.8,8,32,100,100,100,4,1,25,25,25,29
1.8,10,32.5,100,100,100,4,1,25,25,25,29
1.8,12,32.75,100,100,100,4,0.5,25,25,25,29
1.8,14,33.5,100,100,100,4,1.5,25,25,25,29
1.8,15.75,34.75,100,100,100,3.5,2.5,25,25,25,29
1.8,17.75,35.75,100,100,100,4,2,25,25,25,29
1.8,18.25,35.25,100,100,100,1,-1,25,25,25,31
1.8,19.25,35.25,100,100,100,2,0,25,25,25,31
1.8,20,35.75,100,100,100,1.5,1,25,25,25,31
1.8,20.5,36,100,100,100,1,0.5,25,25,25,31
1.8,21,35.75,100,100,100,1,-0.5,25,25,25,31
1.8,22,36,100,100,100,2,0.5,25,25,25,31
1.8,22.5,36.75,100,100,100,1,1.5,25,25,25,31
1.8,22.5,37.75,100,100,100,0,2,25,25,25,31
1.8,22,38.75,100,100,100,-1,2,25,25,25,31
1.8,21,39.75,100,100,100,-2,2,25,25,25,31
1.8,19.5,40.75,100,100,100,-3,2,25,25,25,31
1.8,16.5,40.75,100,100,100,-6,0,25,25,25,33
1.8,13,40.75,100,100,100,-7,0,25,25,25,33
1.8,9,40.75,100,100,100,-8,0,25,25,25,33
1.8,3.5,39.5,100,100,100,-11,-2.5,25,25,25,35
1.8,33.5,38,100,2.5,100,-13,-3,25,12,25,35
1.8,28.25,38,100,8,100,-10.5,0,25,11,25,33
1.8,23.5,37.5,100,14,100,-9.5,-1,25,12,25,33
1.8,19.25,36.5,100,20.5,100,-8.5,-2,25,13,25,33
1.8,16.5,36.25,100,26.5,100,-5.5,-0.5,25,12,25,31
1.8,13.25,35.25,100,33.75,100,-6.5,-2,25,14.5,25,33
1.8,10.5,34.75,100,41,100,-5.5,-1,25,14.5,25,33
1.8,9.25,34.75,100,47.25,100,-2.5,0,25,12.5,25,31
1.8,8.5,35.25,100,53,100,-1.5,1,25,11.5,25,31
1.8,8.25,35.25,100,58.25,100,-0.5,0,25,10.5,25,31
1.8,8.25,35,100,63,100,0,-0.5,25,9.5,25,31
1.8,8.5,35.25,100,67.25,100,0.5,0.5,25,8.5,25,31
1.8,9.25,35.5,100,71,100,1.5,0.5,25,7.5,25,31
1.8,10,35.25,100,74.25,100,1.5,-0.5,25,6.5,25,31
1.8,10.25,34.5,100,77,100,0.5,-1.5,25,5.5,25,31
1.8,10.25,33.25,100,79.25,100,0,-2.5,25,4.5,25,31
1.8,10.75,31.5,100,81,100,1,-3.5,25,3.5,25,31
1.8,11.5,29.25,100,82.25,100,1.5,-4.5,25,2.5,25,31
1.8,12.5,26.5,100,83,100,2,-5.5,25,1.5,25,31
1.8,13,23.25,100,83.25,100,1,-6.5,25,0.5,25,31
1.8,14,19.5,100,83,100,2,-7.5,25,-0.5,25,31
1.8,14.75,15.25,100,82.25,100,1.5,-8.5,25,-1.5,25,31
1.8,15.75,10.5,100,81.25,100,2,-9.5,25,-2,25,31
1.8,16.75,5.25,100,80.25,100,2,-10.5,25,-2,25,31
1.8,17.5,11.25,100,79.25,100,1.5,-12.5,25,-2,25,31
1.8,18.5,4.5,100,78.25,100,2,-13.5,25,-2,25,31
1.8,19.5,86.5,100,77.75,100,2,2,25,-1,25,31
1.8,19.25,86.5,100,77.75,100,-0.5,0,25,0,25,33
1.8,18.25,85.5,100,79.25,100,-2,-2,25,3,25,35
1.8,17.25,84.5,100,80.25,100,-2,-2,25,2,25,35
1.8,16.25,83.5,100,81.75,100,-2,-2,25,3,25,35
1.8,15.25,82.5,100,82.75,100,-2,-2,25,2,25,35
1.8,14.25,81.5,100,83.75,100,-2,-2,25,2,25,35
1.8,13.25,80.5,100,85,100,-2,-2,25,2.5,25,35
1.8,12.25,79.5,100,86,100,-2,-2,25,2,25,35
1.8,11.25,78.5,100,87,100,-2,-2,25,2,25,35
1.8,9.75,77.5,100,88,100,-3,-2,25,2,25,35
1.8,8.5,76.5,100,89,100,-2.5,-2,25,2,25,35
1.8,7.5,75.5,100,90,100,-2,-2,25,2,25,35
1.8,6.5,74.5,100,91,100,-2,-2,25,2,25,35
1.8,5.5,73.5,100,92,100,-2,-2,25,2,25,35
1.8,4,72.5,100,93.5,100,-3,-2,25,3,25,35
1.8,3,71.25,100,94.5,100,-2,-2.5,25,2,25,35
1.8,2,70,100,95.5,100,-2,-2.5,25,2,25,35
1.8,1,69,100,97,100,-2,-2,25,3,25,35
1.8,94.25,68,100,0.5,100,-2,-2,25,3,25,35
1.8,93.25,67,100,1.75,100,-2,-2,25,2.5,25,35
1.8,92.25,65.75,100,2.75,100,-2,-2.5,25,2,25,35
1.8,91.25,64.75,100,3.75,100,-2,-2,25,2,25,35
1.8,90.25,63.5,100,5.25,100,-2,-2.5,25,3,25,35
1.8,89.25,61.75,100,7.25,100,-2,-3.5,25,4,25,35
3.15,88.25,59.5,59.5,8.75,100,-2,-4.5,-4.5,3,25,35
4.5,87.25,87.25,56.75,10.75,100,-2,-2,-5.5,4,25,35
5.4,34.5,86.25,53.5,88,100,-3,-2,-6.5,2,25,35
5.4,32.5,85.25,49.75,89,100,-4,-2,-7.5,2,25,35
5.4,30,84.25,45.5,90,100,-5,-2,-8.5,2,25,35
5.4,27,83.25,40.75,91,100,-6,-2,-9.5,2,25,35
5.4,23.5,82.25,35.5,92,100,-7,-2,-10.5,2,25,35
5.4,19.5,81.25,29.75,93,100,-8,-2,-11.5,2,25,35
5.4,15,80.25,23.5,94,100,-9,-2,-12.5,2,25,35
5.4,10,79.25,13.5,95,100,-10,-2,-23.5,2,25,35
5.4,4.5,78.25,1.25,96,100,-11,-2,-24.5,2,25,35
5.4,3.25,77.25,2.75,1.5,11.25,-16.5,-2,-13.5,12,25,35
5.4,75,76.25,44,4.5,4,-2,-2,-6.5,15.5,13.5,35
5.4,74,75.25,41.25,11.75,10.75,-2,-2,-5.5,14.5,13.5,35
5.4,73,74.25,39,18.5,18,-2,-2,-4.5,13.5,14.5,35
5.4,72,73.25,36.25,24.75,25.75,-2,-2,-5.5,12.5,15.5,35
5.4,71,72.25,34,30.5,33,-2,-2,-4.5,11.5,14.5,35
5.4,70,71.25,32.25,35.75,39.75,-2,-2,-3.5,10.5,13.5,35
5.4,69,70.25,31,40.5,46,-2,-2,-2.5,9.5,12.5,35
5.4,67.5,69.25,29.75,44.75,51.75,-3,-2,-2.5,8.5,11.5,35
5.4,66,68.25,28.75,48.5,57,-3,-2,-2,7.5,10.5,35
5.4,64.25,67.25,27.75,51.75,61.75,-3.5,-2,-2,6.5,9.5,35
5.4,63,66.25,26.75,54.5,66,-2.5,-2,-2,5.5,8.5,35
5.4,61.75,65.25,25.5,56.75,69.75,-2.5,-2,-2.5,4.5,7.5,35
5.4,60.75,64.25,24,58.5,73,-2,-2,-3,3.5,6.5,35
5.4,59.5,63.25,23,59.75,75.75,-2.5,-2,-2,2.5,5.5,35
5.4,57.75,62.25,22,60.75,78,-3.5,-2,-2,2,4.5,35
5.4,56,61,21,61.75,79.75,-3.5,-2.5,-2,2,3.5,35
5.4,53.75,60,20,62.75,81,-4.5,-2,-2,2,2.5,35
5.4,52,59,19,63.75,82,-3.5,-2,-2,2,2,35
5.4,50.5,58,17.5,64.75,83,-3,-2,-3,2,2,35
5.4,49.5,56.75,15.5,65.75,84,-2,-2.5,-4,2,2,35
5.4,48.5,55.75,14,66.75,85,-2,-2,-3,2,2,35
5.4,47.5,54.75,12.25,67.75,86,-2,-2,-3.5,2,2,35
5.4,46.5,53.75,11,68.75,87.25,-2,-2,-2.5,2,2.5,35
5.4,45.5,52.75,9.5,69.75,88.25,-2,-2,-3,2,2,35
5.4,44.5,51.75,7.5,70.75,89.25,-2,-2,-4,2,2,35
5.4,43.5,50.75,5.25,71.75,90.25,-2,-2,-4.5,2,2,35
5.4,42.5,49.75,3.25,72.75,91.75,-2,-2,-4,2,3,35
5.4,41.5,48.75,0.75,73.75,93.5,-2,-2,-5,2,3.5,35
5.4,40.5,47.25,80.5,74.75,1.75,-2,-3,-10.5,2,5,35
5.4,39.5,45.25,74.75,75.75,3.75,-2,-4,-11.5,2,4,35
6.75,38.5,42.75,42.75,76.75,100,-2,-5,-5,2,25,35
8.1,37.5,37.5,39.75,78,100,-2,-2,-6,2.5,25,35
8.1,36.5,36.5,36.25,79,100,-2,-2,-7,2,25,35
9,100,35.5,32.25,100,100,25,-2,-8,25,25,35
9,100,35.25,28.75,100,100,25,-0.5,-7,25,25,33
9,100,35,24.75,100,100,25,-0.5,-8,25,25,33
9,100,33.25,19.25,100,100,25,-3.5,-11,25,25,35
9,100,32.75,14.25,100,100,25,-1,-10,25,25,33
9,100,31.75,8.75,100,100,25,-2,-11,25,25,33
9,100,30.25,1.75,100,100,25,-3,-14,25,25,35
9,100,28.75,9,100,5.75,25,-3,-13,25,15,35
9,100,27,3,100,13.75,25,-3.5,-12,25,16,35
9,100,25.75,95.5,100,2.5,25,-2.5,-2,25,11,35
7.65,24.25,24.25,94.5,86.75,7.5,-3,-3,-2,2,10,35
6.3,22.75,93.5,93.5,87.75,13,-3,-2,-2,2,11,35
5.4,21.75,92.5,65.25,88.75,37.75,-2,-2,-2,2,10,35
5.4,20.75,91.5,64.25,89.75,42.25,-2,-2,-2,2,9,35
5.4,19.5,90.5,63.25,90.75,46.25,-2.5,-2,-2,2,8,35
5.4,18.5,89.25,62.25,91.75,49.75,-2,-2.5,-2,2,7,35
5.4,17.25,88.25,61.25,92.75,52.75,-2.5,-2,-2,2,6,35
5.4,15.5,86.75,60.25,93.75,55.25,-3.5,-3,-2,2,5,35
5.4,13.25,85.25,59.25,94.75,57.25,-4.5,-3,-2,2,4,35
5.4,11,84.25,58.25,95.75,58.75,-4.5,-2,-2,2,3,35
5.4,9,83,57.25,96.75,59.75,-4,-2.5,-2,2,2,35
5.4,7.25,81.75,56.25,97.75,60.75,-3.5,-2.5,-2,2,2,35
5.4,5,80.5,55.25,98.75,61.75,-4.5,-2.5,-2,2,2,35
5.4,3.25,79.5,54.25,99.75,62.75,-3.5,-2,-2,2,2,35
5.4,1.5,78.5,53.25,100,63.75,-3.5,-2,-2,25,2,35
5.4,87,77.5,52.25,0.5,64.75,-4,-2,-2,4,2,35
5.4,85,76,51.25,2.25,65.75,-4,-3,-2,3.5,2,35
5.4,83.5,74.5,50.25,3.75,66.75,-3,-3,-2,3,2,35
5.4,81.5,72.75,49.25,5.75,67.75,-4,-3.5,-2,4,2,35
5.4,79,70.5,48.25,8.25,68.75,-5,-4.5,-2,5,2,35
5.4,76,68.5,47.25,11,69.75,-6,-4,-2,5.5,2,35
5.4,72.5,66.5,46.25,14.25,70.75,-7,-4,-2,6.5,2,35
5.4,68.5,64.25,45.25,17,71.75,-8,-4.5,-2,5.5,2,35
5.4,64,61.5,44.25,19.5,72.75,-9,-5.5,-2,5,2,35
5.4,59,58.25,43.25,22.5,73.75,-10,-6.5,-2,6,2,35
5.4,53.5,54.5,42.25,25.75,74.75,-11,-7.5,-2,6.5,2,35
5.4,47.5,50.25,41.25,29.5,75.75,-12,-8.5,-2,7.5,2,35
5.4,41,45.5,40.25,32.75,76.75,-13,-9.5,-2,6.5,2,35
4.05,40.25,40.25,39.25,100,77.75,-10.5,-10.5,-2,25,2,35
2.7,34.5,38.25,38.25,100,79.25,-11.5,-2,-2,25,3,35
1.8,28.25,37.25,100,100,100,-12.5,-2,25,25,25,35
1.8,21.5,36.25,100,100,100,-13.5,-2,25,25,25,35
1.8,15.25,36.25,100,100,100,-12.5,0,25,25,25,33
1.8,8.5,36.25,100,100,100,-13.5,0,25,25,25,33
1.8,1.25,36.25,100,100,100,-14.5,0,25,25,25,33
1.8,33.5,36.25,100,5.5,100,-10,0,25,13.5,25,33
1.8,29,36.25,100,12.5,100,-9,0,25,14,25,33
1.8,25,36.25,100,20,100,-8,0,25,15,25,33
1.8,21.5,36.25,100,28,100,-7,0,25,16,25,33
1.8,18.5,36.25,100,36.5,100,-6,0,25,17,25,33
1.8,16,36.25,100,44.5,100,-5,0,25,16,25,33
1.8,14,36.25,100,52,100,-4,0,25,15,25,33
1.8,12.5,36.25,100,59,100,-3,0,25,14,25,33
1.8,11.5,36.25,100,65.5,100,-2,0,25,13,25,33
1.8,11,36.25,100,71.5,100,-1,0,25,12,25,33
1.8,10.25,36.25,100,77,100,-1.5,0,25,11,25,33
1.8,10,36.25,100,82,100,-0.5,0,25,10,25,33
1.8,10,36.25,100,86.5,100,0,0,25,9,25,33
1.8,10,36.25,100,90.5,100,0,0,25,8,25,33
1.8,10,36.25,100,94,100,0,0,25,7,25,33
1.8,9,35.25,100,98,100,-2,-2,25,8,25,35
1.8,9,35.25,100,100,100,0,0,25,25,25,33
1.8,9,35.25,100,100,100,0,0,25,25,25,33
1.8,8.75,35.25,100,100,100,-0.5,0,25,25,25,33
1.8,8.5,35.25,100,100,100,-0.5,0,25,25,25,33
1.8,7.75,35.25,100,100,100,-1.5,0,25,25,25,33
1.8,7,35.25,100,100,100,-1.5,0,25,25,25,33
1.8,5.75,35.25,100,100,100,-2.5,0,25,25,25,33
1.8,5,35.25,100,100,100,-1.5,0,25,25,25,33
1.8,4.75,35.25,100,100,100,-0.5,0,25,25,25,33
1.8,4.25,35.25,100,100,100,-1,0,25,25,25,33
1.8,4.25,35.25,100,100,100,0,0,25,25,25,33
1.8,4.25,35.25,100,100,100,0,0,25,25,25,33
1.8,3.75,35.25,100,100,100,-1,0,25,25,25,33
1.8,3.75,35.25,100,100,100,0,0,25,25,25,33
1.8,3.75,35.25,100,100,100,0,0,25,25,25,33
1.8,2.75,34.25,100,100,100,-2,-2,25,25,25,35
1.8,1.75,33.25,100,100,100,-2,-2,25,25,25,35
1.8,0.75,32.25,100,100,100,-2,-2,25,25,25,35
1.8,94.5,31.25,100,0.5,100,-3.5,-2,25,2.5,25,35
1.8,92.75,30.25,100,1.75,100,-3.5,-2,25,2.5,25,35
1.8,91,29.25,100,3.5,100,-3.5,-2,25,3.5,25,35
1.8,89.75,28.25,100,5.75,100,-2.5,-2,25,4.5,25,35
3.15,88.5,27.25,27.25,7.5,91,-2.5,-2,-2,3.5,2,35
4.5,87.5,87.5,26.25,9.75,92,-2,-2,-2,4.5,2,35
5.4,16.5,86.5,25.25,10.75,93,-18.5,-2,-2,10.5,2,35
5.4,7.75,85.5,24.25,16.5,94,-17.5,-2,-2,11.5,2,35
5.4,69,84.5,23.25,0.5,95,-4.5,-2,-2,16.5,2,35
5.4,67,83.5,22.25,8.25,96,-4,-2,-2,15.5,2,35
5.4,65.25,82.5,21.25,15.5,97,-3.5,-2,-2,14.5,2,35
5.4,64,81,20.25,22.25,98,-2.5,-3,-2,13.5,2,35
5.4,63,79.25,19.25,28.5,99,-2,-3.5,-2,12.5,2,35
5.4,62,77.25,18.25,34.25,100,-2,-4,-2,11.5,25,35
5.4,61,74.75,17.25,39.5,100,-2,-5,-2,10.5,25,35
5.4,60,72.75,16.25,44.25,100,-2,-4,-2,9.5,25,35
5.4,59,70.75,15.25,48.5,100,-2,-4,-2,8.5,25,35
5.4,57.75,69,14.25,52.25,100,-2.5,-3.5,-2,7.5,25,35
5.4,56.75,67.25,13.25,55.5,100,-2,-3.5,-2,6.5,25,35
5.4,55.75,65.25,12.25,58.25,100,-2,-4,-2,5.5,25,35
5.4,54.25,62.75,11.25,60.5,100,-3,-5,-2,4.5,25,35
5.4,52.5,60,10.25,62.25,100,-3.5,-5.5,-2,3.5,25,35
5.4,51,57,9.25,63.5,100,-3,-6,-2,2.5,25,35
5.4,49,54.5,8.25,64.5,100,-4,-5,-2,2,25,35
5.4,47.5,51.75,7.25,65.5,100,-3,-5.5,-2,2,25,35
5.4,45.5,49,6.25,66.5,100,-4,-5.5,-2,2,25,35
5.4,44,46.5,5.25,67.5,100,-3,-5,-2,2,25,35
5.4,42.75,44.25,4.25,68.5,100,-2.5,-4.5,-2,2,25,35
5.4,41,42,3.25,69.5,100,-3.5,-4.5,-2,2,25,35
5.4,39.75,40,2.25,70.5,100,-2.5,-4,-2,2,25,35
5.4,38.25,38.25,1.25,71.5,100,-3,-3.5,-2,2,25,35
5.4,37.25,36.75,0.25,72.5,100,-2,-3,-2,2,25,35
5.4,37,36.25,0.25,72.5,100,-0.5,-1,0,0,25,33
7.65,36.25,36.25,35.75,73,93.25,-1.5,-1.5,-1,1,0,33
9,100,36,35,100,93.25,25,-0.5,-1.5,25,0,33
9,100,36,33.75,100,93.25,25,0,-2.5,25,0,33
9,100,35.75,32,100,93.25,25,-0.5,-3.5,25,0,33
9,100,35.75,29.75,100,93.25,25,0,-4.5,25,0,33
9,100,35.25,27,100,93.25,25,-1,-5.5,25,0,33
9,100,35.25,23.75,100,93.25,25,0,-6.5,25,0,33
9,100,35.25,20,100,93.25,25,0,-7.5,25,0,33
9,100,35.25,15.75,100,93.25,25,0,-8.5,25,0,33
9,100,35.25,11,100,93.25,25,0,-9.5,25,0,33
9,100,35.25,5.75,100,93.25,25,0,-10.5,25,0,33
9,100,35.25,0,100,93.25,25,0,-11.5,25,0,33
9,100,35.25,3.75,100,6.25,25,0,-22,25,12.5,33
9,100,35.25,26,100,7.25,25,0,-8,25,22,33
9,100,35.25,22.5,100,17.75,25,0,-7,25,21,33
9,100,35.25,19.5,100,27.75,25,0,-6,25,20,33
9,100,35.25,17,100,36.25,25,0,-5,25,16.5,33
9,100,35.25,15,100,44,25,0,-4,25,15.5,33
9,100,35.25,13.5,100,51.25,25,0,-3,25,14.5,33
9,100,35.25,12.5,100,58,25,0,-2,25,13.5,33
9,100,35.25,12,100,64.25,25,0,-1,25,12.5,33
9,100,35.25,12,100,70,25,0,0,25,11.5,33
9,100,35.25,12,100,75.25,25,0,0,25,10.5,33
9,100,35.25,12,100,80,25,0,0,25,9.5,33
9,100,35.25,12,100,84.25,25,0,0,25,8.5,33
9,100,35.25,12,100,88,25,0,0,25,7.5,33
9,100,35.25,12,100,91.25,25,0,0,25,6.5,33
9,100,35.25,12,100,94,25,0,0,25,5.5,33
9,100,35.25,12,100,96.25,25,0,0,25,4.5,33
9,100,35.25,12,100,98,25,0,0,25,3.5,33
9,100,35.25,12,100,99.25,25,0,0,25,2.5,33
9,100,35.25,12,100,100,25,0,0,25,25,33
9,100,35.25,12,100,100,25,0,0,25,25,33
9,100,35.25,12,100,100,25,0,0,25,25,33
9,100,35.25,12,100,100,25,0,0,25,25,33
9,100,35.25,12,100,100,25,0,0,25,25,33
9,100,35.25,12,100,100,25,0,0,25,25,33
9,100,35.25,12,100,100,25,0,0,25,25,33
9,100,35.25,12,100,100,25,0,0,25,25,33
9,100,35.25,12,100,100,25,0,0,25,25,33
9,100,35.25,12,100,100,25,0,0,25,25,33
9,100,35.25,12,100,100,25,0,0,25,25,33
9,100,35.25,11.75,100,100,25,0,-0.5,25,25,33
9,100,35.25,11.75,100,100,25,0,0,25,25,33
9,100,35.25,11.25,100,100,25,0,-1,25,25,33
9,100,35.25,10.25,100,100,25,0,-2,25,25,33
9,100,35.25,8.75,100,100,25,0,-3,25,25,33
9,100,35.25,6.75,100,100,25,0,-4,25,25,33
9,100,35.25,4.25,100,100,25,0,-5,25,25,33
9,100,35.25,1.25,100,100,25,0,-6,25,25,33
9,100,34.25,25.25,100,3.25,25,-2,-18.5,25,9,35
9,100,33.25,16.5,100,8.25,25,-2,-17.5,25,10,35
9,100,32.25,8.25,100,13.75,25,-2,-16.5,25,11,35
9,100,31.25,0.5,100,19.75,25,-2,-15.5,25,12,35
7.65,30.25,30.25,75.75,86.5,6.75,-2,-2,-2,2,14.5,35
6.3,29.25,74.75,74.75,87.5,14.5,-2,-2,-2,2,15.5,35
5.4,28.25,73.75,91.5,88.5,6,-2,-2,-2,2,2,35
5.4,27.25,72.75,90,89.5,7.5,-2,-2,-3,2,3,35
4.05,71.75,71.75,88.25,39.75,8.5,-2,-2,-3.5,17,2,35
2.7,70.75,86.5,86.5,47.75,10,-2,-3.5,-3.5,16,3,35
1.8,69.75,84.75,100,55.25,100,-2,-3.5,25,15,25,35
1.8,68.75,82.75,100,62.25,100,-2,-4,25,14,25,35
1.8,67.75,80.25,100,68.75,100,-2,-5,25,13,25,35
1.8,66.75,78.25,100,74.75,100,-2,-4,25,12,25,35
1.8,65.75,76.75,100,80.25,100,-2,-3,25,11,25,35
1.8,64.75,75,100,85.25,100,-2,-3.5,25,10,25,35
1.8,63.75,73.25,100,89.75,100,-2,-3.5,25,9,25,35
1.8,62.75,71.25,100,93.75,100,-2,-4,25,8,25,35
1.8,61.75,69.5,100,97.25,100,-2,-3.5,25,7,25,35
1.8,60.75,67.75,100,100,100,-2,-3.5,25,25,25,35
1.8,59.5,65.5,100,100,100,-2.5,-4.5,25,25,25,35
1.8,58.5,63.75,100,100,100,-2,-3.5,25,25,25,35
1.8,57,62.25,100,100,100,-3,-3,25,25,25,35
1.8,56,61.25,100,100,100,-2,-2,25,25,25,35
1.8,55,60.25,100,100,100,-2,-2,25,25,25,35
1.8,53.75,58.75,100,100,100,-2.5,-3,25,25,25,35
1.8,52.75,57.75,100,100,100,-2,-2,25,25,25,35
1.8,51.25,56.75,100,100,100,-3,-2,25,25,25,35
1.8,50.25,55.75,100,100,100,-2,-2,25,25,25,35
1.8,49.25,54.75,100,100,100,-2,-2,25,25,25,35
1.8,48.25,53.75,100,100,100,-2,-2,25,25,25,35
1.8,46.75,52.75,100,100,100,-3,-2,25,25,25,35
1.8,45.75,51.75,100,100,100,-2,-2,25,25,25,35
1.8,44.25,50.75,100,100,100,-3,-2,25,25,25,35
1.8,42.5,49.75,100,100,100,-3.5,-2,25,25,25,35
1.8,40.25,48.75,100,100,100,-4.5,-2,25,25,25,35
1.8,38.5,47.75,100,100,100,-3.5,-2,25,25,25,35
1.8,36.5,46.75,100,100,100,-4,-2,25,25,25,35
1.8,35,45.25,100,100,100,-3,-3,25,25,25,35
1.8,34,43.25,100,100,100,-2,-4,25,25,25,35
1.8,33,40.75,100,100,100,-2,-5,25,25,25,35
3.15,32,38.5,38.5,100,96.75,-2,-4.5,-4.5,25,2,35
4.5,30.5,30.5,35.75,100,97.75,-3,-3,-5.5,25,2,35
5.4,88.5,28.5,33.5,21.25,98.75,-2,-4,-4.5,12,2,35
6.75,87.5,26,26,26.75,100,-2,-5,-5,11,25,35
8.1,86.5,86.5,23,32.75,100,-2,-2,-6,12,25,35
9,100,85.5,19.5,100,100,25,-2,-7,25,25,35
9,100,84.5,15.5,100,100,25,-2,-8,25,25,35
9,100,83.5,11,100,100,25,-2,-9,25,25,35
9,100,82.5,6,100,100,25,-2,-10,25,25,35
9,100,81.5,0.5,100,100,25,-2,-11,25,25,35
9,100,80.5,0.5,100,5.5,25,-2,-23.5,25,12,35
9,100,79.5,31.25,100,10.75,25,-2,-8,25,22.5,35
9,100,78.5,27.75,100,19,25,-2,-7,25,14,35
9,100,77.5,24.75,100,26.5,25,-2,-6,25,15,35
9,100,76.5,22.25,100,34.25,25,-2,-5,25,15.5,35
9,100,75.5,20.25,100,42.5,25,-2,-4,25,16.5,35
9,100,74.5,18.75,100,50.25,25,-2,-3,25,15.5,35
9,100,73.5,17.75,100,57.5,25,-2,-2,25,14.5,35
9,100,72.5,16.75,100,64.25,25,-2,-2,25,13.5,35
9,100,71.5,15.75,100,70.5,25,-2,-2,25,12.5,35
9,100,70.5,14.25,100,76.25,25,-2,-3,25,11.5,35
9,100,69.5,13.25,100,81.5,25,-2,-2,25,10.5,35
9,100,68.5,12.25,100,86.25,25,-2,-2,25,9.5,35
9,100,67.5,11,100,90.5,25,-2,-2.5,25,8.5,35
9,100,66,10,100,94.25,25,-3,-2,25,7.5,35
9,100,65,9,100,97.5,25,-2,-2,25,6.5,35
9,100,63.75,7.5,100,100,25,-2.5,-3,25,25,35
9,100,62.25,5.5,100,100,25,-3,-4,25,25,35
9,100,61.25,3,100,100,25,-2,-5,25,25,35
9,100,59.75,0,100,100,25,-3,-6,25,25,35
9,100,57.75,26.5,100,3.5,25,-4,-19.5,25,7,35
9,100,55.25,17,100,7.5,25,-5,-19,25,8,35
9,100,52.25,7.75,100,12,25,-6,-18.5,25,9,35
7.65,48.75,48.75,55.25,100,1.5,-7,-7,-4,25,18.5,35
6.3,44.75,53.75,53.75,100,11.25,-8,-3,-3,25,19.5,35
5.4,40.25,52.75,50.5,100,24,-9,-2,-11.5,25,8.5,35
5.4,35.75,51.75,44.25,100,27.75,-9,-2,-12.5,25,7.5,35
5.4,31,50.75,37.5,100,31.25,-9.5,-2,-13.5,25,7,35
5.4,26,49.75,30.25,100,34.75,-10,-2,-14.5,25,7,35
5.4,21.5,48.75,22.5,100,37.75,-9,-2,-15.5,25,6,35
5.4,17.25,47.75,14.25,100,40.5,-8.5,-2,-16.5,25,5.5,35
5.4,12.5,46.75,5.5,100,43.75,-9.5,-2,-17.5,25,6.5,35
5.4,8.25,45.75,26.25,100,3.75,-8.5,-2,-18,25,18.5,35
5.4,4.25,44.75,17.75,100,13.5,-8,-2,-17,25,19.5,35
5.4,0.5,43.75,9.75,100,23.75,-7.5,-2,-16,25,20.5,35
5.4,80.25,42.75,2.25,2.75,33.75,-2,-2,-15,6.5,20,35
5.4,79.25,41.75,74.5,6.5,4.75,-2,-2,-5.5,7.5,14,35
6.75,78.25,40.75,40.75,9.75,87,-2,-2,-2,6.5,4.5,35
8.1,77.25,77.25,39.75,13.5,88.75,-2,-2,-2,7.5,3.5,35
9,100,76.25,38.75,100,90,25,-2,-2,25,2.5,35
9,100,75.25,37.75,100,91,25,-2,-2,25,2,35
9,100,73.75,36.75,100,92,25,-3,-2,25,2,35
9,100,72.75,35.75,100,93,25,-2,-2,25,2,35
9,100,71.75,34.75,100,94,25,-2,-2,25,2,35
9,100,70.75,33.75,100,95,25,-2,-2,25,2,35
9,100,69.75,32.75,100,96,25,-2,-2,25,2,35
9,100,68.5,31.75,100,97,25,-2.5,-2,25,2,35
9,100,67,30.75,100,98,25,-3,-2,25,2,35
9,100,65.75,29.75,100,99,25,-2.5,-2,25,2,35
9,100,64.75,28.75,100,100,25,-2,-2,25,25,35
9,100,63.25,27.75,100,100,25,-3,-2,25,25,35
9,100,61.25,26.75,100,100,25,-4,-2,25,25,35
9,100,58.75,25.75,100,100,25,-5,-2,25,25,35
9,100,55.75,24.75,100,100,25,-6,-2,25,25,35
9,100,53.25,24.75,100,100,25,-5,0,25,25,33
9,100,49.25,23.75,100,100,25,-8,-2,25,25,35
9,100,44.75,22.75,100,100,25,-9,-2,25,25,35
7.65,39.75,39.75,21.75,87.5,100,-10,-10,-2,2,25,35
6.3,34.25,20.75,20.75,88.5,100,-11,-2,-2,2,25,35
5.4,28.25,19.75,36.5,89.5,63.5,-12,-2,-2,2,8,35
4.05,18.25,18.25,35.25,100,67,-3,-3,-2.5,25,7,35
2.7,16.5,34.25,34.25,100,70,-3.5,-2,-2,25,6,35
2.7,15.25,34.25,34.25,100,71.75,-2.5,0,0,25,3.5,33
1.8,14.25,34,100,100,100,-2,-0.5,25,25,25,33
1.8,13.75,34.75,100,100,100,-1,1.5,25,25,25,31
1.8,12.75,35.5,100,100,100,-2,1.5,25,25,25,31
1.8,10.25,35,100,100,100,-5,-1,25,25,25,33
1.8,6.25,34,100,100,100,-8,-2,25,25,25,35
1.8,1.75,32.75,100,100,100,-9,-2.5,25,25,25,35
1.8,15.5,31.5,100,3.25,100,-19.5,-2.5,25,10,25,35
1.8,6.25,30,100,8.75,100,-18.5,-3,25,11,25,35
3.15,80.25,28,28,2.5,83,-2,-4,-4,17.5,2,35
4.5,79,79,26.25,11.75,84,-2.5,-2.5,-3.5,18.5,2,35
5.4,27.25,77.25,24.25,66.25,85,-2,-3.5,-4,10.5,2,35
5.4,26.25,75,22.75,71,86,-2,-4.5,-3,9.5,2,35
5.4,25.25,73,21.75,75.25,87,-2,-4,-2,8.5,2,35
5.4,24.25,70.5,20.25,79,88,-2,-5,-3,7.5,2,35
5.4,23.25,67.5,19,82.25,89,-2,-6,-2.5,6.5,2,35
5.4,22.25,64.75,18,85,90,-2,-5.5,-2,5.5,2,35
5.4,21.25,62.5,16.5,87.25,91,-2,-4.5,-3,4.5,2,35
5.4,20.25,60.5,15,89,92,-2,-4,-3,3.5,2,35
5.4,19.25,58.25,13.75,90.25,93,-2,-4.5,-2.5,2.5,2,35
5.4,18.25,55.75,12,91.25,94,-2,-5,-3.5,2,2,35
5.4,17.25,53.5,9.75,92.25,95,-2,-4.5,-4.5,2,2,35
5.4,16.25,50.75,8,93.25,96,-2,-5.5,-3.5,2,2,35
5.4,15.25,47.5,5.75,94.25,97,-2,-6.5,-4.5,2,2,35
5.4,14.25,43.75,3,95.25,98,-2,-7.5,-5.5,2,2,35
5.4,13.25,39.5,58.75,96.25,0.25,-2,-8.5,-6,2,6.5,35
5.4,12.25,35,56.25,97.25,3.5,-2,-9,-5,2,6.5,35
4.05,31,31,54,100,7,-8,-8,-4.5,25,7,35
2.7,26.5,51.75,51.75,100,11,-9,-4.5,-4.5,25,8,35
1.8,21.5,50,100,100,100,-10,-3.5,25,25,25,35
1.8,16.5,48.5,100,100,100,-10,-3,25,25,25,35
1.8,11.75,47.25,100,100,100,-9.5,-2.5,25,25,25,35
1.8,6.5,45.5,100,100,100,-10.5,-3.5,25,25,25,35
1.8,0.75,44.25,100,100,100,-11.5,-2.5,25,25,25,35
1.8,44.25,43.25,100,4.5,100,-11.5,-2,25,10.5,25,35
1.8,38.25,42.25,100,10.25,100,-12,-2,25,11.5,25,35
1.8,32.5,41.25,100,16.5,100,-11.5,-2,25,12.5,25,35
1.8,26.25,40.25,100,22.25,100,-12.5,-2,25,11.5,25,35
1.8,19.5,39.25,100,27.5,100,-13.5,-2,25,10.5,25,35
1.8,12.25,37.75,100,33.25,100,-14.5,-3,25,11.5,25,35
1.8,4.5,36.75,100,39.5,100,-15.5,-2,25,12.5,25,35
1.8,27.25,35.75,100,3.75,100,-19.5,-2,25,16.5,25,35
1.8,18,34.75,100,12.5,100,-18.5,-2,25,17.5,25,35
1.8,9.25,33.75,100,21.75,100,-17.5,-2,25,18.5,25,35
1.8,1,32.75,100,31.5,100,-16.5,-2,25,19.5,25,35
3.15,57,31.75,31.75,6.75,83,-7,-2,-2,15.5,2,35
4.5,53,53,30.25,15,84,-8,-8,-3,16.5,2,35
5.4,96.5,49.5,28.25,8.75,85,-2,-7,-4,2,2,35
6.75,95.5,46.5,46.5,9.75,33,-2,-6,-6,2,18.5,35
8.1,94.5,94.5,44,11.25,41.75,-2,-2,-5,3,17.5,35
9,100,93.5,42,100,50,25,-2,-4,25,16.5,35
9,100,92.5,39.5,100,57.75,25,-2,-5,25,15.5,35
9,100,91.5,37.5,100,65,25,-2,-4,25,14.5,35
9,100,90.5,36,100,71.75,25,-2,-3,25,13.5,35
9,100,89.5,34.25,100,78,25,-2,-3.5,25,12.5,35
9,100,88.5,33,100,83.75,25,-2,-2.5,25,11.5,35
9,100,87.5,32,100,89,25,-2,-2,25,10.5,35
9,100,86.5,30.75,100,93.75,25,-2,-2.5,25,9.5,35
9,100,85.5,29,100,98,25,-2,-3.5,25,8.5,35
9,100,84.5,27.75,100,100,25,-2,-2.5,25,25,35
9,100,83.5,26,100,100,25,-2,-3.5,25,25,35
9,100,82.5,24.75,100,100,25,-2,-2.5,25,25,35
9,100,81.5,23.75,100,100,25,-2,-2,25,25,35
9,100,80.5,22.75,100,100,25,-2,-2,25,25,35
9,100,79.5,21.75,100,100,25,-2,-2,25,25,35
9,100,78.5,20.5,100,100,25,-2,-2.5,25,25,35
9,100,77.5,19.25,100,100,25,-2,-2.5,25,25,35
9,100,76.5,18.25,100,100,25,-2,-2,25,25,35
9,100,75.5,16.75,100,100,25,-2,-3,25,25,35
9,100,74.5,15.75,100,100,25,-2,-2,25,25,35
9,100,73.5,14.75,100,100,25,-2,-2,25,25,35
9,100,72.5,13.5,100,100,25,-2,-2.5,25,25,35
9,100,71.5,12.5,100,100,25,-2,-2,25,25,35
9,100,70.5,11.5,100,100,25,-2,-2,25,25,35
9,100,69.5,10.25,100,100,25,-2,-2.5,25,25,35
9,100,68.5,9,100,100,25,-2,-2.5,25,25,35
9,100,67.5,7.5,100,100,25,-2,-3,25,25,35
9,100,66.5,6.5,100,100,25,-2,-2,25,25,35
9,100,65.5,5.25,100,100,25,-2,-2.5,25,25,35
9,100,64.5,4.25,100,100,25,-2,-2,25,25,35
9,100,63.5,3.25,100,100,25,-2,-2,25,25,35
9,100,62.5,2.25,100,100,25,-2,-2,25,25,35
9,100,61.5,0.75,100,100,25,-2,-3,25,25,35
9,100,60.5,98,100,0.25,25,-2,-2.5,25,2,35
9,100,59.5,96.75,100,1.75,25,-2,-2.5,25,3,35
9,100,58.5,95.75,100,2.75,25,-2,-2,25,2,35
9,100,57.5,94.5,100,3.75,25,-2,-2.5,25,2,35
9,100,56.5,93,100,4.75,25,-2,-3,25,2,35
9,100,55.5,92,100,5.75,25,-2,-2,25,2,35
9,100,54.5,90.75,100,7,25,-2,-2.5,25,2.5,35
9,100,53.5,89.75,100,8,25,-2,-2,25,2,35
7.65,52.5,52.5,88.75,100,9,-2,-2,-2,25,2,35
6.3,51.5,87.75,87.75,100,10.5,-2,-2,-2,25,3,35
5.4,50.5,86.5,44.25,100,2.25,-2,-2.5,-11.5,25,9,35
5.4,49.5,85,39,100,7.25,-2,-3,-10.5,25,10,35
5.4,48.5,83.25,34.25,100,12.75,-2,-3.5,-9.5,25,11,35
5.4,47.5,82,30,100,18.75,-2,-2.5,-8.5,25,12,35
5.4,46.5,80.75,26.25,100,24.75,-2,-2.5,-7.5,25,12,35
5.4,45.5,79,23,100,30.25,-2,-3.5,-6.5,25,11,35
5.4,44.25,77.75,20.25,100,35.75,-2.5,-2.5,-5.5,25,11,35
5.4,43,76.75,17,100,41,-2.5,-2,-6.5,25,10.5,35
5.4,41.5,75.75,13.5,100,45.75,-3,-2,-7,25,9.5,35
5.4,40.25,74.75,10.5,100,50,-2.5,-2,-6,25,8.5,35
5.4,38.75,73.75,7.75,100,53.75,-3,-2,-5.5,25,7.5,35
5.4,37.5,72.75,5.25,100,57.25,-2.5,-2,-5,25,7,35
5.4,35.75,71.75,3,100,61,-3.5,-2,-4.5,25,7.5,35
5.4,33.5,70.25,1.25,100,65.25,-4.5,-3,-3.5,25,8.5,35
5.4,30.75,69.25,54.75,100,1,-5.5,-2,-16,25,4.5,35
5.4,27.5,67.75,46.25,100,3.75,-6.5,-3,-17,25,5.5,35
5.4,24.25,65.75,37.25,100,7,-6.5,-4,-18,25,6.5,35
5.4,21,64.25,27.75,100,10.75,-6.5,-3,-19,25,7.5,35
5.4,17.5,62.25,17.75,100,15,-7,-4,-20,25,8.5,35
5.4,14.5,60.25,7.25,100,19.75,-6,-4,-21,25,9.5,35
5.4,11.75,58.25,38.25,100,2.75,-5.5,-4,-7.5,25,20,35
5.4,9,55.75,34,100,13,-5.5,-5,-8.5,25,20.5,35
5.4,5.75,53.5,30.25,100,22.75,-6.5,-4.5,-7.5,25,19.5,35
5.4,2.5,51.25,27,100,32,-6.5,-4.5,-6.5,25,18.5,35
5.4,73.75,48.75,24,1.25,40.75,-2,-5,-6,7.5,17.5,35
5.4,72.75,46.5,21.25,5,49,-2,-4.5,-5.5,7.5,16.5,35
6.75,71.75,44.25,44.25,8.5,87.5,-2,-4.5,-4.5,7,2,35
8.1,70.75,70.75,42,12.5,88.5,-2,-2,-4.5,8,2,35
9,100,69.75,40.25,100,89.5,25,-2,-3.5,25,2,35
9,100,68.75,38.5,100,90.5,25,-2,-3.5,25,2,35
9,100,67.75,36.5,100,91.5,25,-2,-4,25,2,35
9,100,66.75,34.75,100,92.5,25,-2,-3.5,25,2,35
9,100,65.75,32.5,100,93.5,25,-2,-4.5,25,2,35
9,100,64.75,30.5,100,94.5,25,-2,-4,25,2,35
9,100,63.75,29,100,95.5,25,-2,-3,25,2,35
9,100,62.75,28,100,96.5,25,-2,-2,25,2,35
9,100,61.75,27,100,97.5,25,-2,-2,25,2,35
9,100,60.75,25.5,100,98.5,25,-2,-3,25,2,35
9,100,59.75,24.25,100,99.5,25,-2,-2.5,25,2,35
9,100,58.75,22.5,100,100,25,-2,-3.5,25,25,35
9,100,57.75,21,100,100,25,-2,-3,25,25,35
9,100,56.75,19.75,100,100,25,-2,-2.5,25,25,35
9,100,55.75,18.75,100,100,25,-2,-2,25,25,35
9,100,54.75,17.75,100,100,25,-2,-2,25,25,35
9,100,53.75,16.75,100,100,25,-2,-2,25,25,35
9,100,52.75,15.25,100,100,25,-2,-3,25,25,35
9,100,51.75,13.25,100,100,25,-2,-4,25,25,35
9,100,50.75,10.75,100,100,25,-2,-5,25,25,35
9,100,49.75,7.75,100,100,25,-2,-6,25,25,35
9,100,48.75,4.25,100,100,25,-2,-7,25,25,35
9,100,47.75,0.25,100,100,25,-2,-8,25,25,35
9,100,46.75,40.25,100,4.25,25,-2,-15,25,9,35
9,100,45.75,32.25,100,9.25,25,-2,-16,25,10,35
9,100,44.75,23.75,100,14.75,25,-2,-17,25,11,35
9,100,43.75,14.75,100,20.75,25,-2,-18,25,12,35
9,100,42.75,5.25,100,27.25,25,-2,-19,25,13,35
9,100,41.75,25.25,100,4.75,25,-2,-12.5,25,20,35
9,100,40.75,19.5,100,15,25,-2,-11.5,25,20.5,35
9,100,39.75,14.25,100,25.5,25,-2,-10.5,25,21,35
9,100,38.75,9.5,100,36.5,25,-2,-9.5,25,22,35
9,100,37.75,5.25,100,47,25,-2,-8.5,25,21,35
9,100,36.75,1.5,100,57,25,-2,-7.5,25,20,35
9,100,35.75,100,100,1.75,25,-2,25,25,6.5,35
9,100,34.75,100,100,4.5,25,-2,25,25,5.5,35
7.65,33.75,33.75,100,100,6.75,-2,-2,25,25,4.5,35
6.3,32.75,99.25,99.25,100,9.5,-2,-2,-2,25,5.5,35
5.4,31.75,98.25,27,100,14,-2,-2,-14,25,10.5,35
5.4,30.75,97.25,20,100,19.75,-2,-2,-14,25,11.5,35
5.4,29.75,96.25,13,100,26,-2,-2,-14,25,12.5,35
5.4,28.75,95.25,5.5,100,32.75,-2,-2,-15,25,13.5,35
5.4,27.75,94.25,48.25,100,1.5,-2,-2,-11,25,14,35
5.4,26.75,93.25,42.25,100,8.75,-2,-2,-12,25,14.5,35
5.4,25.75,92.25,36.75,100,16.5,-2,-2,-11,25,15.5,35
5.4,24.75,91.25,31.75,100,23.75,-2,-2,-10,25,14.5,35
5.4,23.75,90.25,26.75,100,31,-2,-2,-10,25,14.5,35
5.4,22.75,89.25,22.25,100,38,-2,-2,-9,25,14,35
5.4,21.75,88.25,17.75,100,45.25,-2,-2,-9,25,14.5,35
5.4,20.75,87.25,13,100,52,-2,-2,-9.5,25,13.5,35
5.4,19.75,86.25,8,100,58.25,-2,-2,-10,25,12.5,35
5.4,18.75,85.25,2.75,100,64.5,-2,-2,-10.5,25,12.5,35
5.4,17.75,84.25,55.5,100,2,-2,-2,-17,25,9.5,35
5.4,16.75,83.25,46.5,100,7.25,-2,-2,-18,25,10.5,35
5.4,15.75,82.25,37,100,12.25,-2,-2,-19,25,10,35
5.4,14.75,81.25,27,100,17.75,-2,-2,-20,25,11,35
5.4,13.75,80.25,16.5,100,23.75,-2,-2,-21,25,12,35
5.4,12.75,79.25,5.5,100,30.25,-2,-2,-22,25,13,35
5.4,11.75,78.25,32.25,100,5.75,-2,-2,-13,25,22.5,35
5.4,10.75,77.25,26.25,100,16.5,-2,-2,-12,25,21.5,35
5.4,9.75,75.75,20.75,100,26.75,-2,-3,-11,25,20.5,35
5.4,8.75,74.25,15.75,100,36.5,-2,-3,-10,25,19.5,35
5.4,7.75,72.75,11.25,100,45.75,-2,-3,-9,25,18.5,35
5.4,6.75,71.25,7.25,100,54.5,-2,-3,-8,25,17.5,35
5.4,5.75,70.25,3.75,100,62.75,-2,-2,-7,25,16.5,35
5.4,4.75,69,0.75,100,70.5,-2,-2.5,-6,25,15.5,35
5.4,3.75,68,100,100,1.75,-2,-2,25,25,5,35
5.4,2.75,66.75,100,100,3.75,-2,-2.5,25,25,4,35
5.4,1.75,65.75,100,100,5.25,-2,-2,25,25,3,35
5.4,0.75,64.25,100,100,6.25,-2,-3,25,25,2,35
5.4,100,63,98.25,0.25,7.25,25,-2.5,-7,2,2,35
5.4,100,62,94.25,1.25,8.25,25,-2,-8,2,2,35
5.4,100,60.75,89.75,2.25,9.25,25,-2.5,-9,2,2,35
5.4,100,59.25,84.75,3.25,10.25,25,-3,-10,2,2,35
5.4,100,57.75,79.25,4.25,11.25,25,-3,-11,2,2,35
5.4,100,56.75,73.25,5.25,12.25,25,-2,-12,2,2,35
5.4,98.5,55.75,66.75,6.25,13.5,-8,-2,-13,2,2.5,35
5.4,94,54.75,59.75,7.25,14.75,-9,-2,-14,2,2.5,35
5.4,89,53.75,53.25,8.25,16.5,-10,-2,-13,2,3.5,35
5.4,83.5,52.75,46.25,9.25,18.75,-11,-2,-14,2,4.5,35
5.4,77.5,51.75,38.75,10.75,20.5,-12,-2,-15,3,3.5,35
5.4,71,50.75,30.75,12.75,22.75,-13,-2,-16,4,4.5,35
5.4,64,49.75,23.25,14.25,25.5,-14,-2,-15,3,5.5,35
5.4,56.5,48.25,16.25,16.25,28.75,-15,-3,-14,4,6.5,35
5.4,48.5,47,9.75,18.5,32.5,-16,-2.5,-13,4.5,7.5,35
5.4,40,45.75,3.75,21.25,36.75,-17,-2.5,-12,5.5,8.5,35
5.4,31,44,89.75,24.5,1.75,-18,-3.5,-2,6.5,11,35
4.05,41.75,41.75,88.75,100,6.75,-4.5,-4.5,-2,25,10,35
2.7,39.75,87.75,87.75,100,12.25,-4,-2,-2,25,11,35
1.8,38,86.25,100,100,100,-3.5,-3,25,25,25,35
1.8,36.5,85.25,100,100,100,-3,-2,25,25,25,35
1.8,34.75,84.25,100,100,100,-3.5,-2,25,25,25,35
1.8,33.25,83,100,100,100,-3,-2.5,25,25,25,35
1.8,31.25,81.75,100,100,100,-4,-2.5,25,25,25,35
1.8,28.75,80.25,100,100,100,-5,-3,25,25,25,35
1.8,25.75,79.25,100,100,100,-6,-2,25,25,25,35
1.8,22.25,78,100,100,100,-7,-2.5,25,25,25,35
1.8,18.25,77,100,100,100,-8,-2,25,25,25,35
1.8,13.75,75.5,100,100,100,-9,-3,25,25,25,35
1.8,8.75,73.5,100,100,100,-10,-4,25,25,25,35
1.8,3.25,71.75,100,100,100,-11,-3.5,25,25,25,35
1.8,38,70.25,100,2.75,100,-9.5,-3,25,12,25,35
1.8,33.75,68.75,100,9.25,100,-8.5,-3,25,13,25,35
1.8,30,67.75,100,16.25,100,-7.5,-2,25,14,25,35
1.8,26.75,66.75,100,23.75,100,-6.5,-2,25,15,25,35
1.8,24,65.75,100,31.75,100,-5.5,-2,25,16,25,35
1.8,21.75,64.75,100,39.75,100,-4.5,-2,25,16,25,35
1.8,20,63.75,100,47.25,100,-3.5,-2,25,15,25,35
1.8,18.25,62.75,100,54.25,100,-3.5,-2,25,14,25,35
1.8,17,61.5,100,60.75,100,-2.5,-2.5,25,13,25,35
1.8,16,59.75,100,66.75,100,-2,-3.5,25,12,25,35
1.8,14.75,57.5,100,72.25,100,-2.5,-4.5,25,11,25,35
1.8,13,55,100,77.25,100,-3.5,-5,25,10,25,35
1.8,11.25,52.25,100,81.75,100,-3.5,-5.5,25,9,25,35
1.8,9.5,49.5,100,85.75,100,-3.5,-5.5,25,8,25,35
1.8,7.5,47.25,100,89.25,100,-4,-4.5,25,7,25,35
1.8,6,45,100,92.25,100,-3,-4.5,25,6,25,35
1.8,5,43.25,100,94.75,100,-2,-3.5,25,5,25,35
1.8,3.5,42,100,96.75,100,-3,-2.5,25,4,25,35
1.8,1.5,41,100,98.25,100,-4,-2,25,3,25,35
1.8,21.5,40,100,1,100,-24,-2,25,5,25,35
1.8,10,39,100,4,100,-23,-2,25,6,25,35
1.8,40.75,38,100,1,100,-16.5,-2,25,22,25,35
1.8,33,36.5,100,11.5,100,-15.5,-3,25,8,25,35
1.8,25,35,100,16,100,-16,-3,25,9,25,35
1.8,17.5,33.25,100,21,100,-15,-3.5,25,10,25,35
1.8,10.5,32,100,26.5,100,-14,-2.5,25,11,25,35
1.8,4,30.25,100,32.5,100,-13,-3.5,25,12,25,35
1.8,79,29,100,2,100,-2,-2.5,25,12,25,35
1.8,78,27.25,100,7.5,100,-2,-3.5,25,11,25,35
1.8,77,26,100,12.5,100,-2,-2.5,25,10,25,35
1.8,76,24.75,100,17,100,-2,-2.5,25,9,25,35
1.8,75,23.5,100,21,100,-2,-2.5,25,8,25,35
1.8,74,22.5,100,24.5,100,-2,-2,25,7,25,35
1.8,73,21.5,100,27.5,100,-2,-2,25,6,25,35
3.15,72,20.25,20.25,30,100,-2,-2.5,-2.5,5,25,35
4.5,71,71,18.75,33,100,-2,-2,-3,6,25,35
5.4,82.5,70,17.75,6.75,100,-3.5,-2,-2,5.5,25,35
5.4,80.25,69,16.75,9,100,-4.5,-2,-2,4.5,25,35
5.4,77.5,68,15.75,11.25,100,-5.5,-2,-2,4.5,25,35
5.4,74.75,67,14.25,14,100,-5.5,-2,-3,5.5,25,35
5.4,71.5,66,13.25,16.25,100,-6.5,-2,-2,4.5,25,35
5.4,67.75,65,12.25,18.25,100,-7.5,-2,-2,4,25,35
5.4,63.5,64,11.25,20.25,100,-8.5,-2,-2,4,25,35
5.4,58.75,63,10,21.75,100,-9.5,-2,-2.5,3,25,35
5.4,53.5,62,9,23,100,-10.5,-2,-2,2.5,25,35
5.4,47.75,61,8,24,100,-11.5,-2,-2,2,25,35
5.4,41.5,60,7,25,100,-12.5,-2,-2,2,25,35
5.4,34.75,59,6,26,100,-13.5,-2,-2,2,25,35
5.4,27.5,58,5,27.5,100,-14.5,-2,-2,3,25,35
5.4,19.75,57,4,29.5,100,-15.5,-2,-2,4,25,35
5.4,11.5,55.5,2.75,32,100,-16.5,-3,-2.5,5,25,35
5.4,2.75,54.5,1.75,35,100,-17.5,-2,-2,6,25,35
5.4,20.5,53.5,0.75,2.25,100,-16.5,-2,-2,25,25,35
5.4,12.75,52.5,98.5,15.25,0.25,-15.5,-2,-2,26,2,35
5.4,5.5,51,97.5,26.5,1.25,-14.5,-3,-2,20.5,2,35
5.4,86.25,50,96.5,1.25,2.25,-3,-2,-2,13.5,2,35
6.75,84.5,48.5,48.5,7.5,85.75,-3.5,-3,-3,12.5,2,35
8.1,82.25,82.25,47.5,14.25,86.75,-4.5,-4.5,-2,13.5,2,35
9,100,80.5,46.5,100,87.75,25,-3.5,-2,25,2,35
9,100,79,45.25,100,88.75,25,-3,-2.5,25,2,35
9,100,77.25,43.75,100,89.75,25,-3.5,-3,25,2,35
9,100,76,42,100,90.75,25,-2.5,-3.5,25,2,35
9,100,74.25,40.75,100,91.75,25,-3.5,-2.5,25,2,35
9,100,73,39.75,100,92.75,25,-2.5,-2,25,2,35
9,100,71.75,38.25,100,93.75,25,-2.5,-3,25,2,35
9,100,70.75,37.25,100,94.75,25,-2,-2,25,2,35
9,100,69.75,36.25,100,95.75,25,-2,-2,25,2,35
9,100,68.75,35.25,100,96.75,25,-2,-2,25,2,35
9,100,67.75,34.25,100,97.75,25,-2,-2,25,2,35
9,100,66.75,32.75,100,98.75,25,-2,-3,25,2,35
9,100,65.75,31.5,100,99.75,25,-2,-2.5,25,2,35
9,100,64.25,30,100,100,25,-3,-3,25,25,35
9,100,62.25,28.25,100,100,25,-4,-3.5,25,25,35
9,100,59.75,26.75,100,100,25,-5,-3,25,25,35
9,100,56.75,25.25,100,100,25,-6,-3,25,25,35
9,100,53.25,23.5,100,100,25,-7,-3.5,25,25,35
9,100,50.25,22.25,100,100,25,-6,-2.5,25,25,33
9,100,46.75,20.5,100,100,25,-7,-3.5,25,25,33
9,100,43.75,19.25,100,100,25,-6,-2.5,25,25,31
9,100,41.25,18.5,100,100,25,-5,-1.5,25,25,29
9,100,39.25,18.25,100,100,25,-4,-0.5,25,25,27
9,100,37.75,18.5,100,100,25,-3,0.5,25,25,25
9,100,36.75,19.25,100,100,25,-2,1.5,25,25,23
9,100,36.25,20.5,100,100,25,-1,2.5,25,25,21
9,100,35.25,21.25,100,100,25,-2,1.5,25,25,21
9,100,33.75,21.5,100,78,25,-3,0.5,25,-12,21
7.65,31.75,31.75,21.25,100,72,-4,-4,-0.5,25,-12,21
6.3,29.25,20.5,20.5,100,66,-5,-1.5,-1.5,25,-12,21
5.4,26.25,19.25,28,100,52.25,-6,-2.5,12,25,-12,21
4.05,17.5,17.5,34,54,46.5,-3.5,-3.5,12,-12,-11.5,21
2.7,15.25,40,40,48,41.25,-4.5,12,12,-12,-10.5,21
2.7,11.5,45,45,43.5,37.5,-7.5,10,10,-9,-7.5,23
2.7,6.25,49,49,40.5,35.25,-10.5,8,8,-6,-4.5,25
2.7,13,52,52,0.5,34.5,-9.5,6,6,13.5,-1.5,27
2.7,7.75,54,54,8.75,35.25,-10.5,4,4,16.5,1.5,29
2.7,2,55,55,18.5,37.5,-11.5,2,2,19.5,4.5,31
2.7,76.5,55,55,4.25,41,-3.5,0,0,12.5,7,33
4.05,74.25,74.25,55,11,44,-4.5,-4.5,0,13.5,6,33
5.4,31.5,72.5,55,32.75,46.5,-6,-3.5,0,13.5,5,33
5.4,28,70.25,54,40,49.5,-7,-4.5,-2,14.5,6,35
5.4,25,68.5,53,46.75,52,-6,-3.5,-2,13.5,5,35
5.4,22.5,66.5,52,53,54,-5,-4,-2,12.5,4,35
5.4,20.5,65,51,58.75,55.5,-4,-3,-2,11.5,3,35
5.4,19,63.5,50,64,56.5,-3,-3,-2,10.5,2,35
5.4,18,62.5,49,68.75,57.5,-2,-2,-2,9.5,2,35
5.4,17,61,48,73,58.5,-2,-3,-2,8.5,2,35
5.4,16,59,47,76.75,59.5,-2,-4,-2,7.5,2,35
5.4,15,57.5,46,80,60.5,-2,-3,-2,6.5,2,35
5.4,14,55.5,45,82.75,61.5,-2,-4,-2,5.5,2,35
5.4,13,54,44,85,62.5,-2,-3,-2,4.5,2,35
5.4,12,52,43,86.75,63.5,-2,-4,-2,3.5,2,35
5.4,11,50.5,41.5,88,64.5,-2,-3,-3,2.5,2,35
5.4,10,49.5,40.5,89,65.5,-2,-2,-2,2,2,35
5.4,9,48.25,39,90,66.5,-2,-2.5,-3,2,2,35
5.4,8,46.75,37,91,67.5,-2,-3,-4,2,2,35
5.4,7,45.75,35.25,92.5,68.5,-2,-2,-3.5,3,2,35
5.4,6,44.75,34,93.5,69.5,-2,-2,-2.5,2,2,35
5.4,5,43.75,33,94.5,70.5,-2,-2,-2,2,2,35
5.4,4,42.5,32,95.5,71.5,-2,-2.5,-2,2,2,35
5.4,3,41.5,31,96.5,72.5,-2,-2,-2,2,2,35
5.4,2,40.5,30,97.5,73.5,-2,-2,-2,2,2,35
5.4,1,39.5,28.5,98.5,74.5,-2,-2,-3,2,2,35
5.4,0,38.5,26.5,99.5,75.5,-2,-2,-4,2,2,35
5.4,100,37.5,24,1,76.5,25,-2,-5,2,2,35
5.4,100,36,21,2,77.5,25,-3,-6,2,2,35
5.4,100,35,17.5,3,78.75,25,-2,-7,2,2.5,35
5.4,100,34,13.5,4,80,25,-2,-8,2,2.5,35
5.4,100,32.5,9,5,81,25,-3,-9,2,2,35
5.4,100,30.5,4,6,82.5,25,-4,-10,2,3,35
5.4,100,28,11.25,7,1.5,25,-5,-20,2,11,35
5.4,100,25,1.75,8,7.5,25,-6,-19,2,12,35
6.75,100,21.5,21.5,9,100,25,-7,-7,2,25,35
8.1,100,100,17.5,10.5,100,25,25,-8,3,25,35
9,100,100,13,100,100,25,25,-9,25,25,35
9,100,100,8,100,100,25,25,-10,25,25,35
9,100,100,2.5,100,100,25,25,-11,25,25,35
9,100,100,11.25,100,3.5,25,25,-22.5,25,12,35
9,100,100,0,100,10,25,25,-22.5,25,13,35
9,100,100,30.25,100,11,25,25,-9,25,22,35
9,100,100,26.25,100,21.5,25,25,-8,25,21,35
9,100,100,22.75,100,31.5,25,25,-7,25,20,35
9,100,100,19.75,100,41,25,25,-6,25,17,35
9,100,100,17.25,100,49,25,25,-5,25,16,35
9,100,100,15.25,100,56.5,25,25,-4,25,15,35
9,100,100,13.75,100,63.5,25,25,-3,25,14,35
9,100,100,12.75,100,70,25,25,-2,25,13,35
9,100,100,11.75,100,76,25,25,-2,25,12,35
9,100,100,10.5,100,81.5,25,25,-2.5,25,11,35
9,100,100,9.5,100,86.5,25,25,-2,25,10,35
9,100,100,8.25,100,91,25,-2,-2.5,25,9,35
9,100,99,7.25,100,95,25,-2,-2,25,8,35
9,100,98,6.25,100,98.5,25,-2,-2,25,7,35
9,100,97,4.75,100,100,25,-2,-3,25,25,35
9,100,96,2.75,100,100,25,-2,-4,25,25,35
9,100,95,0.25,100,100,25,-2,-5,25,25,35
9,100,94,46.75,100,2.75,25,-2,-9,25,6,35
9,100,93,42.75,100,6.25,25,-2,-8,25,7,35
9,100,92,38.5,100,10.25,25,-2,-8.5,25,8,35
9,100,90.5,34.25,100,14.75,25,-3,-8.5,25,9,35
9,100,89.5,30.5,100,19.75,25,-2,-7.5,25,10,35
9,100,88.5,26.75,100,24.5,25,-2,-7.5,25,9.5,35
9,100,87.5,22.5,100,29.5,25,-2,-8.5,25,10,35
9,100,86.5,18.25,100,34,25,-2,-8.5,25,9,35
9,100,85.5,14,100,38,25,-2,-8.5,25,8,35
9,100,84,9.75,100,42.5,25,-3,-8.5,25,9,35
9,100,83,5,100,46.75,25,-2,-9.5,25,8.5,35
9,100,81.5,0.5,100,51.5,25,-3,-9,25,9.5,35
9,100,80.5,72.5,100,4.5,25,-2,-8.5,25,10,35
9,100,79.5,68.5,100,9,25,-2,-8,25,9,35
9,100,78.5,64,100,13,25,-2,-9,25,8,35
9,100,77.5,60,100,17.25,25,-2,-8,25,8.5,35
9,100,76,56.5,100,21.25,25,-3,-7,25,8,35
9,100,74.75,53.5,100,25.75,25,-2.5,-6,25,9,35
9,100,73.5,51,100,29.75,25,-2.5,-5,25,8,35
9,100,72.5,48.5,100,33.25,25,-2,-5,25,7,35
9,100,71.25,46.5,100,36.25,25,-2.5,-4,25,6,35
9,100,70.25,44.5,100,38.75,25,-2,-4,25,5,35
9,100,69.25,43,100,41.75,25,-2,-3,25,6,35
9,100,68.25,41.75,100,44.5,25,-2,-2.5,25,5.5,35
9,100,67.25,40.5,100,47,25,-2,-2.5,25,5,35
9,100,66.25,39.5,100,49.25,25,-2,-2,25,4.5,35
9,100,65.25,38,100,52,25,-2,-3,25,5.5,35
9,100,63.75,36.25,100,54.25,25,-3,-3.5,25,4.5,35
9,100,61.75,34.5,100,56.75,25,-4,-3.5,25,5,35
9,100,59.25,33,100,58.75,25,-5,-3,25,4,35
9,100,56.25,31.75,100,61.25,25,-6,-2.5,25,5,35
9,100,52.75,30.25,100,63.25,25,-7,-3,25,4,35
9,100,48.75,28.25,100,64.75,25,-8,-4,25,3,35
9,100,44.25,26.75,100,66.75,25,-9,-3,25,4,35
9,100,39.25,25.75,100,68.25,25,-10,-2,25,3,35
9,100,34.75,25.25,100,68.5,25,-9,-1,25,0.5,33
9,100,29.75,25.25,100,68.5,25,-10,0,25,0,33
9,100,25.25,26.25,100,67.75,25,-9,2,25,-1.5,31
7.65,20.25,20.25,27,100,67.25,-10,-10,1.5,25,-1,31
6.3,14.75,28,28,100,66.5,-11,2,2,25,-1.5,31
5.4,8.75,28.5,21.5,100,68.75,-12,1,0,25,-1,31
5.4,3.25,30.5,22.25,100,67.25,-11,4,1.5,25,-3,29
5.4,23.25,31.5,21.75,3.75,66.25,-7,2,-1,14,-2,31
5.4,18.25,31.5,20.5,12.25,66.5,-10,0,-2.5,17,0.5,33
5.4,12.75,30.5,18.5,22.25,67.5,-11,-2,-4,20,2,35
5.4,7.75,29.25,16.75,32.25,68.5,-10,-2.5,-3.5,20,2,35
5.4,3.25,28,14.5,42.25,69.5,-9,-2.5,-4.5,20,2,35
5.4,79.75,27,11.75,0.75,71,-5,-2,-5.5,8,3,35
5.4,77.75,26,8.5,4.25,72,-4,-2,-6.5,7,2,35
6.75,75.75,25,25,7.5,81.5,-4,-2,-2,6.5,2,35
8.1,73.75,73.75,23.75,11.25,82.5,-4,-4,-2.5,7.5,2,35
9,100,71.25,22.75,100,83.5,25,-5,-2,25,2,35
9,100,69.25,21.75,100,84.5,25,-4,-2,25,2,35
9,100,67.75,20.75,100,85.5,25,-3,-2,25,2,35
9,100,66.75,19.25,100,86.5,25,-2,-3,25,2,35
9,100,65.75,18.25,100,87.5,25,-2,-2,25,2,35
9,100,64.5,16.75,100,88.5,25,-2.5,-3,25,2,35
9,100,63.5,15.75,100,89.5,25,-2,-2,25,2,35
9,100,62.5,14.75,100,90.5,25,-2,-2,25,2,35
9,100,61.25,13.5,100,91.5,25,-2.5,-2.5,25,2,35
9,100,60.25,12.5,100,92.5,25,-2,-2,25,2,35
9,100,58.75,11.5,100,93.5,25,-3,-2,25,2,35
9,100,57.5,10.25,100,94.5,25,-2.5,-2.5,25,2,35
9,100,55.75,9.25,100,95.5,25,-3.5,-2,25,2,35
9,100,54.5,8.25,100,96.5,25,-2.5,-2,25,2,35
9,100,53.25,6.75,100,97.5,25,-2.5,-3,25,2,35
9,100,52,5.75,100,98.5,25,-2.5,-2,25,2,35
9,100,51,4.25,100,99.5,25,-2,-3,25,2,35
9,100,50,3.25,100,100,25,-2,-2,25,25,35
9,100,49,2,100,100,25,-2,-2.5,25,25,35
9,100,47.75,1,100,100,25,-2.5,-2,25,25,35
9,100,46.25,94.5,100,0.5,25,-3,-6,25,3,35
9,100,44.25,91,100,2,25,-4,-7,25,3,35
9,100,42.75,87,100,3.5,25,-3,-8,25,3,35
9,100,41.5,82.75,100,4.5,25,-2.5,-8.5,25,2,35
9,100,40.25,78,100,5.75,25,-2.5,-9.5,25,2.5,35
9,100,39,73.25,100,7.25,25,-2.5,-9.5,25,3,35
9,100,38,68.75,100,8.5,25,-2,-9,25,2.5,35
9,100,37,64,100,10.25,25,-2,-9.5,25,3.5,35
7.65,35.75,35.75,59,97.5,12,-2.5,-2.5,-10,2,3.5,35
6.3,34.5,54.5,54.5,98.5,14.25,-2.5,-9,-9,2,4.5,35
5.4,33.5,50.5,92,99.5,6.5,-2,-8,-2,2,2,35
5.4,32.5,46.5,91,100,7.75,-2,-8,-2,25,2.5,35
4.05,42.75,42.75,90,24,8.75,-7.5,-7.5,-2,7.5,2,35
2.7,39.25,89,89,27.5,10.25,-7,-2,-2,7,3,35
1.8,35.75,88,100,31.25,100,-7,-2,25,7.5,25,35
1.8,32.75,87,100,35.25,100,-6,-2,25,8,25,35
1.8,29.75,86,100,38.75,100,-6,-2,25,7,25,35
1.8,26.25,85,100,42.75,100,-7,-2,25,8,25,35
1.8,23.25,84,100,47,100,-6,-2,25,8.5,25,35
1.8,20.75,83,100,51.5,100,-5,-2,25,9,25,35
1.8,18.75,82,100,55.5,100,-4,-2,25,8,25,35
1.8,16.25,81,100,60,100,-5,-2,25,9,25,35
1.8,14.25,80,100,64.5,100,-4,-2,25,9,25,35
1.8,12.75,79,100,68.5,100,-3,-2,25,8,25,35
1.8,11.5,78,100,72,100,-2.5,-2,25,7,25,35
1.8,10.25,77,100,75.5,100,-2.5,-2,25,7,25,35
1.8,8.75,76,100,78.5,100,-3,-2,25,6,25,35
1.8,6.75,75,100,81,100,-4,-2,25,5,25,35
1.8,5.25,74,100,83,100,-3,-2,25,4,25,35
1.8,3.75,73,100,85.5,100,-3,-2,25,5,25,35
1.8,2.5,72,100,88.25,100,-2.5,-2,25,5.5,25,35
1.8,0.75,71,100,90.5,100,-3.5,-2,25,4.5,25,35
1.8,85.75,70,100,0.5,100,-5,-2,25,2.5,25,35
1.8,83.25,69,100,2.25,100,-5,-2,25,3.5,25,35
1.8,80.75,68,100,3.5,100,-5,-2,25,2.5,25,35
1.8,77.75,67,100,5.25,100,-6,-2,25,3.5,25,35
1.8,75.25,66,100,6.75,100,-5,-2,25,3,25,35
1.8,73,65,100,8.75,100,-4.5,-2,25,4,25,35
1.8,70.5,64,100,11,100,-5,-2,25,4.5,25,35
1.8,67.5,63,100,13.75,100,-6,-2,25,5.5,25,35
1.8,64.5,62,100,16.25,100,-6,-2,25,5,25,35
1.8,61.25,61,100,19,100,-6.5,-2,25,5.5,25,35
1.8,58,60,100,21.5,100,-6.5,-2,25,5,25,35
1.8,54.25,59,100,24.25,100,-7.5,-2,25,5.5,25,35
1.8,51,58,100,26.5,100,-6.5,-2,25,4.5,25,35
1.8,48.25,57,100,29,100,-5.5,-2,25,5,25,35
1.8,46,56,100,31.25,100,-4.5,-2,25,4.5,25,35
1.8,43.25,55,100,33.75,100,-5.5,-2,25,5,25,35
1.8,41,54,100,35.75,100,-4.5,-2,25,4,25,35
1.8,39.25,53,100,37.75,100,-3.5,-2,25,4,25,35
1.8,38,52,100,39.25,100,-2.5,-2,25,3,25,35
1.8,37,51,100,41.25,100,-2,-2,25,4,25,35
1.8,36,50,100,43,100,-2,-2,25,3.5,25,35
1.8,35,49,100,45,100,-2,-2,25,4,25,35
1.8,33.75,48,100,47.25,100,-2.5,-2,25,4.5,25,35
1.8,32.75,47,100,49.5,100,-2,-2,25,4.5,25,35
1.8,31.75,46,100,51.25,100,-2,-2,25,3.5,25,35
1.8,30.5,45,100,53.5,100,-2.5,-2,25,4.5,25,35
1.8,29,44,100,55.75,100,-3,-2,25,4.5,25,35
1.8,27.25,43,100,57.5,100,-3.5,-2,25,3.5,25,35
1.8,25,42,100,59.5,100,-4.5,-2,25,4,25,35
1.8,23.25,41,100,61.75,100,-3.5,-2,25,4.5,25,35
1.8,22,40,100,64.25,100,-2.5,-2,25,5,25,35
1.8,20.25,39,100,67,100,-3.5,-2,25,5.5,25,35
1.8,18.5,38,100,70.25,100,-3.5,-2,25,6.5,25,35
1.8,17.25,37,100,73,100,-2.5,-2,25,5.5,25,35
1.8,15.75,36,100,75.25,100,-3,-2,25,4.5,25,35
1.8,15.5,36,100,77,100,-0.5,0,25,3.5,25,33
1.8,15,36,100,78.25,100,-1,0,25,2.5,25,33
1.8,13.75,35,100,80,100,-2.5,-2,25,3.5,25,35
1.8,13.25,35,100,80.25,100,-1,0,25,0.5,25,33
1.8,13,35,100,80.25,100,-0.5,0,25,0,25,33
1.8,11.25,34,100,81.75,100,-3.5,-2,25,3,25,35
1.8,10.75,34,100,82,100,-1,0,25,0.5,25,33
1.8,10.5,34,100,82.75,100,-0.5,0,25,1.5,25,33
1.8,10.25,34,100,83.25,100,-0.5,0,25,1,25,33
1.8,10,34,100,83.5,100,-0.5,0,25,0.5,25,33
1.8,11,35,100,82.75,100,2,2,25,-1.5,25,31
1.8,12,36,100,81.75,100,2,2,25,-2,25,31
1.8,12,36,100,81.75,100,0,0,25,0,25,33
1.8,12,36,100,81.75,100,0,0,25,0,25,33
1.8,11.5,36,100,82.25,100,-1,0,25,1,25,33
1.8,10.25,35,100,84,100,-2.5,-2,25,3.5,25,35
1.8,8.5,34,100,86.25,100,-3.5,-2,25,4.5,25,35
1.8,8,34,100,87,100,-1,0,25,1.5,25,33
1.8,6,33,100,88.25,100,-4,-2,25,2.5,25,35
1.8,3.5,32,100,89.25,100,-5,-2,25,2,25,35
1.8,1,31,100,90.25,100,-5,-2,25,2,25,35
1.8,65.5,30,100,2,100,-2.5,-2,25,6,25,35
1.8,64.5,29,100,5.25,100,-2,-2,25,6.5,25,35
3.15,63,28,28,8.25,100,-3,-2,-2,6,25,35
4.5,61,61,27,11.75,100,-4,-4,-2,7,25,35
5.4,44.75,58.75,26,52.25,100,-4.5,-4.5,-2,2,25,35
5.4,43,56.5,24.75,53.25,100,-3.5,-4.5,-2.5,2,25,35
5.4,41.25,54,23.75,54.25,100,-3.5,-5,-2,2,25,35
5.4,40,52.5,23.75,54.25,100,-2.5,-3,0,0,25,33
5.4,38.25,49.75,22.75,55.25,100,-3.5,-5.5,-2,2,25,35
5.4,37,46.5,21.75,56.5,100,-2.5,-6.5,-2,2.5,25,35
5.4,36,42.75,20.75,57.5,100,-2,-7.5,-2,2,25,35
6.75,35,38.5,38.5,58.5,53.75,-2,-8.5,-8.5,2,12,35
6.75,33.5,33.75,33.75,59.5,59.25,-3,-9.5,-9.5,2,11,35
6.75,32.5,28.5,28.5,60.5,64.25,-2,-10.5,-10.5,2,10,35
5.4,31.25,22.75,12.75,62,100,-2.5,-11.5,-5.5,3,25,35
6.75,29.75,16.5,16.5,63.5,72.75,-3,-12.5,-12.5,3,8,35
8.1,28.75,28.75,10.25,65.25,76.25,-2,-2,-12.5,3.5,7,35
8.1,27.5,27.5,4.5,67.5,79.25,-2.5,-2.5,-11.5,4.5,6,35
8.1,26.5,26.5,57.75,69.5,1.25,-2,-2,-6.5,4,11.5,35
6.75,25,55,55,71,7.5,-3,-5.5,-5.5,3,12.5,35
5.4,24,52.75,9.75,72.5,14.25,-2,-4.5,-14.5,3,11.5,35
5.4,22.5,51,3,73.5,20.5,-3,-3.5,-13.5,2,12.5,35
4.05,49.75,49.75,74.25,29.25,3.25,-2.5,-2.5,-2,15.5,12.5,35
2.7,48.75,73.25,73.25,36.5,10,-2,-2,-2,14.5,13.5,35
1.8,47.25,72.25,100,43.25,100,-3,-2,25,13.5,25,35
1.8,46.25,71.25,100,49.5,100,-2,-2,25,12.5,25,35
1.8,45,70.25,100,55.25,100,-2.5,-2,25,11.5,25,35
1.8,44,69.25,100,60.5,100,-2,-2,25,10.5,25,35
1.8,42.75,68.25,100,65.25,100,-2.5,-2,25,9.5,25,35
1.8,41.5,67.25,100,69.5,100,-2.5,-2,25,8.5,25,35
1.8,40,66.25,100,73.25,100,-3,-2,25,7.5,25,35
1.8,38.5,65.25,100,76.5,100,-3,-2,25,6.5,25,35
1.8,36.5,64.25,100,79.25,100,-4,-2,25,5.5,25,35
1.8,35,63.25,100,81.5,100,-3,-2,25,4.5,25,35
1.8,33.75,62.25,100,83.25,100,-2.5,-2,25,3.5,25,35
1.8,32,61.25,100,84.5,100,-3.5,-2,25,2.5,25,35
1.8,30.75,60.25,100,85.5,100,-2.5,-2,25,2,25,35
1.8,29.5,59.25,100,86.5,100,-2.5,-2,25,2,25,35
1.8,28.5,58.25,100,87.5,100,-2,-2,25,2,25,35
1.8,27.5,57.25,100,88.5,100,-2,-2,25,2,25,35
1.8,26.5,56.25,100,89.5,100,-2,-2,25,2,25,35
1.8,25,55.25,100,90.5,100,-3,-2,25,2,25,35
1.8,24,54.25,100,91.5,100,-2,-2,25,2,25,35
1.8,23,53.25,100,92.5,100,-2,-2,25,2,25,35
1.8,22,52.25,100,93.5,100,-2,-2,25,2,25,35
1.8,21,51.25,100,94.5,100,-2,-2,25,2,25,35
1.8,19.5,50.25,100,95.5,100,-3,-2,25,2,25,35
1.8,18.25,49.25,100,96.5,100,-2.5,-2,25,2,25,35
1.8,17,48.25,100,97.5,100,-2.5,-2,25,2,25,35
1.8,15.25,47.25,100,98.5,100,-3.5,-2,25,2,25,35
1.8,14,46.25,100,99.5,100,-2.5,-2,25,2,25,35
1.8,13,45.25,100,100,100,-2,-2,25,25,25,35
1.8,11.5,44.25,100,100,100,-3,-2,25,25,25,35
1.8,9.5,43.25,100,100,100,-4,-2,25,25,25,35
1.8,7,42.25,100,100,100,-5,-2,25,25,25,35
1.8,4,41.25,100,100,100,-6,-2,25,25,25,35
1.8,0.5,40.25,100,100,100,-7,-2,25,25,25,35
1.8,35,39.25,100,3.5,100,-18,-2,25,8,25,35
1.8,25.5,38.25,100,8,100,-19,-2,25,9,25,35
1.8,15.5,37,100,13,100,-20,-2.5,25,10,25,35
1.8,5.25,36,100,18.5,100,-20.5,-2,25,11,25,35
1.8,41.25,35.75,100,4,100,-7,-0.5,25,18.5,25,33
1.8,38.25,35,100,12.75,100,-6,-1.5,25,17.5,25,33
1.8,35.75,34.75,100,21,100,-5,-0.5,25,16.5,25,33
1.8,34.75,35.5,100,27.75,100,-2,1.5,25,13.5,25,31
1.8,34.25,36.5,100,34,100,-1,2,25,12.5,25,31
1.8,33.25,36,100,40.75,100,-2,-1,25,13.5,25,33
1.8,33.75,36.75,100,46,100,1,1.5,25,10.5,25,31
1.8,33.75,36.75,100,51.75,100,0,0,25,11.5,25,33
1.8,33.75,36.75,100,57,100,0,0,25,10.5,25,33
1.8,32.75,35.75,100,62.75,100,-2,-2,25,11.5,25,35
1.8,31.75,34.75,100,68,100,-2,-2,25,10.5,25,35
3.15,30.75,33.75,33.75,72.75,100,-2,-2,-2,9.5,25,35
4.5,29.75,29.75,32.75,77,100,-2,-2,-2,8.5,25,35
5.4,8.75,28.75,31.5,9.25,100,-17.5,-2,-2.5,12,25,35
5.4,0.25,27.75,29.75,15.75,100,-17,-2,-3.5,13,25,35
6.75,51.75,26.75,26.75,7.75,86.75,-5.5,-2,-2,16,5.5,35
8.1,49.5,49.5,25.75,16.25,89,-4.5,-4.5,-2,17,4.5,35
9,100,47.75,24.75,100,90.75,25,-3.5,-2,25,3.5,35
9,100,46.5,23.75,100,92,25,-2.5,-2,25,2.5,35
9,100,45.5,22.75,100,93,25,-2,-2,25,2,35
9,100,44.5,21.75,100,94,25,-2,-2,25,2,35
9,100,43.5,20.75,100,95,25,-2,-2,25,2,35
9,100,42.5,19.75,100,96,25,-2,-2,25,2,35
9,100,41.5,18.75,100,97,25,-2,-2,25,2,35
9,100,40.5,17.75,100,98,25,-2,-2,25,2,35
9,100,39.5,16.75,100,99,25,-2,-2,25,2,35
9,100,38.5,15.75,100,100,25,-2,-2,25,25,35
9,100,37.5,14.75,100,100,25,-2,-2,25,25,35
9,100,36.5,13.75,100,100,25,-2,-2,25,25,35
9,100,36.5,13.75,100,100,25,0,0,25,25,33
9,100,36.5,13.75,100,100,25,0,0,25,25,33
9,100,36.5,13.75,100,100,25,0,0,25,25,33
9,100,36.5,13.5,100,100,25,0,-0.5,25,25,33
9,100,36.5,13.5,100,100,25,0,0,25,25,33
9,100,36.5,13,100,100,25,0,-1,25,25,33
9,100,36.5,12,100,100,25,0,-2,25,25,33
9,100,35.5,9.5,100,100,25,-2,-5,25,25,35
9,100,34.5,6.5,100,100,25,-2,-6,25,25,35
9,100,33.5,3,100,100,25,-2,-7,25,25,35
9,100,32.5,51.5,100,1,25,-2,-6,25,8,35
9,100,31.5,49,100,5.5,25,-2,-5,25,9,35
9,100,30.5,47,100,10.5,25,-2,-4,25,10,35
9,100,29.25,45.5,100,15.25,25,-2.5,-3,25,9.5,35
9,100,28.25,44.5,100,19.75,25,-2,-2,25,9,35
9,100,27,43.5,100,24.5,25,-2.5,-2,25,9.5,35
9,100,25.25,42.5,100,29.75,25,-3.5,-2,25,10.5,35
9,100,23.25,41.5,100,35.25,25,-4,-2,25,11,35
9,100,21.75,40.5,100,40.25,25,-3,-2,25,10,35
9,100,20,39.5,100,44.75,25,-3.5,-2,25,9,35
9,100,18.25,38.5,100,48.75,25,-3.5,-2,25,8,35
9,100,16.5,37.5,100,52.25,25,-3.5,-2,25,7,35
9,100,14.25,36.5,100,55.25,25,-4.5,-2,25,6,35
9,100,11.5,35.5,100,57.75,25,-5.5,-2,25,5,35
9,100,8.25,34.5,100,59.75,25,-6.5,-2,25,4,35
9,100,4.5,33.5,100,61.25,25,-7.5,-2,25,3,35
9,100,0.25,32.5,100,63.25,25,-8.5,-2,25,4,35
9,100,79.5,31.5,100,64.75,25,-8,-2,25,3,35
9,100,76,30.5,100,65.75,25,-7,-2,25,2,35
9,100,72.25,29.5,100,66.75,25,-7.5,-2,25,2,35
9,100,68.5,28.5,100,68,25,-7.5,-2,25,2.5,35
9,100,64.75,27.5,100,69.5,25,-7.5,-2,25,3,35
9,100,61.25,26.5,100,70.5,25,-7,-2,25,2,35
9,100,57.75,25.5,100,71.5,25,-7,-2,25,2,35
9,100,54.75,24.5,100,72.5,25,-6,-2,25,2,35
9,100,52.25,23.5,100,74,25,-5,-2,25,3,35
9,100,49.75,22.5,100,75,25,-5,-2,25,2,35
9,100,47.75,21.5,100,76.25,25,-4,-2,25,2.5,35
9,100,46,20.5,100,77.25,25,-3.5,-2,25,2,35
9,100,44.5,19.5,100,78.25,25,-3,-2,25,2,35
9,100,43.5,19.5,100,78.25,25,-2,0,25,0,33
9,100,41.25,18.5,100,79.25,25,-4.5,-2,25,2,35
9,100,38.5,17.5,100,80.75,25,-5.5,-2,25,3,35
9,100,36.25,16.5,100,81.75,25,-4.5,-2,25,2,35
9,100,35.5,16.5,100,82.25,25,-1.5,0,25,1,33
9,100,34,15.5,100,83.25,25,-3,-2,25,2,35
9,100,34,15.5,100,83.25,25,0,0,25,0,33
9,100,34,15.5,100,83.5,25,0,0,25,0.5,33
9,100,35,16.5,100,82.5,25,2,2,25,-2,31
9,100,36,17.5,100,82,25,2,2,25,-1,31
9,100,37,18.5,100,81,25,2,2,25,-2,31
9,100,37,18.5,100,81,25,0,0,25,0,33
9,100,36,17.5,100,82,25,-2,-2,25,2,35
9,100,35.5,17.5,100,82,25,-1,0,25,0,33
9,100,35.5,18.5,100,81,25,0,2,25,-2,31
9,100,35,19.5,100,80,25,-1,2,25,-2,31
7.65,34,34,20.5,82.25,79,-2,-2,2,-1,-2,31
7.65,31.5,31.5,20.5,82.25,79,-5,-5,0,0,0,33
6.3,28.5,20.5,20.5,82.25,79.25,-6,0,0,0,0.5,33
5.4,25,20.5,88.5,82.25,5.25,-7,0,0,0,13,33
4.05,20.5,20.5,88.5,79.75,11.25,0,0,0,0,12,33
2.7,20.5,88.5,88.5,79.75,17.75,0,0,0,0,13,33
1.8,20.5,88.5,100,79.75,100,0,0,25,0,25,33
1.8,19.5,87.5,100,80.75,100,-2,-2,25,2,25,35
1.8,18.5,86.5,100,81.75,100,-2,-2,25,2,25,35
1.8,17.5,85.5,100,82.75,100,-2,-2,25,2,25,35
1.8,16.5,84.5,100,83.75,100,-2,-2,25,2,25,35
1.8,15.5,83.5,100,84.75,100,-2,-2,25,2,25,35
1.8,14.5,82.5,100,85.75,100,-2,-2,25,2,25,35
1.8,13.5,81.5,100,86.75,100,-2,-2,25,2,25,35
1.8,12.5,80.5,100,87.75,100,-2,-2,25,2,25,35
1.8,11.5,79.5,100,88.75,100,-2,-2,25,2,25,35
1.8,10.5,78.5,100,89.75,100,-2,-2,25,2,25,35
1.8,9.5,77.5,100,90.75,100,-2,-2,25,2,25,35
1.8,8.5,76.5,100,91.75,100,-2,-2,25,2,25,35
1.8,7.5,75.5,100,92.75,100,-2,-2,25,2,25,35
1.8,6.5,74.5,100,93.75,100,-2,-2,25,2,25,35
1.8,5.5,73.5,100,94.75,100,-2,-2,25,2,25,35
1.8,4.5,72.5,100,95.75,100,-2,-2,25,2,25,35
1.8,3.5,71.5,100,96.75,100,-2,-2,25,2,25,35
1.8,2.5,70.5,100,97.75,100,-2,-2,25,2,25,35
1.8,1.5,69.5,100,98.75,100,-2,-2,25,2,25,35
1.8,0.5,68.5,100,99.75,100,-2,-2,25,2,25,35
1.8,90,67.5,100,0.5,100,-9,-2,25,2,25,35
1.8,85,66.5,100,1.5,100,-10,-2,25,2,25,35
1.8,79.5,65.5,100,2.5,100,-11,-2,25,2,25,35
1.8,73.5,64.5,100,4,100,-12,-2,25,3,25,35
1.8,67,63.5,100,5.75,100,-13,-2,25,3.5,25,35
1.8,60,62.5,100,7.75,100,-14,-2,25,4,25,35
1.8,52.5,61.25,100,10,100,-15,-2.5,25,4.5,25,35
1.8,44.5,60.25,100,12,100,-16,-2,25,4,25,35
1.8,36,59.25,100,14.5,100,-17,-2,25,5,25,35
1.8,27,58.25,100,17.5,100,-18,-2,25,6,25,35
1.8,17.5,57.25,100,21,100,-19,-2,25,7,25,35
1.8,7.5,56.25,100,25,100,-20,-2,25,8,25,35
1.8,11.25,55,100,3,100,-16.5,-2.5,25,21,25,35
1.8,3.25,53.25,100,14,100,-16,-3.5,25,22,25,35
1.8,39.5,51,100,5,100,-13,-4.5,25,16.5,25,35
1.8,33.5,48.5,100,13.75,100,-12,-5,25,17.5,25,35
1.8,28,45.75,100,22.25,100,-11,-5.5,25,17,25,35
1.8,23,43.5,100,31,100,-10,-4.5,25,17.5,25,35
1.8,19.5,42.5,100,38.25,100,-7,-2,25,14.5,25,33
1.8,16.5,41,100,45,100,-6,-3,25,13.5,25,33
1.8,15,40,100,50.25,100,-3,-2,25,10.5,25,31
1.8,15,39.5,100,54,100,0,-1,25,7.5,25,29
1.8,15.5,38.5,100,57.25,100,1,-2,25,6.5,25,29
1.8,16.5,37,100,60,100,2,-3,25,5.5,25,29
1.8,18,35,100,62.25,100,3,-4,25,4.5,25,29
1.8,19,31.5,100,65,100,2,-7,25,5.5,25,31
1.8,19,26.5,100,68.25,100,0,-10,25,6.5,25,33
1.8,18,20,100,72,100,-2,-13,25,7.5,25,35
3.15,17,13,13,75.25,100,-2,-14,-14,6.5,25,35
4.5,15.5,15.5,5.75,78,100,-3,-3,-14.5,5.5,25,35
4.5,14.5,14.5,51.5,79.25,0.5,-2,-2,-3.5,2.5,12.5,33
3.15,14,50.25,50.25,80,7.25,-1,-2.5,-2.5,1.5,13.5,33
1.8,14,49.5,100,81,100,0,-1.5,25,2,25,33
1.8,13,48.25,100,82.5,100,-2,-2.5,25,3,25,35
1.8,12,47.25,100,84.25,100,-2,-2,25,3.5,25,35
1.8,11,46.25,100,85.5,100,-2,-2,25,2.5,25,35
1.8,10,45.25,100,86.75,100,-2,-2,25,2.5,25,35
1.8,9,44.25,100,88.5,100,-2,-2,25,3.5,25,35
1.8,8,43.25,100,89.75,100,-2,-2,25,2.5,25,35
1.8,7,42.25,100,90.75,100,-2,-2,25,2,25,35
1.8,6,41.25,100,92,100,-2,-2,25,2.5,25,35
1.8,5,40.25,100,93,100,-2,-2,25,2,25,35
1.8,4,39.25,100,94.25,100,-2,-2,25,2.5,25,35
1.8,3,38.25,100,95.25,100,-2,-2,25,2,25,35
1.8,2,37.25,100,96.25,100,-2,-2,25,2,25,35
1.8,1,36.25,100,97.5,100,-2,-2,25,2.5,25,35
1.8,1,36.25,100,97.5,100,0,0,25,0,25,33
1.8,1,36.25,100,97.5,100,0,0,25,0,25,33
1.8,1,36.25,100,97.75,100,0,0,25,0.5,25,33
1.8,1,36.25,100,97.75,100,0,0,25,0,25,33
1.8,1,36.25,100,98,100,0,0,25,0.5,25,33
1.8,1,36.25,100,98,100,0,0,25,0,25,33
1.8,1,36.25,100,98,100,0,0,25,0,25,33
1.8,1,36.25,100,98,100,0,0,25,0,25,33
1.8,1,36.25,100,98,100,0,0,25,0,25,33
1.8,1,36.25,100,98,100,0,0,25,0,25,33
1.8,1,36.25,100,98.25,100,0,0,25,0.5,25,33
1.8,1,36.25,100,98.25,100,0,0,25,0,25,33
1.8,1,36.25,100,98.25,100,0,0,25,0,25,33
1.8,1,36.25,100,98.25,100,0,0,25,0,25,33
1.8,1,36.25,100,98.25,100,0,0,25,0,25,33
1.8,1,36.25,100,98.25,100,0,0,25,0,25,33
1.8,1,36.25,100,98.25,100,0,0,25,0,25,33
1.8,1,36.25,100,98.25,100,0,0,25,0,25,33
1.8,1,36.25,100,98.25,100,0,0,25,0,25,33
1.8,1,36.25,100,98.25,100,0,0,25,0,25,33
1.8,1,36.25,100,98.25,100,0,0,25,0,25,33
1.8,1,36.25,100,98.25,100,0,0,25,0,25,33
1.8,1,36.25,100,98.25,100,0,0,25,0,25,33
1.8,1,36.25,100,98.25,100,0,0,25,0,25,33
1.8,1,35.75,100,98.25,100,0,-1,25,0,25,33
1.8,1,35.25,100,98.25,100,0,-1,25,0,25,33
1.8,0,34,100,99.25,100,-2,-2.5,25,2,25,35
1.8,0,33.25,100,99.25,100,0,-1.5,25,0,25,33
1.8,0,32.25,100,99.25,100,0,-2,25,0,25,33
1.8,1,32.75,100,98.25,100,2,1,25,-2,25,31
1.8,2,33.5,100,97.25,100,2,1.5,25,-2,25,31
1.8,4,34.75,100,95.25,100,4,2.5,25,-4,25,29
1.8,7,36.5,100,92.25,100,6,3.5,25,-6,25,27
1.8,9,36.75,100,90.25,100,4,0.5,25,-4,25,29
1.8,11,36.5,100,88.25,100,4,-0.5,25,-4,25,29
1.8,13,35.75,100,86.25,100,4,-1.5,25,-4,25,29
1.8,15,34.5,100,84.25,100,4,-2.5,25,-4,25,29
1.8,17,32.75,100,82.25,100,4,-3.5,25,-4,25,29
1.8,19,26.75,100,80.25,100,4,-13.5,25,-4,25,29
3.15,21,19.5,19.5,78.25,100,4,-14.5,-14.5,-4,25,29
4.5,23,23,11.75,76.25,100,4,4,-15.5,-4,25,29
4.5,24,24,2.5,75.25,100,2,2,-18.5,-2,25,31
4.5,24,24,17.5,75.5,8.25,0,0,-10.5,0.5,21.5,33
4.5,23,23,11.5,76.5,19.5,-2,-2,-12,2,22.5,35
4.5,22,22,5,77.5,30.75,-2,-2,-13,2,22.5,35
4.5,22,22,46.25,78,0.5,0,0,-9,1,11,33
3.15,22,42.25,42.25,78,6.5,0,-8,-8,0,12,33
1.8,22,38.75,100,78,100,0,-7,25,0,25,33
1.8,23,36.75,100,77,100,2,-4,25,-2,25,31
1.8,25,36.25,100,75,100,4,-1,25,-4,25,29
1.8,27,36.25,100,73,100,4,0,25,-4,25,29
1.8,29,36.75,100,71,100,4,1,25,-4,25,29
1.8,30,36.75,100,70,100,2,0,25,-2,25,31
1.8,31,37.25,100,69,100,2,1,25,-2,25,31
1.8,32,38.25,100,68,100,2,2,25,-2,25,31
1.8,33,39.25,100,67,100,2,2,25,-2,25,31
1.8,33,39.25,100,67,100,0,0,25,0,25,33
1.8,32,38.25,100,68,100,-2,-2,25,2,25,35
1.8,31,37.25,100,69,100,-2,-2,25,2,25,35
1.8,30,36.25,100,70,100,-2,-2,25,2,25,35
1.8,30,36.25,100,70,100,0,0,25,0,25,33
1.8,30,36.25,100,70,100,0,0,25,0,25,33
1.8,30,36.25,100,70,100,0,0,25,0,25,33
1.8,30,36.25,100,70,100,0,0,25,0,25,33
1.8,30,36.25,100,70,100,0,0,25,0,25,33
1.8,30,36.25,100,70,100,0,0,25,0,25,33
1.8,30,36.25,100,70,100,0,0,25,0,25,33
1.8,30,36.25,100,70,100,0,0,25,0,25,33
1.8,30,35.75,100,70,100,0,-1,25,0,25,33
1.8,31,36.5,100,69,100,2,1.5,25,-2,25,31
1.8,32,37,100,68,100,2,1,25,-2,25,31
1.8,32,36.25,100,68,100,0,-1.5,25,0,25,33
1.8,32,35,100,68,100,0,-2.5,25,0,25,33
1.8,32,33.5,100,68,100,0,-3,25,0,25,33
1.8,32,31.75,100,68,100,0,-3.5,25,0,25,33
1.8,33,31,100,67,100,2,-1.5,25,-2,25,31
3.15,34,30.75,30.75,66,70,2,-0.5,-0.5,-2,-2,31
4.5,35,35,30,65,69,2,2,-1.5,-2,-2,31
5.4,5.25,36,29.5,83,68,2,2,-1,-2,-2,31
5.4,6.25,37,29.5,82.25,67,2,2,0,-1.5,-2,31
5.4,7,38,29,81.5,66,1.5,2,-1,-1.5,-2,31
5.4,8,39,28,81,65,2,2,-2,-1,-2,31
7.65,8.5,8.5,40,80.25,60.5,1,1,2,-1.5,-2,31
9,100,8.5,41,100,59.5,25,0,2,25,-2,31
9,100,9,42,100,58.5,25,1,2,25,-2,31
9,100,10,43,100,57.5,25,2,2,25,-2,31
9,100,11,44,100,56.5,25,2,2,25,-2,31
9,100,12,45,100,55.5,25,2,2,25,-2,31
9,100,13,46,100,54.5,25,2,2,25,-2,31
9,100,14,47,100,53.5,25,2,2,25,-2,31
9,100,15,48,100,52.5,25,2,2,25,-2,31
9,100,16,49,100,51.5,25,2,2,25,-2,31
9,100,17,50,100,50.5,25,2,2,25,-2,31
9,100,18,51,100,49.5,25,2,2,25,-2,31
9,100,19,52,100,48.5,25,2,2,25,-2,31
9,100,20,53,100,47.5,25,2,2,25,-2,31
9,100,21,54,100,46.5,25,2,2,25,-2,31
9,100,22,55,100,45.5,25,2,2,25,-2,31
9,100,23,56,100,44.5,25,2,2,25,-2,31
9,100,24,57,100,43.5,25,2,2,25,-2,31
9,100,25,58,100,42.5,25,2,2,25,-2,31
7.65,26,26,59,65.25,41.5,2,2,2,-2,-2,31
6.3,27,60,60,64.25,41,2,2,2,-2,-1,31
5.4,28,61,68.5,63.25,28.5,2,2,1.5,-2,-2,31
5.4,28,61,68.5,63.25,29,0,0,0,0,1,33
5.4,27,60,67.5,64.25,30,-2,-2,-2,2,2,35
4.05,59,59,66.25,46.5,31,-2,-2,-2.5,3.5,2,35
2.7,57.5,65.25,65.25,47.75,32.5,-3,-2,-2,2.5,3,35
1.8,55.5,64.25,100,48.75,100,-4,-2,25,2,25,35
1.8,53,63.25,100,49.75,100,-5,-2,25,2,25,35
1.8,50,62.25,100,50.75,100,-6,-2,25,2,25,35
1.8,46.5,61.25,100,51.75,100,-7,-2,25,2,25,35
1.8,42.5,60,100,53.25,100,-8,-2.5,25,3,25,35
1.8,38,59,100,54.75,100,-9,-2,25,3,25,35
1.8,33.5,57.5,100,55.75,100,-9,-3,25,2,25,35
1.8,29.5,56.5,100,56.75,100,-8,-2,25,2,25,35
1.8,25,55.5,100,57.75,100,-9,-2,25,2,25,35
1.8,20.75,54.5,100,59.25,100,-8.5,-2,25,3,25,35
1.8,16.25,53.5,100,60.5,100,-9,-2,25,2.5,25,35
1.8,11.5,52.5,100,61.75,100,-9.5,-2,25,2.5,25,35
1.8,6.25,51.5,100,62.75,100,-10.5,-2,25,2,25,35
1.8,0.75,50.5,100,64.25,100,-11,-2,25,3,25,35
3.15,75.25,49.5,49.5,4.25,76,-2,-2,-2,10,4,35
4.5,74.25,74.25,48.5,9.75,77.5,-2,-2,-2,11,3,35
5.4,6.25,73.25,47.5,89.75,78.5,-3.5,-2,-2,2.5,2,35
5.4,4.75,72.25,46.5,91,79.5,-3,-2,-2,2.5,2,35
5.4,2.75,71.25,45.5,92.5,80.5,-4,-2,-2,3,2,35
5.4,0.5,70.25,44.5,94.5,81.5,-4.5,-2,-2,4,2,35
5.4,74.25,69.25,43.5,2,82.5,-10,-2,-2,5,2,35
5.4,69,68.25,42.5,4.5,83.5,-10.5,-2,-2,5,2,35
5.4,64.25,67.25,41.5,7,84.5,-9.5,-2,-2,5,2,35
5.4,60,66.25,40.5,9.25,85.5,-8.5,-2,-2,4.5,2,35
5.4,56.25,65.25,39.5,11.5,86.5,-7.5,-2,-2,4.5,2,35
5.4,53,64.25,38.5,13.75,87.5,-6.5,-2,-2,4.5,2,35
5.4,50.25,63.25,37.5,16,88.5,-5.5,-2,-2,4.5,2,35
5.4,47,62.25,36.5,18.25,89.5,-6.5,-2,-2,4.5,2,35
5.4,44.25,61.25,35.5,20,90.5,-5.5,-2,-2,3.5,2,35
5.4,42,60.25,34.5,21.25,91.5,-4.5,-2,-2,2.5,2,35
5.4,40.25,59.25,33.5,23,92.5,-3.5,-2,-2,3.5,2,35
5.4,39,58.25,32.5,24.5,93.5,-2.5,-2,-2,3,2,35
5.4,37.75,57.25,31.5,26.5,94.5,-2.5,-2,-2,4,2,35
5.4,36.5,56.25,30.5,28.5,95.5,-2.5,-2,-2,4,2,35
5.4,35.25,55.25,29,30.25,96.5,-2.5,-2,-3,3.5,2,35
5.4,33.5,54.25,28,32.5,97.5,-3.5,-2,-2,4.5,2,35
5.4,31.25,53.25,27,34.25,98.5,-4.5,-2,-2,3.5,2,35
5.4,29.5,52.25,26,36.5,99.5,-3.5,-2,-2,4.5,2,35
5.4,27.5,51.25,25,38.5,100,-4,-2,-2,4,25,35
5.4,26,50.25,24,40.5,100,-3,-2,-2,4,25,35
5.4,24.25,49.25,23,42.5,100,-3.5,-2,-2,4,25,35
5.4,23,48.25,22,44.75,100,-2.5,-2,-2,4.5,25,35
5.4,21.5,47.25,21,47,100,-3,-2,-2,4.5,25,35
5.4,20.5,46.25,20,49.25,100,-2,-2,-2,4.5,25,35
5.4,19.5,45.25,18.75,51.5,100,-2,-2,-2.5,4.5,25,35
5.4,18.5,44.25,17.75,53.25,100,-2,-2,-2,3.5,25,35
5.4,17.5,43.25,16.75,55.5,100,-2,-2,-2,4.5,25,35
5.4,16.5,42.25,15.25,57.5,100,-2,-2,-3,4,25,35
5.4,15.5,41.25,13.75,59.5,100,-2,-2,-3,4,25,35
5.4,14.25,40.25,12.5,62,100,-2.5,-2,-2.5,5,25,35
5.4,12.75,39.25,10.75,64,100,-3,-2,-3.5,4,25,35
5.4,10.75,38.25,8.5,66,100,-4,-2,-4.5,4,25,35
5.4,9.25,37.25,5.75,67.5,100,-3,-2,-5.5,3,25,35
5.4,7.75,36.25,2.5,69.5,100,-3,-2,-6.5,4,25,35
5.4,7.75,36.25,38,71,0.25,0,0,-12,3,5.5,33
5.4,7.25,36.25,32.5,73,3.5,-1,0,-11,4,6.5,33
5.4,5.25,35.25,26.5,75.5,8.25,-4,-2,-12,5,9.5,35
4.05,34.25,34.25,21,100,13.5,-2,-2,-11,25,10.5,35
5.4,55.5,33.25,16,0.25,19.25,-9,-2,-10,6,11.5,35
5.4,52.5,33.25,12.5,2.75,24.5,-6,0,-7,5,10.5,33
5.4,49,33.25,9.5,5.75,30.25,-7,0,-6,6,11.5,33
5.4,45,33.25,7,8.25,36.5,-8,0,-5,5,12.5,33
5.4,41,33.25,5,11.25,43.25,-8,0,-4,6,13.5,33
5.4,36.5,33.25,3.5,14.75,50,-9,0,-3,7,13.5,33
5.4,31.5,33.25,2.5,18.75,56.75,-10,0,-2,8,13.5,33
5.4,26,33.25,2,23.25,63,-11,0,-1,9,12.5,33
5.4,20.75,33.25,2,28.25,68.75,-10.5,0,0,10,11.5,33
5.4,15,33.25,2,32.75,74,-11.5,0,0,9,10.5,33
5.4,8.75,33.25,2,37.75,78.75,-12.5,0,0,10,9.5,33
5.4,2.75,33.25,2,42.5,83,-12,0,0,9.5,8.5,33
5.4,38.5,33.25,2,3.75,86.75,-12,0,0,13,7.5,33
5.4,31.75,32.25,1,11.75,91,-13.5,-2,-2,16,8.5,35
5.4,24.75,31.25,0,19.25,94.75,-14,-2,-2,15,7.5,35
5.4,17.75,30.25,100,26.25,1,-14,-2,25,14,2,35
5.4,11,29.25,100,32.75,2,-13.5,-2,25,13,2,35
5.4,4,28.25,100,39.75,3,-14,-2,25,14,2,35
6.75,70,27.25,27.25,2.5,100,-3.5,-2,-2,13,25,35
8.1,67.75,67.75,26.25,9.5,100,-4.5,-4.5,-2,14,25,35
9,100,66,25.25,100,100,25,-3.5,-2,25,25,35
9,100,64.75,24.25,100,100,25,-2.5,-2,25,25,35
9,100,63.75,23.25,100,100,25,-2,-2,25,25,35
9,100,62.75,22.25,100,100,25,-2,-2,25,25,35
9,100,61.75,21.25,100,100,25,-2,-2,25,25,35
9,100,60.25,20.25,100,100,25,-3,-2,25,25,35
9,100,59.25,19.25,100,100,25,-2,-2,25,25,35
9,100,57.75,18.25,100,100,25,-3,-2,25,25,35
9,100,56.75,17.25,100,100,25,-2,-2,25,25,35
9,100,55.25,16.25,100,100,25,-3,-2,25,25,35
9,100,53.25,15.25,100,100,25,-4,-2,25,25,35
9,100,51.25,14.25,100,100,25,-4,-2,25,25,35
9,100,49.75,13.25,100,100,25,-3,-2,25,25,35
9,100,47.75,12.25,100,100,25,-4,-2,25,25,35
9,100,45.25,11.25,100,100,25,-5,-2,25,25,35
9,100,42.75,10.25,100,100,25,-5,-2,25,25,35
9,100,40.75,9.25,100,100,25,-4,-2,25,25,35
9,100,38.25,8,100,100,25,-5,-2.5,25,25,35
9,100,36.25,6.75,100,100,25,-4,-2.5,25,25,35
9,100,34.75,6,100,100,25,-3,-1.5,25,25,33
9,100,33.75,6.75,100,100,25,-2,1.5,25,25,31
9,100,33.25,8.5,100,100,25,-1,3.5,25,25,29
9,100,32.25,10.5,100,100,25,-2,4,25,25,29
9,100,31.75,13,100,100,25,-1,5,25,25,27
9,100,29.75,14.75,100,100,25,-4,3.5,25,25,29
9,100,27.25,16.5,100,100,25,-5,3.5,25,25,29
9,100,24.25,18.5,100,100,25,-6,4,25,25,29
7.65,20.75,20.75,20.25,100,100,-7,-7,3.5,25,25,29
6.3,15.25,22,22,100,100,-18,3.5,3.5,25,25,29
6.3,6.75,24.75,24.75,100,100,-17,5.5,5.5,25,25,27
5.4,9.25,27.75,0,1.75,100,-8,6,6,17,25,27
5.4,3.75,29.75,2,11.25,100,-11,4,4,19,25,29
5.4,5.5,31.25,4,2.25,100,-19,3,4,12,25,29
5.4,30,32.75,6,3.5,100,-11.5,3,4,18,25,29
5.4,23.75,33.75,7,13,100,-12.5,2,2,19,25,31
5.4,17,33.25,7,23,100,-13.5,-1,0,20,25,33
5.4,9.75,32,6,33.5,100,-14.5,-2.5,-2,21,25,35
5.4,3,30.5,5,43.5,100,-13.5,-3,-2,20,25,35
6.75,91.5,28.5,28.5,3.25,100,-2.5,-4,-4,12.5,25,35
8.1,90.5,90.5,26.75,10,100,-2,-2,-3.5,13.5,25,35
9,100,89,24.75,100,100,25,-3,-4,25,25,35
9,100,88,23,100,100,25,-2,-3.5,25,25,35
9,100,86.5,20.75,100,100,25,-3,-4.5,25,25,35
9,100,85.5,19,100,100,25,-2,-3.5,25,25,35
9,100,84.5,17.25,100,100,25,-2,-3.5,25,25,35
9,100,83,15.25,100,100,25,-3,-4,25,25,35
9,100,82,13.5,100,100,25,-2,-3.5,25,25,35
9,100,81,11.5,100,100,25,-2,-4,25,25,35
9,100,80,9.75,100,100,25,-2,-3.5,25,25,35
9,100,79,7.5,100,100,25,-2,-4.5,25,25,35
9,100,78,5.25,100,100,25,-2,-4.5,25,25,35
9,100,77,2.75,100,100,25,-2,-5,25,25,35
9,100,75.75,0.75,100,100,25,-2.5,-4,25,25,35
9,100,74.75,72.5,100,1,25,-2,-6,25,3.5,35
9,100,73.75,70,100,3,25,-2,-5,25,4,35
9,100,72.5,67,100,5.25,25,-2.5,-6,25,4.5,35
9,100,71.5,63.5,100,7.5,25,-2,-7,25,4.5,35
9,100,70.5,59.5,100,10,25,-2,-8,25,5,35
9,100,69.5,55,100,12.5,25,-2,-9,25,5,35
9,100,68.25,50,100,14.5,25,-2.5,-10,25,4,35
9,100,67.25,44.5,100,16.25,25,-2,-11,25,3.5,35
9,100,66,38.5,100,18.5,25,-2.5,-12,25,4.5,35
9,100,65,32,100,21.25,25,-2,-13,25,5.5,35
9,100,63.75,25,100,24.5,25,-2.5,-14,25,6.5,35
9,100,62,17.5,100,28.25,25,-3.5,-15,25,7.5,35
9,100,60.75,9.5,100,32.5,25,-2.5,-16,25,8.5,35
9,100,59.75,1,100,37.25,25,-2,-17,25,9.5,35
9,100,58.25,5.5,100,8,25,-3,-12.5,25,18,35
9,100,57.25,100,100,0.25,25,-2,25,25,11.5,35
7.65,56,56,100,100,5.5,-2.5,-2.5,25,25,10.5,35
6.3,55,100,100,100,11.25,-2,25,25,25,11.5,35
5.4,54,100,30.5,100,42,-2,25,-11.5,25,17.5,35
5.4,53,100,24.5,100,50.25,-2,25,-12,25,16.5,35
5.4,52,100,18.25,100,58,-2,25,-12.5,25,15.5,35
5.4,51,100,11.5,100,65.25,-2,25,-13.5,25,14.5,35
5.4,50,100,4.75,100,72,-2,25,-13.5,25,13.5,35
5.4,49,100,65.25,100,2.5,-2,25,-6,25,14.5,35
5.4,48,100,62.75,100,9.25,-2,25,-5,25,13.5,35
5.4,47,100,60.75,100,15.5,-2,25,-4,25,12.5,35
5.4,46,100,58.5,100,21.25,-2,25,-4.5,25,11.5,35
5.4,45,100,56.75,100,26.5,-2,25,-3.5,25,10.5,35
5.4,44,100,54.75,100,31.25,-2,25,-4,25,9.5,35
5.4,43,99.25,52.75,100,35.5,-2,-2,-4,25,8.5,35
5.4,42,98.25,50.25,100,39.25,-2,-2,-5,25,7.5,35
5.4,41,97.25,48.25,100,42.5,-2,-2,-4,25,6.5,35
5.4,40,96.25,46,100,45.25,-2,-2,-4.5,25,5.5,35
5.4,39,95.25,43.75,100,47.5,-2,-2,-4.5,25,4.5,35
5.4,38,94.25,41,100,49.25,-2,-2,-5.5,25,3.5,35
5.4,37,93.25,37.75,100,51,-2,-2,-6.5,25,3.5,35
5.4,36,92.25,34.75,100,53.25,-2,-2,-6,25,4.5,35
5.4,35,91.25,31.25,100,55.5,-2,-2,-7,25,4.5,35
5.4,34,90.25,28.25,100,58.25,-2,-2,-6,25,5.5,35
5.4,33,89.25,25.75,100,61,-2,-2,-5,25,5.5,35
5.4,32,88.25,22.75,100,63.5,-2,-2,-6,25,5,35
5.4,31,87.25,19.25,100,66.5,-2,-2,-7,25,6,35
5.4,30,86.25,15.25,100,69.5,-2,-2,-8,25,6,35
5.4,29,85.25,10.75,100,72.5,-2,-2,-9,25,6,35
5.4,28,83.75,5.75,100,76,-2,-3,-10,25,7,35
5.4,27,81.75,0.25,100,80,-2,-4,-11,25,8,35
5.4,26,79.25,0,100,5.75,-2,-5,-21,25,12,35
5.4,25,76.25,28.25,100,11,-2,-6,-19.5,25,22,35
5.4,24,72.75,18.5,100,19.25,-2,-7,-19.5,25,14,35
5.4,23,68.75,9,100,26.75,-2,-8,-19,25,15,35
5.4,22,64.25,53.5,100,0.5,-2,-9,-6.5,25,19,35
5.4,21,59.25,50.75,100,9.5,-2,-10,-5.5,25,18,35
5.4,20,53.75,48.5,100,18,-2,-11,-4.5,25,17,35
4.05,47.75,47.75,46.75,100,26,-12,-12,-3.5,25,16,35
2.7,41.25,45.5,45.5,100,34.25,-13,-2.5,-2.5,25,16.5,35
1.8,34.25,44.5,100,100,100,-14,-2,25,25,25,35
1.8,27.25,43.5,100,100,100,-14,-2,25,25,25,35
1.8,20.25,42,100,100,100,-14,-3,25,25,25,35
1.8,13.75,40.25,100,100,100,-13,-3.5,25,25,25,35
1.8,7,38.25,100,100,100,-13.5,-4,25,25,25,35
1.8,0.75,35.75,100,100,100,-12.5,-5,25,25,25,35
3.15,72.75,32.75,32.75,5,81.5,-2,-6,-6,11.5,10.5,35
4.5,71.75,71.75,29.75,11.25,86.25,-2,-2,-6,12.5,9.5,35
5.4,9,70.75,27.25,100,90.5,-2,-2,-5,25,8.5,35
5.4,8,69.75,25,100,94.25,-2,-2,-4.5,25,7.5,35
5.4,6.75,68.75,22.75,100,97.5,-2.5,-2,-4.5,25,6.5,35
5.4,5.75,67.75,21,100,100,-2,-2,-3.5,25,25,35
5.4,4.75,66.75,18.75,100,100,-2,-2,-4.5,25,25,35
5.4,3.75,65.75,16,100,100,-2,-2,-5.5,25,25,35
5.4,2.5,64.75,12.75,100,100,-2.5,-2,-6.5,25,25,35
5.4,0.75,63.75,9,100,100,-3.5,-2,-7.5,25,25,35
5.4,97.25,62.75,4.75,0.5,100,-3,-2,-8.5,2.5,25,35
5.4,95.25,61.75,0,1.5,100,-4,-2,-9.5,2,25,35
5.4,92.75,60.75,11.5,2.5,5.25,-5,-2,-20.5,2,10.5,35
5.4,89.75,59.75,0.75,3.5,11,-6,-2,-21.5,2,11.5,35
5.4,86.25,58.75,20.25,4.5,10.25,-7,-2,-19,2,22,35
5.4,82.25,57.75,11.25,5.75,21.25,-8,-2,-18,2.5,22,35
5.4,77.75,56.75,2.75,6.75,31.25,-9,-2,-17,2,14.5,35
5.4,72.75,55.75,66.5,7.75,5.25,-10,-2,-7.5,2,16,35
5.4,67.25,54.75,63.25,9,12.75,-11,-2,-6.5,2.5,15,35
5.4,61.25,53.5,60.5,10,19.75,-12,-2.5,-5.5,2,14,35
4.05,51.75,51.75,58.25,95.75,26.25,-3.5,-3.5,-4.5,2,13,35
2.7,49.75,56.5,56.5,96.75,33.25,-4,-3.5,-3.5,2,14,35
1.8,48.25,55.25,100,97.75,100,-3,-2.5,25,2,25,35
1.8,47.25,54.25,100,98.75,100,-2,-2,25,2,25,35
1.8,46,53.25,100,99.75,100,-2.5,-2,25,2,25,35
1.8,45,52.25,100,100,100,-2,-2,25,25,25,35
1.8,43.5,51.25,100,100,100,-3,-2,25,25,25,35
1.8,41.5,50.25,100,100,100,-4,-2,25,25,25,35
1.8,39,49.25,100,100,100,-5,-2,25,25,25,35
1.8,36,48.25,100,100,100,-6,-2,25,25,25,35
1.8,32.5,47.25,100,100,100,-7,-2,25,25,25,35
1.8,28.5,46.25,100,100,100,-8,-2,25,25,25,35
1.8,24,45.25,100,100,100,-9,-2,25,25,25,35
1.8,19,44.25,100,100,100,-10,-2,25,25,25,35
1.8,13.5,43.25,100,100,100,-11,-2,25,25,25,35
1.8,7.5,42.25,100,100,100,-12,-2,25,25,25,35
1.8,1,41.25,100,100,100,-13,-2,25,25,25,35
3.15,44,39.75,39.75,5.5,91.5,-5,-3,-3,13,2,35
4.5,42,42,38,12.5,92.5,-4,-4,-3.5,14,2,35
5.4,77.75,40.5,36.25,18.75,93.5,-4,-3,-3.5,2.5,2,35
6.75,75.25,39.5,39.5,20,28,-5,-2,-2,2.5,16,35
8.1,72.25,72.25,38.5,21.75,35.5,-6,-6,-2,3.5,15,35
9,100,68.75,37.5,100,42.5,25,-7,-2,25,14,35
9,100,64.75,36.5,100,49,25,-8,-2,25,13,35
9,100,60.25,35,100,55,25,-9,-3,25,12,35
9,100,55.25,34,100,60.5,25,-10,-2,25,11,35
9,100,49.75,33,100,65.5,25,-11,-2,25,10,35
9,100,43.75,32,100,70,25,-12,-2,25,9,35
9,100,37.25,30.5,100,74,25,-13,-3,25,8,35
9,100,30.25,29.5,100,77.5,25,-14,-2,25,7,35
7.65,22.75,22.75,28.5,55.25,80.5,-15,-15,-2,8.5,6,35
6.3,14.75,27,27,59.75,83,-16,-3,-3,9,5,35
5.4,6.25,26,31.5,63.75,19,-17,-2,-5,8,14.5,35
5.4,12.5,25,29.5,2.75,25.75,-13,-2,-4,18,13.5,35
5.4,6.5,24,28,12.25,32,-12,-2,-3,19,12.5,35
5.4,1,22.75,27,22.25,37.75,-11,-2.5,-2,20,11.5,35
6.75,100,21.75,21.75,4,89.5,25,-2,-2,10,2,35
8.1,100,100,20.25,9.5,90.5,25,25,-3,11,2,35
9,100,100,19.25,100,91.5,25,25,-2,25,2,35
9,100,100,18.25,100,92.5,25,25,-2,25,2,35
9,100,100,16.75,100,93.5,25,25,-3,25,2,35
9,100,100,15.75,100,94.5,25,25,-2,25,2,35
9,100,100,14.5,100,95.5,25,25,-2.5,25,2,35
9,100,100,12.75,100,96.5,25,25,-3.5,25,2,35
9,100,100,11.5,100,97.5,25,25,-2.5,25,2,35
9,100,100,10.5,100,98.5,25,25,-2,25,2,35
9,100,100,9.5,100,99.5,25,25,-2,25,2,35
9,100,100,8.5,100,100,25,25,-2,25,25,35
9,100,100,7.5,100,100,25,25,-2,25,25,35
9,100,100,6.5,100,100,25,25,-2,25,25,35
9,100,99.25,5.5,100,100,25,-2,-2,25,25,35
9,100,98.25,4,100,100,25,-2,-3,25,25,35
9,100,97.25,2.75,100,100,25,-2,-2.5,25,25,35
9,100,96.25,1,100,100,25,-2,-3.5,25,25,35
9,100,95.25,67.75,100,0.5,25,-2,-8,25,3,35
9,100,94.25,64.25,100,2.25,25,-2,-7,25,3.5,35
9,100,93.25,60.5,100,4,25,-2,-7.5,25,3.5,35
9,100,92.25,56.75,100,5.75,25,-2,-7.5,25,3.5,35
9,100,91.25,52.5,100,8,25,-2,-8.5,25,4.5,35
9,100,90.25,48.25,100,10.75,25,-2,-8.5,25,5.5,35
9,100,89.25,44.25,100,13.25,25,-2,-8,25,5,35
