5.4,48,100,100,100
5.4,48.25,100,100,100
5.4,47.25,100,100,100
5.4,45,100,100,100
5.4,41.75,100,100,100
5.4,37.5,100,100,100
5.4,33,100,100,100
5.4,28.75,100,100,100
5.4,24,100,100,100
5.4,19.5,100,100,100
5.4,15.5,100,100,100
5.4,11.5,100,100,100
4.05,100,100,100,100
2.7,97,100,100,100
1.8,89.75,100,100,100
1.8,82,100,100,100
1.8,73.75,100,100,100
1.8,65,100,100,100
1.8,56.25,100,100,100
1.8,47.25,100,100,100
1.8,38,100,100,100
1.8,28.25,100,100,100
1.8,18.75,100,100,100
1.8,9.75,100,100,100
1.8,1.25,100,100,100
1.8,51,100,6.75,100
1.8,45,100,14.25,100
1.8,39.5,100,21.75,100
1.8,34.25,100,28.75,100
1.8,29.5,100,35.75,100
1.8,24.25,100,42.25,100
1.8,19.25,100,48.25,100
1.8,14.75,100,54.75,100
1.8,10,100,60.75,100
1.8,5.5,100,66.25,100
1.8,1.5,100,71.75,100
1.8,64,100,2.75,100
1.8,62.5,100,6.5,100
1.8,61.5,100,10.5,100
1.8,60.25,100,14.75,100
1.8,58.75,100,19.5,100
1.8,57.75,100,23.75,100
1.8,56.5,100,27.5,100
1.8,55,100,30.75,100
1.8,54,100,33.5,100
1.8,53,100,36,100
1.8,51.5,100,39,100
1.8,50.5,100,41.5,100
1.8,49.5,100,43.5,100
1.8,48.5,100,45.5,100
1.8,47.5,100,47,100
1.8,46.25,100,48.25,100
1.8,44.75,100,49.5,100
1.8,43.75,100,50.75,100
1.8,42.75,100,51.75,100
1.8,41.75,100,52.75,100
1.8,40.75,100,53.75,100
1.8,39.5,100,55,100
1.8,37.75,100,56,100
1.8,36,100,57,100
1.8,34.5,100,58,100
1.8,33.5,100,59,100
1.8,32.5,100,60,100
1.8,31.5,100,61,100
1.8,30.25,100,62,100
1.8,28.5,100,63,100
1.8,27.25,100,64.25,100
1.8,25.5,100,65.5,100
1.8,23.25,100,66.5,100
1.8,20.5,100,68,100
1.8,17.25,100,69,100
1.8,13.5,100,70,100
1.8,9.25,100,71.25,100
1.8,4.5,100,73,100
1.8,49.75,100,0.75,100
3.15,45.75,36.5,6,100
4.5,42.25,35,11.75,100
5.4,18.5,33.75,43.5,100
5.4,13.75,32.75,45.75,100
5.4,10,32.75,47.5,100
5.4,6,32.5,49.75,100
5.4,3,33,51.5,100
5.4,0,34,53.75,100
5.4,54.5,34.5,2.5,100
5.4,47.25,34.75,5.25,100
5.4,38.5,34.5,9.25,100
5.4,28.25,32.75,14.75,100
5.4,18.5,30.5,20.75,100
5.4,8.25,28,27.25,100
6.75,53,30.25,1.5,84
8.1,50,29,11.75,87.75
9,100,27.25,100,91
9,100,26,100,93.75
9,100,25,100,96
9,100,24,100,97.75
9,100,23,100,99
9,100,22,100,100
9,100,21,100,100
9,100,21,100,100
9,100,21,100,100
9,100,19.5,100,100
7.65,32.5,18.5,99.75,100
6.3,31.25,17,100,100
5.4,29.75,0.75,100,100
4.05,12.5,95,100,0.75
2.7,10.5,93,100,2.75
1.8,9,100,100,100
1.8,8,100,100,100
1.8,6.5,100,100,100
1.8,5.5,100,100,100
1.8,4,100,100,100
1.8,3,100,100,100
1.8,2,100,100,100
1.8,0.5,100,100,100
1.8,85.25,100,1.5,100
1.8,80.25,100,3,100
1.8,71.75,100,4.5,100
1.8,62.25,100,5.75,100
1.8,52.25,100,7.5,100
1.8,41.75,100,9.75,100
1.8,30.75,100,12.5,100
1.8,21.25,100,14.75,100
1.8,10.5,100,18.5,100
3.15,0.25,19.25,22.75,76.25
4.5,49.75,14.25,10.5,78.5
5.4,52.25,9.25,12.75,80.25
5.4,49.25,4,14.5,82.25
5.4,46.75,73,16,1
5.4,44,69.25,18,6.5
4.05,44.75,65.5,57.75,11.5
2.7,43.75,62.25,63.5,17
1.8,42.75,100,68.75,100
1.8,41.75,100,73.5,100
1.8,40.75,100,77.75,100
1.8,39.75,100,81.5,100
1.8,38.75,100,84.75,100
1.8,37.75,100,87.5,100
1.8,36.75,100,89.75,100
1.8,35.75,100,91.5,100
1.8,35.75,100,91.75,100
3.15,35.75,32.5,91.75,70.75
4.5,35.75,31.5,91.75,73.25
5.4,26,30,64.75,75.25
5.4,26,29,66,76.75
5.4,25.75,28.5,66.75,77.75
5.4,25.5,28.5,67.25,78.25
5.4,25.5,28.5,67.75,78.25
5.4,25.5,28,67.75,78.25
5.4,25.5,28,68,78.25
5.4,25.5,28,68,78.25
5.4,25.5,27.5,68,78.25
5.4,25.5,27.25,68.25,78.25
5.4,25.5,27.25,69,78.25
5.4,24.25,26.25,71.25,79.25
5.4,23.75,25.75,72,79.25
5.4,23.75,25.75,71.25,78.25
5.4,24.25,25.25,70.75,77.25
5.4,24.25,23.25,71.25,77.25
5.4,24.25,20.75,71.75,77.25
5.4,23.75,17.75,71.75,77.25
5.4,22.75,13.25,72.75,78.75
5.4,21.25,8.25,74.25,79.75
5.4,20.25,2.75,75.25,80.75
5.4,19.25,8.5,76.25,3.25
4.05,27.75,65.75,95.75,0.25
2.7,25,64.75,96.75,9.5
1.8,21.75,100,97.75,100
1.8,18.75,100,98.75,100
1.8,16,100,99.75,100
1.8,12.75,100,100,100
1.8,9,100,100,100
1.8,4.75,100,100,100
1.8,0.5,100,100,100
1.8,60.25,100,3.5,100
1.8,58.5,100,7,100
1.8,56.5,100,10,100
1.8,55,100,12.75,100
1.8,53,100,15.75,100
1.8,51.5,100,18.75,100
1.8,49.5,100,21.75,100
1.8,48,100,25.25,100
1.8,47,100,28.25,100
1.8,46,100,30.75,100
1.8,45,100,32.75,100
1.8,43.5,100,34.75,100
3.15,42.5,44.75,36.25,100
4.5,41.25,43.75,38.25,100
5.4,91,42.75,5.75,100
5.4,89.25,41.25,6.75,100
5.4,87.25,39.75,7.75,100
5.4,85.25,37.75,9.25,100
6.75,83.25,35,11,54
8.1,81.75,34,13.25,57
9,100,32.75,100,59.5
9,100,31.75,100,61.5
9,100,30.75,100,63
9,100,29.75,100,64.5
9,100,28.75,100,65.75
9,100,27.5,100,67
9,100,25.75,100,68
9,100,23.5,100,69
9,100,20.75,100,70.25
9,100,17.5,100,71.5
9,100,13.75,100,72.5
9,100,9.5,100,73.5
9,100,5.75,100,74.5
9,100,1.5,100,75.75
9,100,49.25,100,3.25
7.65,13.75,45,84.75,7.75
6.3,7.75,41.25,87.25,12.75
5.4,2.25,85.5,89.25,30
4.05,35.25,84.5,24.25,32.25
2.7,32.75,83.5,30.25,35
1.8,29.75,100,36.25,100
1.8,27.25,100,42.25,100
1.8,25.25,100,47.75,100
1.8,23,100,52.75,100
1.8,21.25,100,57.25,100
1.8,19.75,100,61.25,100
1.8,18.5,100,65.5,100
1.8,17.25,100,69.25,100
1.8,16.25,100,72.5,100
1.8,15,100,75.25,100
1.8,13.75,100,77.5,100
1.8,12.75,100,79.5,100
1.8,11.75,100,81.25,100
1.8,10.75,100,83,100
1.8,9.75,100,84.5,100
1.8,8.5,100,85.5,100
1.8,7.5,100,86.75,100
1.8,6.5,100,87.75,100
1.8,5,100,89.25,100
1.8,3,100,90.75,100
1.8,0.75,100,92.25,100
1.8,92.75,100,1,100
1.8,91.5,100,2.25,100
1.8,89.75,100,3.25,100
1.8,88,100,4.25,100
1.8,86,100,5.25,100
1.8,83.75,100,6.75,100
1.8,81.25,100,8.75,100
3.15,78.25,51.75,10.5,94.25
4.5,75.75,50,12.75,95.25
5.4,0,48.75,84.5,96.25
5.4,19.5,47.75,5,97.25
5.4,12.5,46.75,10.5,98.25
5.4,6,45.75,16.5,99.25
5.4,0,44.75,23,100
6.75,84.75,58,5.5,36.75
8.1,83.75,54.75,11.5,41.5
9,100,51,100,45.75
9,100,47.75,100,49.5
9,100,45,100,52.75
9,100,42.75,100,55.5
9,100,40,100,57.75
9,100,37.75,100,59.5
9,100,36,100,60.75
9,100,34.75,100,61.75
9,100,33.25,100,62.75
9,100,31.5,100,64
9,100,30.25,100,65.5
9,100,29.25,100,66.75
9,100,27.75,100,68.5
9,100,26.75,100,69.75
9,100,25.25,100,70.75
9,100,24.25,100,71.75
9,100,23,100,73
9,100,22,100,74.25
9,100,20.75,100,75.5
9,100,19.25,100,77.25
9,100,18.25,100,78.5
9,100,17.25,100,79.5
9,100,15.75,100,80.75
9,100,14.75,100,82.25
9,100,13.75,100,83.25
9,100,13.5,100,83.25
9,100,14.5,100,82.5
9,100,15.5,100,81.5
9,100,17,100,79.5
9,100,19,100,77.5
9,100,21,100,75.5
9,100,23,100,73.75
9,100,24,100,73.25
9,100,24.5,100,72.25
7.65,16,25.5,100,71.25
6.3,9.5,26.5,100,70.75
5.4,2.5,8.75,100,31.5
5.4,22,3.25,6,37.75
5.4,17,61.5,16,3
4.05,25,59.25,72.25,9.25
2.7,23.5,57.5,73.25,16
1.8,22.5,100,74.75,100
1.8,21.5,100,75.75,100
1.8,20.5,100,76.75,100
1.8,19.25,100,77.75,100
1.8,18,100,78.75,100
1.8,16.5,100,80.25,100
1.8,15.5,100,81.25,100
1.8,14.5,100,82.75,100
1.8,13.5,100,83.75,100
1.8,12.5,100,84.75,100
1.8,11,100,86.25,100
1.8,10,100,87.25,100
1.8,8.75,100,88.75,100
1.8,7,100,89.75,100
1.8,5.75,100,90.75,100
1.8,4.75,100,92.25,100
1.8,3.75,100,93.25,100
1.8,2.75,100,94.75,100
1.8,1.75,100,95.75,100
1.8,0.75,100,97.25,100
1.8,94.75,100,0.25,100
1.8,93,100,1.25,100
1.8,91.75,100,2.75,100
1.8,90,100,4.5,100
1.8,88.5,100,6.25,100
1.8,86.5,100,7.5,100
1.8,84.75,100,8.5,100
1.8,83,100,9.5,100
1.8,81.25,100,10.75,100
3.15,79.25,43.5,12,3.5
4.5,77.25,31.75,13.75,9.5
5.4,81.25,19.75,31,16
5.4,79.25,8.25,32,23
5.4,77.5,42.5,33,2.75
6.75,75.75,69,34,25.75
8.1,73.5,67,35.5,29
9,100,64.75,100,31.75
9,100,62.25,100,34
9,100,59.75,100,35.75
9,100,57.25,100,37
9,100,55.25,100,38
9,100,53,100,39
9,100,50.75,100,40
9,100,48,100,41
9,100,44.75,100,42
9,100,42,100,43
9,100,38.75,100,44
9,100,35,100,45.25
9,100,31.5,100,46.25
9,100,27.5,100,47.25
9,100,23,100,48.5
9,100,18,100,50
9,100,12.75,100,51.5
9,100,7.5,100,52.75
9,100,2.5,100,54.5
9,100,57.25,100,2.25
7.65,42.5,54.25,86.75,6.5
6.3,41.25,51.75,87.75,11.25
5.4,40,81,88.75,13.25
4.05,46.75,77.5,22.25,14.75
2.7,45,73.5,27.75,16.75
1.8,42.75,100,32.75,100
1.8,41,100,37.25,100
1.8,39,100,41.25,100
1.8,37.5,100,45,100
1.8,35.75,100,49.25,100
1.8,34.5,100,53,100
1.8,33.25,100,56.25,100
1.8,31.75,100,59,100
3.15,30.75,15,61.25,57.25
4.5,29.75,6,63.5,63.25
3.15,28.5,41.5,65.25,3.5
1.8,27.5,100,66.5,100
1.8,26.25,100,67.75,100
1.8,26.25,100,68.5,100
1.8,26.25,100,68.75,100
1.8,26,100,68.75,100
1.8,26,100,68.75,100
1.8,25.75,100,68.75,100
1.8,25.75,100,69,100
1.8,25.75,100,69,100
1.8,25.5,100,69,100
1.8,25.5,100,69,100
1.8,25.25,100,69.25,100
1.8,25.25,100,70,100
1.8,25.25,100,70.25,100
1.8,26.25,100,69.5,100
1.8,27.25,100,69,100
1.8,28.25,100,68,100
1.8,28.25,100,68,100
1.8,28.25,100,68.5,100
1.8,28.25,100,68.5,100
1.8,27.25,100,69.5,100
1.8,26.25,100,70.5,100
1.8,26.25,100,70.5,100
1.8,27.25,100,69.5,100
1.8,29.25,100,68,100
1.8,30.25,100,67,100
1.8,31.25,100,66.5,100
1.8,31.25,100,66.5,100
1.8,31.25,100,66.5,100
1.8,30.25,100,68,100
1.8,29.25,100,69,100
1.8,29.25,100,69,100
1.8,29.25,100,69,100
3.15,29.25,26.25,69.5,100
3.15,29.25,25.25,69.5,100
3.15,30.25,24.75,68.5,100
3.15,31.25,24.25,67.5,100
4.5,32.25,23.75,66.5,100
5.4,9.75,23.5,61,100
5.4,5,22.75,61.5,100
5.4,34.5,22.25,0.25,100
5.4,28,21.25,6,100
5.4,21,19,13.25,100
5.4,13.5,16.25,22,100
5.4,6.5,13.75,31,100
5.4,0,11.5,40.5,100
6.75,66.25,32.25,6,70
8.1,63.5,31.25,12.5,71.25
9,100,30.25,100,72.25
9,100,29.25,100,73.25
9,100,28.25,100,74.25
9,100,27.25,100,75.25
9,100,26.25,100,76.25
9,100,25.25,100,77.25
9,100,24.25,100,78.25
9,100,23.25,100,79.25
9,100,22.25,100,80.25
9,100,21.25,100,81.25
9,100,20.25,100,82.25
9,100,19.25,100,83.25
9,100,18.25,100,84.25
9,100,17.25,100,85.25
9,100,16.25,100,86.25
9,100,15.25,100,87.25
9,100,14.25,100,88.25
9,100,13.25,100,89.25
9,100,12.25,100,90.25
9,100,11.25,100,91.25
9,100,10.25,100,92.25
9,100,10.25,100,92.25
9,100,10.25,100,92.25
9,100,10.25,100,92.25
9,100,11.25,100,91.25
9,100,13.25,100,89.25
9,100,16.25,100,86.25
9,100,18.25,100,84.25
9,100,20.25,100,82.25
9,100,21.25,100,81.25
7.65,20.5,22.25,100,80.25
6.3,16.25,23.25,100,79.25
6.3,10.5,23.25,100,79.25
6.3,3.5,22.25,100,80.25
7.65,46,21.25,4,81.25
6.3,41.75,20.25,11.75,82.75
5.4,38,54.25,19.5,10.75
4.05,18.25,52,84.75,17.25
2.7,17.25,49.75,85.75,24.25
1.8,16.25,100,86.75,100
1.8,16.25,100,86.75,100
1.8,16.25,100,86.75,100
1.8,16.25,100,86.75,100
1.8,15.25,100,87.75,100
1.8,14.25,100,88.75,100
1.8,13.25,100,89.75,100
1.8,12.25,100,90.75,100
1.8,11.25,100,91.75,100
1.8,10.25,100,92.75,100
1.8,9.25,100,93.75,100
1.8,8.25,100,94.75,100
1.8,8.25,100,94.75,100
1.8,9.25,100,93.75,100
1.8,11.25,100,91.75,100
1.8,14.25,100,88.75,100
1.8,18.25,100,84.75,100
1.8,22.25,100,80.75,100
1.8,26.25,100,76.75,100
1.8,29.25,100,73.75,100
1.8,31.25,100,71.75,100
3.15,33.25,31.5,69.75,73.25
4.5,35.25,31,68,71.25
5.4,49.75,30,54,69.25
5.4,50.75,27.5,53,68.25
5.4,50.75,23.5,53,68.25
5.4,49.75,18.25,54,69.25
6.75,48.75,36.25,55,67.5
8.1,47.75,35.25,56,68.5
9,100,34.25,100,69.5
9,100,33.25,100,70.5
9,100,32.25,100,71.5
9,100,31.25,100,72.5
9,100,30.25,100,73.5
9,100,29.25,100,74.5
9,100,28.25,100,75.5
9,100,27.25,100,76.5
9,100,26.25,100,77.5
9,100,25.25,100,78.5
9,100,24.25,100,79.5
9,100,24.25,100,79.5
9,100,24.25,100,79.5
9,100,24.25,100,79.5
9,100,24.25,100,79.5
9,100,23.75,100,79.5
9,100,23.75,100,79.5
9,100,23.75,100,79.5
9,100,23.75,100,79.5
9,100,23.75,100,79.5
9,100,23.5,100,79.5
9,100,23.5,100,79.5
9,100,23.25,100,79.5
9,100,23,100,79.5
9,100,22.25,100,79.5
9,100,21.5,100,79.5
9,100,21,100,79.5
9,100,20.75,100,79.5
9,100,20.75,100,79.5
9,100,20.25,100,79.5
9,100,19.5,100,79.5
9,100,18.75,100,79.5
9,100,17.5,100,79.75
9,100,16.5,100,79.75
9,100,15.75,100,80
9,100,15.5,100,80.75
9,100,15,100,81
9,100,14.75,100,81.75
9,100,14.25,100,82
9,100,13.25,100,82
9,100,12.25,100,82.5
9,100,11.25,100,83.5
9,100,9.25,100,85
9,100,8,100,85.5
9,100,6.75,100,85.5
9,100,6.5,100,85
9,100,5.5,100,85.75
9,100,4.25,100,86.25
9,100,3.75,100,85.5
9,100,2.75,100,84.5
9,100,2.25,100,82.5
9,100,2.75,100,79.75
9,100,4.5,100,76.25
9,100,7.5,100,72.25
9,100,11.75,100,67
9,100,16,100,61.5
7.65,14,20.25,55.25,56
6.3,12.75,24.25,51,50.5
5.4,12,92.75,46.75,6.5
5.4,10.75,97.75,44,1.5
5.4,9,2.5,42.75,100
5.4,6.75,5.5,43,100
5.4,4,7.5,44.75,100
5.4,0.75,8.5,48,100
5.4,91.25,8.5,3,100
6.75,91.25,33,6.25,49
8.1,91.25,32,10,52
9,100,31,100,54.5
9,100,29.5,100,57.5
9,100,28.5,100,60.5
9,100,27.5,100,63
9,100,26.5,100,65
9,100,25.25,100,67.5
9,100,24.25,100,69.5
9,100,23.25,100,71
9,100,22.25,100,72
9,100,21.25,100,73
9,100,20.25,100,74.5
9,100,19.25,100,76.25
9,100,18,100,77.5
9,100,17,100,78.5
9,100,15.75,100,79.5
9,100,14,100,80.5
9,100,12.25,100,81.5
9,100,10.75,100,83
9,100,9.5,100,84
9,100,8,100,85.5
9,100,7,100,86.5
9,100,5.5,100,87.5
9,100,4,100,89
9,100,2.25,100,91
9,100,0.25,100,92.5
9,100,74.5,100,0.25
9,100,69.5,100,0.75
9,100,0,100,93.25
9,100,1.25,100,91.5
9,100,3,100,89.25
9,100,3.25,100,88
9,100,4,100,86.25
9,100,4.25,100,84.5
9,100,5,100,81.75
9,100,4.25,100,79.75
9,100,2,100,4.25
9,100,39.25,100,1.75
9,100,37,100,6
7.65,20.75,35.25,43.75,10.75
6.3,20.5,34,53.25,16
5.4,20.75,12.5,62.25,74
5.4,22.5,14.5,69.75,72.5
5.4,23.5,15.5,77.75,72
5.4,24.5,16.5,85.25,71.5
5.4,25.25,17.5,92.25,71.25
5.4,26.75,19.5,97.75,70.5
5.4,27.75,20.5,100,71.25
5.4,27.75,20.5,100,72.5
5.4,27.75,20.5,100,73.25
5.4,27.75,20.5,100,73.75
5.4,27.75,20.5,100,74.5
5.4,28.75,21.5,100,73.75
5.4,29.75,22.5,100,72.75
5.4,31.75,24.5,100,71.25
5.4,32.5,25.5,100,71.25
5.4,33,26.5,100,70.75
5.4,34,27.5,100,69.75
5.4,34.5,28,100,68.75
5.4,34,27.5,100,69
5.4,33.25,27,100,69
5.4,34,27.25,100,68
5.4,35,27.25,100,67.25
5.4,35.75,27,100,66.5
5.4,36.25,26.75,100,66
5.4,37.25,26,100,65
5.4,38.25,25.25,100,64.25
5.4,39,24.25,100,63.5
5.4,40,23.75,100,63
5.4,40,22.25,100,63.25
5.4,39.75,20.25,100,63.5
5.4,38,16.75,100,64.5
5.4,36.75,13.75,100,65
5.4,34,9.25,100,66.25
5.4,30.75,4.25,100,67.25
5.4,27,25,100,1.25
5.4,22.75,14.25,100,7.25
5.4,18,3.75,100,13.75
4.05,31.5,44.25,85.5,6.25
5.4,7.75,42.25,100,15.75
5.4,2.75,40.75,100,24.75
5.4,57.75,39.75,2,33.25
6.75,56.25,27.25,6.75,89.5
8.1,55,26.25,12,90.5
9,100,24.75,100,91.5
9,100,23,100,92.5
9,100,21.75,100,93.5
9,100,20,100,94.5
9,100,18,100,95.5
9,100,16.5,100,96.5
9,100,15.25,100,97.5
9,100,14.25,100,98.5
9,100,13,100,99.5
9,100,11.75,100,100
9,100,10.5,100,100
9,100,8.75,100,100
9,100,7.5,100,100
9,100,6.5,100,100
9,100,5.5,100,100
9,100,5.5,100,100
9,100,6.5,100,100
9,100,7.5,100,100
9,100,7.5,100,100
9,100,7.5,100,100
9,100,7.5,100,100
9,100,8.5,100,100
9,100,10,100,100
9,100,11.75,100,100
9,100,14,100,100
9,100,17.75,100,100
9,100,20.5,100,100
9,100,22.75,100,100
9,100,23.5,100,100
7.65,31,23.75,62,100
6.3,27.75,23.5,60.75,100
5.4,24,50.75,59,100
4.05,22.25,52.75,78,100
2.7,21.75,54.75,76,100
1.8,21.5,100,74,100
1.8,19.75,100,73,100
1.8,16.75,100,73,100
1.8,12.25,100,74.5,100
1.8,7.75,100,76.5,100
1.8,3.25,100,78.25,100
1.8,56.5,100,1.5,100
1.8,52.5,100,6.5,100
1.8,48.25,100,11.25,100
1.8,44,100,15.5,100
1.8,40.25,100,19.5,100
1.8,36.5,100,23,100
1.8,33.25,100,27,100
1.8,29.5,100,31.5,100
1.8,26.25,100,36.5,100
1.8,23.5,100,41.5,100
1.8,21.25,100,46.25,100
1.8,18.5,100,51,100
1.8,16.25,100,55.25,100
1.8,14,100,59.5,100
1.8,11.75,100,64,100
1.8,9.5,100,68,100
1.8,7.75,100,72.5,100
1.8,6.25,100,76.5,100
1.8,4.5,100,80,100
1.8,2.25,100,83,100
1.8,0,100,86,100
1.8,74.5,100,1.75,100
1.8,70.5,100,3.25,100
1.8,67,100,4.5,100
1.8,63,100,6,100
1.8,58.5,100,8,100
3.15,53.5,26.5,10.25,100
4.5,48,25.5,13,100
5.4,70.5,24,22.75,100
6.75,69.25,35.5,23.75,20
8.1,67.5,28.5,25.25,23.75
9,100,21,100,28
9,100,13,100,32.75
9,100,5.25,100,38
9,100,46.25,100,3
9,100,42.5,100,11.75
9,100,39.25,100,20
9,100,36.5,100,27.75
9,100,34.25,100,35
9,100,32.5,100,41.75
9,100,31.25,100,48
9,100,30.25,100,53.75
9,100,29.25,100,59
9,100,28.25,100,63.75
9,100,27.25,100,68
9,100,26.25,100,71.75
9,100,25.25,100,75
9,100,24.25,100,77.75
9,100,23.25,100,80
9,100,22.25,100,81.75
9,100,21.25,100,83
9,100,20.25,100,84
9,100,20.25,100,84
9,100,21.25,100,83
9,100,23.25,100,81
9,100,24.25,100,80
9,100,26.25,100,78
9,100,27.25,100,77
9,100,29.25,100,75
9,100,31.25,100,73
9,100,33.25,100,71
9,100,34.25,100,70
9,100,34.25,100,70
7.65,33,34.25,51,70
6.3,32,34.25,52,70
5.4,30.75,4.75,52.75,88.75
5.4,29.25,4,53.5,89
5.4,27.25,3.5,54.75,89
5.4,24.75,3,55.75,89
5.4,21.75,2.5,56.5,89
5.4,18.25,2.5,57.5,89.25
5.4,14.5,2.5,58.75,89.5
5.4,10.75,2.25,59.75,89.5
5.4,6,1.25,61.75,90.5
5.4,1,0,63.25,91.5
5.4,49.75,84.75,3.5,1.75
5.4,46.5,82.75,8.5,3.25
5.4,43.75,80.25,14,5.25
5.4,41.5,78.25,19,7
4.05,27.25,76.5,84.25,9.25
2.7,26.25,75.25,85.25,12
1.8,25.25,100,86.25,100
1.8,24.25,100,87.25,100
1.8,23.25,100,88.25,100
1.8,22.25,100,89.25,100
1.8,21.25,100,90.25,100
1.8,20.25,100,91.25,100
1.8,19.25,100,92.25,100
1.8,18.25,100,93.25,100
1.8,17.25,100,94.25,100
1.8,16.25,100,95.25,100
1.8,15.25,100,96.25,100
1.8,14.25,100,97.25,100
1.8,13,100,98.25,100
1.8,12,100,99.25,100
1.8,11,100,100,100
1.8,10,100,100,100
1.8,9,100,100,100
1.8,8,100,100,100
1.8,7,100,100,100
1.8,5.5,100,100,100
1.8,4.5,100,100,100
1.8,3.5,100,100,100
1.8,2.5,100,100,100
1.8,1.25,100,100,100
1.8,0.25,100,100,100
1.8,79,100,1,100
1.8,76,100,2.75,100
1.8,73.5,100,4.5,100
1.8,71.25,100,6,100
1.8,68.75,100,7,100
1.8,65.75,100,8,100
3.15,63.25,29.5,9.5,98.75
4.5,60.75,28.5,11.5,99.75
5.4,39.5,27.5,13.75,100
5.4,33.25,26.5,17.5,100
5.4,26.5,25.5,21.75,100
5.4,19.25,24.5,26.5,100
5.4,12.5,23,31.75,100
5.4,6.25,22,37.5,100
5.4,0.5,20.75,43.75,100
6.75,69.25,49.5,4.75,45
8.1,66.25,48,10.5,50
9,100,46.5,100,54.5
9,100,44.75,100,58.5
9,100,43.25,100,62
9,100,42,100,65
9,100,40.25,100,67.5
9,100,38,100,69.5
9,100,36.25,100,71
9,100,34.5,100,72
9,100,32.25,100,73
9,100,29.5,100,74
9,100,27.25,100,75
9,100,24.5,100,76
9,100,22.25,100,77
9,100,20.25,100,78
9,100,18.75,100,79.5
9,100,17.5,100,80.5
9,100,15.75,100,81.5
9,100,14,100,82.5
9,100,11.75,100,83.5
9,100,9.75,100,85
9,100,7.5,100,86.5
9,100,5.75,100,88.25
9,100,3.5,100,89.5
9,100,0.75,100,91.25
9,100,50.25,100,2.5
9,100,44.75,100,6.25
7.65,29.5,39.25,100,10.5
6.3,28.25,33.75,100,15.25
5.4,27.25,59.5,100,30.5
4.05,22.25,56.25,26.25,32.75
2.7,16.5,53.5,31.5,35.5
1.8,10.5,100,37.25,100
1.8,4.5,100,42.5,100
1.8,61.25,100,1.5,100
1.8,54,100,7.75,100
1.8,46.25,100,13.5,100
1.8,39,100,19.75,100
1.8,32.25,100,25.75,100
3.15,26,39.25,31.75,66.5
1.8,20.25,100,37.75,100
1.8,15,100,44,100
1.8,11.25,100,49.25,100
1.8,8,100,54.5,100
1.8,5.25,100,59.75,100
1.8,3,100,65.5,100
1.8,1.25,100,70.75,100
1.8,0,100,75.5,100
1.8,0.25,100,78.75,100
1.8,1,100,81.5,100
1.8,2,100,83.75,100
1.8,2,100,86.5,100
1.8,2,100,88.75,100
1.8,2,100,90.5,100
1.8,2,100,91.75,100
1.8,2,100,92.5,100
1.8,2,100,92.75,100
1.8,3,100,91.75,100
1.8,4,100,90.75,100
1.8,5,100,90,100
1.8,6,100,89,100
1.8,7,100,88.25,100
1.8,8,100,88,100
1.8,10,100,86.25,100
1.8,11,100,85.25,100
1.8,13,100,83.25,100
1.8,15,100,81.5,100
1.8,17,100,80.25,100
1.8,19,100,78.5,100
1.8,20,100,78.25,100
1.8,21,100,77.5,100
1.8,21,100,77.5,100
3.15,21,17.25,77.5,70.5
4.5,21,14,77.5,70.75
5.4,83.25,10.75,12.5,71.25
6.75,83,21,13,77.75
8.1,82.25,21,14,77.75
9,100,21,100,77.75
9,100,20,100,78.75
9,100,19,100,80.25
9,100,18,100,81.25
9,100,17,100,82.25
9,100,16,100,83.25
9,100,15,100,84.25
9,100,14,100,85.25
9,100,13,100,86.25
9,100,12,100,87.25
9,100,11,100,88.25
9,100,10,100,89.25
9,100,9,100,90.25
9,100,8,100,91.25
9,100,7,100,92.25
9,100,6,100,93.25
9,100,5,100,94.25
9,100,4,100,95.25
9,100,3,100,96.25
9,100,2,100,97.25
9,100,1,100,98.25
9,100,0,100,99.25
9,100,100,100,1
9,100,99.25,100,2
9,100,98.25,100,3
9,100,97.25,100,4
9,100,96.25,100,5
9,100,95.25,100,6
9,100,94.25,100,7
9,100,93.25,100,8
7.65,47.5,92.25,97.25,9
6.3,46.25,91.25,98.25,10.5
5.4,44.75,12.75,99.25,65
5.4,43.25,7.25,100,66
5.4,41.25,1.25,100,67
5.4,38.75,42.25,100,5.25
5.4,35.75,39,100,12
5.4,32.25,36.25,100,18.5
5.4,28.25,34,100,25.25
5.4,23.75,32.25,100,31.5
5.4,18.75,30.25,100,37.25
5.4,13.25,28.75,100,42.5
5.4,7.25,27.25,100,47.75
5.4,0.75,25.25,100,52.5
5.4,35,23.75,6.25,56.75
5.4,29.25,22.25,13.75,60.5
5.4,23,21.25,21.75,63.75
5.4,16.25,19.75,30,66.5
5.4,10,17.75,38.5,69.25
5.4,4,16.25,46.5,72.5
5.4,69,15.25,2,75.25
5.4,65,13.75,7.5,77.5
5.4,61.5,11.75,12.5,80.25
5.4,58.5,10.25,18,82.5
5.4,56,9.25,23,84.25
5.4,53.25,8,27.5,86.5
5.4,51,6.75,31.5,88.25
5.4,49.25,5.75,35,89.5
5.4,48,4.25,38,91.25
5.4,46.25,2.75,40.75,92.5
5.4,44.75,1.5,43.75,94
5.4,43.25,90.5,46.25,0.25
5.4,42,86.75,48.75,2.25
5.4,41,83,50.75,4
5.4,40,79.5,52.75,6.25
4.05,55.75,76.5,100,8
2.7,54.75,73,100,10.25
1.8,53.25,100,100,100
1.8,51.75,100,100,100
1.8,49.75,100,100,100
1.8,48.25,100,100,100
1.8,46.75,100,100,100
1.8,45.75,100,100,100
1.8,44.75,100,100,100
3.15,43.5,37.5,100,44.25
4.5,41.75,31.75,100,49
5.4,27,25.5,70.25,53.25
5.4,25.75,19,71.25,57.75
5.4,24,13,72.25,62.25
5.4,22.5,7.5,73.5,67
5.4,21,1.75,74.5,72.25
5.4,19.5,62,75.5,4
4.05,30.5,57.5,100,10
2.7,28.75,53,100,16.5
1.8,27,100,100,100
1.8,24.75,100,100,100
1.8,22.5,100,100,100
1.8,21.5,100,100,100
1.8,20.75,100,100,100
1.8,19.25,100,100,100
1.8,18.25,100,100,100
1.8,18.5,100,100,100
1.8,20,100,100,100
1.8,22.5,100,100,100
1.8,25.75,100,100,100
1.8,27.5,100,100,100
1.8,28.75,100,100,100
1.8,29.5,100,100,100
1.8,29.75,100,100,100
1.8,29.5,100,100,100
1.8,29.5,100,100,100
1.8,28,100,100,100
1.8,26.75,100,100,100
1.8,26,100,100,100
1.8,24.75,100,100,100
1.8,22.25,100,100,100
1.8,18.25,100,100,100
1.8,13.75,100,100,100
1.8,9.75,100,100,100
1.8,6.25,100,100,100
1.8,2.75,100,100,100
1.8,78.5,100,0.75,100
1.8,77,100,4.25,100
3.15,75.5,26.75,8.25,85.5
4.5,73.5,25.75,12.75,86.5
5.4,70,24.75,23,87.5
5.4,68.75,23.25,25,88.5
5.4,67.25,21.25,26.5,89.5
5.4,66.25,19,28.5,90.5
5.4,65.25,17.25,30,91.5
5.4,64.25,15.75,31.25,92.5
5.4,63,14.5,32.25,93.5
5.4,61.5,13,33.25,94.5
5.4,60.5,11.75,34.5,95.5
5.4,59,10.75,35.5,96.5
5.4,58,9.75,36.75,97.5
5.4,56.75,8.25,38.5,98.5
5.4,55.75,6.75,39.75,99.5
5.4,54.5,5.25,40.75,100
5.4,53.5,4,42,100
5.4,52.25,2.75,43.75,100
5.4,51.25,1.5,45,100
5.4,49.75,0,46.5,100
5.4,48.75,91,47.5,1
5.4,47.75,89.5,49,2
5.4,46.75,88.5,50,3
5.4,45.75,87.5,51.5,4
5.4,44.75,86,52.5,5
5.4,43.75,85,53.75,6.5
5.4,42.5,84,55.25,8.25
4.05,41.5,82.5,96.75,10
2.7,39.75,81,97.75,12.25
1.8,38.25,100,98.75,100
1.8,36.5,100,99.75,100
1.8,35.25,100,100,100
1.8,33.5,100,100,100
1.8,31.25,100,100,100
1.8,28.5,100,100,100
1.8,25.25,100,100,100
1.8,21.5,100,100,100
1.8,17.25,100,100,100
1.8,12.5,100,100,100
1.8,7.25,100,100,100
1.8,1.5,100,100,100
1.8,19.5,100,4.75,100
1.8,11,100,11.5,100
1.8,3,100,18.75,100
1.8,58.25,100,4.5,100
1.8,54.75,100,11.5,100
1.8,51.75,100,18,100
1.8,49.25,100,24,100
1.8,47.25,100,29.5,100
1.8,45.25,100,34.5,100
1.8,42.75,100,39,100
1.8,40.75,100,43,100
1.8,39.25,100,46.5,100
1.8,37.5,100,49.5,100
1.8,36.25,100,52.75,100
1.8,35.25,100,55.5,100
1.8,35.25,100,56.75,100
1.8,35.25,100,57.5,100
1.8,35.25,100,58.75,100
1.8,35.25,100,59.5,100
1.8,35,100,59.75,100
1.8,35,100,59.75,100
1.8,35,100,60.25,100
1.8,35.75,100,59.75,100
1.8,36.75,100,59.25,100
1.8,37.75,100,58.25,100
1.8,38.75,100,57.25,100
1.8,38.5,100,57.5,100
1.8,37.25,100,58.75,100
1.8,35.5,100,60.5,100
1.8,34.5,100,60.75,100
1.8,33.25,100,61.5,100
1.8,32.25,100,61.75,100
1.8,31,100,62.25,100
1.8,30.25,100,63.25,100
1.8,29.5,100,63.75,100
1.8,29,100,63.75,100
1.8,28.25,100,63.75,100
1.8,27,100,63.75,100
1.8,25.5,100,63.75,100
1.8,23.5,100,63.75,100
1.8,21,100,64,100
1.8,18,100,64.75,100
1.8,14.5,100,65.75,100
1.8,10.5,100,66.75,100
1.8,6,100,68.25,100
1.8,1,100,70.25,100
1.8,33.25,100,4.5,100
1.8,29.25,100,10.5,100
1.8,25.75,100,17,100
1.8,22.75,100,23.25,100
1.8,20.25,100,29.5,100
1.8,18.25,100,35.25,100
1.8,16.75,100,41,100
1.8,15.75,100,46.25,100
1.8,15.25,100,51.5,100
1.8,15.25,100,57.25,100
1.8,15.25,100,62.5,100
1.8,15.25,100,67.25,100
1.8,15.25,100,71.5,100
1.8,15.25,100,75.25,100
1.8,15.25,100,78.5,100
1.8,15.25,100,81.25,100
1.8,15.25,100,83.5,100
1.8,15.25,100,85.25,100
1.8,15.25,100,86.5,100
1.8,15.25,100,87.25,100
1.8,15.25,100,87.5,100
1.8,15.25,100,87.5,100
1.8,15.25,100,87.5,100
1.8,15.25,100,87.5,100
1.8,15.25,100,87.5,100
1.8,15.25,100,87.5,100
1.8,15.25,100,87.5,100
1.8,15.25,100,87.5,100
1.8,15.25,100,87.5,100
1.8,15.25,100,87.5,100
1.8,15,100,87.5,100
1.8,15,100,87.5,100
1.8,14.75,100,87.5,100
1.8,14,100,87.5,100
1.8,12.75,100,87.5,100
1.8,12,100,87.5,100
1.8,11.75,100,87.5,100
1.8,11.75,100,87.5,100
1.8,11.75,100,87.5,100
1.8,11.75,100,87.5,100
1.8,11.75,100,87.5,100
1.8,11.25,100,87.5,100
1.8,10.25,100,88,100
1.8,8.75,100,88,100
1.8,7,100,88,100
1.8,5.5,100,88,100
1.8,4.5,100,88,100
1.8,4,100,88.25,100
1.8,3,100,88.75,100
1.8,2.25,100,89,100
1.8,1,100,89,100
1.8,65,100,0.25,100
1.8,64,100,3,100
1.8,63,100,5.75,100
3.15,62,32.5,8.25,97
4.5,60.5,31.5,11.25,98
5.4,69.75,30.5,27,99
6.75,68.25,58,28,18.75
8.1,67.25,57,29.5,22.25
9,100,55.75,100,25.25
9,100,54.25,100,28.25
9,100,52.5,100,31.25
9,100,51,100,33.75
9,100,49,100,35.75
9,100,47.5,100,37.5
9,100,46,100,38.75
9,100,44.75,100,39.75
9,100,43.75,100,41
9,100,42.75,100,42.5
9,100,41.25,100,43.75
9,100,39.25,100,45.5
9,100,36.75,100,46.75
9,100,33.75,100,48.25
9,100,30.25,100,50
9,100,26.25,100,51.75
9,100,21.75,100,53
9,100,16.75,100,54.25
9,100,11.25,100,56
9,100,5.25,100,57.75
9,100,40.75,100,1.25
9,100,37.25,100,8.25
9,100,34.25,100,15
9,100,31,100,22
9,100,29,100,28.25
9,100,27.25,100,34.75
9,100,26.5,100,39.75
9,100,26.75,100,43.25
9,100,26.5,100,47.25
9,100,26.75,100,50.75
9,100,27,100,53.75
9,100,27.75,100,55.25
7.65,23.75,28,77.75,56.25
6.3,23,27.75,76.25,56.75
5.4,22.75,18.5,74.25,100
5.4,22.25,20.5,72.25,100
5.4,21.75,22.5,70.75,100
5.4,22.75,25.5,68.5,100
5.4,22.25,27.5,67,100
4.05,28,29.5,55,100
2.7,28.5,31.5,54.5,100
1.8,28.5,100,54.5,100
1.8,29,100,54.5,100
1.8,28.75,100,56,100
1.8,28,100,57,100
1.8,27.75,100,58.5,100
1.8,28,100,59.5,100
1.8,27.25,100,61,100
1.8,25,100,64,100
1.8,23.25,100,66.5,100
1.8,22,100,69,100
1.8,22,100,70,100
1.8,22,100,71.5,100
1.8,21.5,100,72.5,100
1.8,20.75,100,73,100
1.8,20.25,100,73,100
1.8,19.25,100,73.25,100
1.8,17.75,100,73.25,100
1.8,15.75,100,73.25,100
1.8,13.25,100,73.25,100
1.8,10.25,100,73.25,100
1.8,6.75,100,73.25,100
1.8,2.75,100,73.25,100
1.8,36.25,100,1.75,100
1.8,28.75,100,7.75,100
1.8,20.75,100,14.25,100
1.8,12.75,100,21.25,100
1.8,4.75,100,28.75,100
3.15,65.5,31.5,2.75,100
4.5,64.5,30.5,10.75,100
5.4,81.5,29.5,16,100
6.75,80.5,61.75,17.5,27.75
8.1,79.5,60.75,19.5,35.75
9,100,59.75,100,43.25
9,100,58.5,100,50.25
9,100,57,100,56.75
9,100,55.75,100,62.75
9,100,54,100,68.25
9,100,52.75,100,73.25
9,100,51,100,77.75
9,100,49.75,100,81.75
9,100,48.75,100,85.25
9,100,47.75,100,88.25
9,100,46.75,100,90.75
9,100,45.75,100,92.75
9,100,44.75,100,94.25
9,100,43.75,100,95.25
9,100,42.75,100,96.25
9,100,41.75,100,97.25
9,100,40.25,100,98.25
9,100,38.25,100,99.25
9,100,35.75,100,100
9,100,32.75,100,100
9,100,29.25,100,100
9,100,25.25,100,100
9,100,20.75,100,100
9,100,15.75,100,100
9,100,10.25,100,100
9,100,4.25,100,100
9,100,48.75,100,2.25
9,100,46.25,100,8.5
9,100,44.25,100,15.25
9,100,42.75,100,21.5
9,100,41.25,100,27.25
9,100,39.5,100,32.5
9,100,38.25,100,38.25
9,100,37.25,100,43.5
9,100,36.25,100,48.25
9,100,35,100,52.5
9,100,33.25,100,56.25
9,100,32,100,59.5
9,100,31,100,62.25
9,100,29.5,100,64.5
9,100,28.5,100,66.25
9,100,27.25,100,67.5
9,100,26.25,100,69.25
9,100,24.75,100,70.5
9,100,23.75,100,71.5
9,100,23.75,100,71.75
9,100,23.75,100,72.5
9,100,24.75,100,71.75
9,100,25.75,100,70.75
9,100,26.75,100,70.25
9,100,27.75,100,69.25
9,100,27.25,100,69.5
9,100,26.75,100,70
9,100,25,100,71
9,100,24.75,100,71
9,100,23,100,72
9,100,22,100,72
9,100,22.5,100,71.25
9,100,22.5,100,70.75
9,100,22,100,71.25
9,100,20.75,100,72.75
9,100,20.75,100,73.25
9,100,20.75,100,74.25
9,100,20.5,100,74.75
7.65,32.25,20.5,100,75
7.65,30.75,19,100,76.5
6.3,29,17,100,78.25
6.3,27.75,15.5,100,78.5
6.3,27,14.5,100,77.75
6.3,27.25,14,100,76.25
7.65,27.75,13,100,75
7.65,27.75,10.5,100,74.5
7.65,26.75,6.5,100,74.75
7.65,25.25,2,100,75.25
7.65,22.75,52,100,3.75
6.3,20.75,49.5,100,10
5.4,18.5,96,100,30
4.05,45.75,95,24,32
2.7,44,94,30.75,34.5
1.8,42,100,37,100
1.8,40.5,100,42.75,100
1.8,39.25,100,48,100
1.8,37.5,100,52.75,100
1.8,36.25,100,57,100
1.8,34.5,100,60.75,100
1.8,33.25,100,64,100
1.8,32.25,100,66.75,100
1.8,31,100,69,100
1.8,29.75,100,70.75,100
1.8,28,100,72,100
1.8,26.75,100,73,100
1.8,25.25,100,74,100
1.8,24.25,100,75,100
1.8,22.75,100,76,100
1.8,21.25,100,77,100
1.8,20.25,100,78,100
1.8,19,100,79,100
1.8,17.5,100,80.25,100
1.8,15.5,100,81.25,100
1.8,13,100,82.75,100
1.8,10.5,100,84.75,100
1.8,7.75,100,86.25,100
1.8,5.25,100,87.25,100
1.8,2.25,100,88.75,100
1.8,44.25,100,1.25,100
1.8,34.25,100,5.25,100
1.8,23.75,100,9.75,100
1.8,12.75,100,14.75,100
1.8,1.25,100,20.25,100
1.8,31.5,100,9.75,100
1.8,28.75,100,20.25,100
1.8,26.5,100,30.25,100
1.8,24.75,100,39.75,100
1.8,23.5,100,48.75,100
1.8,22.5,100,57.25,100
1.8,21.5,100,65.25,100
1.8,20.5,100,72.75,100
1.8,19.5,100,79.75,100
1.8,18.5,100,86.25,100
1.8,17.5,100,92.25,100
1.8,16.5,100,97.75,100
1.8,15.5,100,100,100
1.8,14.5,100,100,100
1.8,13.5,100,100,100
1.8,12.5,100,100,100
1.8,11.5,100,100,100
1.8,10.5,100,100,100
1.8,9.5,100,100,100
1.8,8.5,100,100,100
1.8,7.5,100,100,100
1.8,6.5,100,100,100
1.8,5.5,100,100,100
1.8,4.5,100,100,100
1.8,3.5,100,100,100
1.8,2,100,100,100
1.8,0.25,100,100,100
1.8,80.75,100,1.25,100
1.8,73.75,100,2.75,100
1.8,66.25,100,4,100
1.8,59.25,100,4.25,100
1.8,52.75,100,4,100
1.8,46.75,100,3.25,100
1.8,39.25,100,4,100
1.8,30.25,100,6.25,100
1.8,20.75,100,9,100
1.8,10.75,100,13.25,100
1.8,0.75,100,18,100
1.8,43,100,8.75,100
1.8,40,100,17.75,100
1.8,37.5,100,26.25,100
1.8,35.5,100,34.25,100
1.8,34,100,41.75,100
1.8,33,100,48.75,100
1.8,32,100,55.25,100
1.8,31,100,61.25,100
1.8,30,100,66.75,100
1.8,29,100,71.75,100
1.8,28,100,76.25,100
1.8,27,100,80.25,100
1.8,26,100,83.75,100
1.8,25,100,86.75,100
1.8,24,100,89.25,100
1.8,23,100,91.25,100
1.8,22,100,92.75,100
1.8,21,100,93.75,100
1.8,20,100,94.75,100
1.8,19,100,95.75,100
1.8,18,100,96.75,100
1.8,17,100,97.75,100
1.8,16,100,98.75,100
1.8,14.75,100,99.75,100
1.8,13.75,100,100,100
1.8,12.75,100,100,100
1.8,11.75,100,100,100
1.8,10.75,100,100,100
1.8,9.25,100,100,100
1.8,8.25,100,100,100
1.8,7.25,100,100,100
1.8,5.75,100,100,100
1.8,3.75,100,100,100
1.8,1.25,100,100,100
1.8,33,100,1.75,100
1.8,23,100,5.25,100
1.8,12.75,100,9.25,100
1.8,3,100,13.75,100
3.15,53.5,30,6.25,100
4.5,51.25,23.5,16,100
5.4,21.25,16.5,28.25,100
5.4,11.5,9,31.75,100
5.4,1.25,1,35.75,100
5.4,25,42.25,9.5,7.25
5.4,21.5,40.5,20.75,16
5.4,18.5,39.25,31.5,24.25
5.4,16,38.25,41.75,32
5.4,15,38.25,50.5,38.25
5.4,13.5,37.25,59.75,45
5.4,12.5,36.25,68.5,51.25
5.4,11.5,35.25,76.75,57
5.4,11.5,35.25,83.5,61.25
5.4,11.5,35.25,89.75,65
5.4,11.5,35.25,95.5,68.25
5.4,11.5,35.25,100,71
5.4,11.5,35.25,100,73.25
5.4,11.5,35.25,100,75
5.4,11.5,35.25,100,76.25
5.4,12.5,36.25,100,76
5.4,13.5,37.25,100,75.25
5.4,14.5,38.25,100,74.25
5.4,15.5,39.25,100,73.25
5.4,15.5,39.25,100,73.25
5.4,14.5,38.25,100,74.25
4.05,33,37.25,84.75,75.25
2.7,31.75,36.25,85.75,76.25
1.8,30.5,100,86.75,100
1.8,30,100,86.75,100
1.8,31,100,85.75,100
1.8,31,100,85.75,100
1.8,31,100,85.75,100
1.8,29.5,100,86.75,100
3.15,28.5,28,87.75,81
4.5,27.5,25.5,88.75,82
5.4,15.5,23,2.25,83
5.4,6.25,21,6.75,84
6.75,66.25,24.25,2.5,91.75
8.1,64.25,23.25,11.75,92.75
9,100,22,100,93.75
9,100,21,100,94.75
9,100,19.75,100,95.75
9,100,18.75,100,96.75
9,100,17.75,100,97.75
9,100,16.25,100,98.75
9,100,15.25,100,99.75
9,100,13.75,100,100
9,100,12.75,100,100
9,100,11.75,100,100
9,100,10.75,100,100
9,100,9.75,100,100
9,100,8.75,100,100
9,100,7.75,100,100
9,100,6.75,100,100
9,100,5.75,100,100
9,100,4.75,100,100
9,100,3.75,100,100
9,100,2.75,100,100
9,100,1.75,100,100
9,100,0.75,100,100
9,100,88.75,100,0.5
9,100,86.5,100,1.75
9,100,84.25,100,2.75
9,100,82,100,4
9,100,80,100,5.75
9,100,78.25,100,7.25
7.65,25.25,76.25,100,8.5
6.3,23.25,73.75,100,10.25
5.4,20.75,87.75,100,20.25
5.4,17.75,86.5,100,21.25
4.05,69.25,84.75,18.5,22.25
2.7,67.75,83,21.25,23.75
1.8,66.75,100,23.5,100
1.8,65.75,100,25.5,100
1.8,64.75,100,27.25,100
1.8,63.75,100,28.5,100
1.8,62.75,100,30.25,100
1.8,61.75,100,31.75,100
3.15,60.75,65.5,33.75,47
4.5,59.25,62,36.25,50.5
5.4,48,58,36,53.5
5.4,47,53.5,43,56
5.4,46,48.5,49.5,58
5.4,45,43,55.5,59.5
5.4,44,37,61,60.5
5.4,43,30.5,66,61.5
5.4,42,23.5,70.5,62.5
5.4,41,16,74.5,63.5
6.75,40,42,78,70
8.1,39,39.25,81,73.25
9,100,36,100,76
9,100,32.25,100,78.25
9,100,28,100,80
9,100,23.25,100,81.25
9,100,18,100,82.25
9,100,12.25,100,83.25
9,100,6.25,100,84.25
9,100,0,100,85.75
7.65,30,49,93,6.25
6.3,29,45.75,94,13
5.4,28,17.5,95,74.5
5.4,27,16.5,96,78.75
5.4,26,15.5,97,82.5
5.4,26,15.5,97,84.75
5.4,27,16.5,96,85.5
5.4,28,17.5,95,85.75
5.4,29,18.5,94,85.5
5.4,30,19.5,93,84.75
5.4,31,20.5,92,83.75
6.75,32,30,91,65.5
8.1,33,27.75,90,67.75
9,100,25,100,69.5
9,100,20.75,100,71.75
9,100,16,100,73.5
9,100,10.75,100,74.75
9,100,5,100,76.25
9,100,12.25,100,1.25
9,100,5.75,100,8
9,100,92.25,100,0.25
9,100,91.25,100,5.75
9,100,89.75,100,10.75
9,100,87.75,100,15.25
9,100,85.25,100,19.25
9,100,82.25,100,22.75
9,100,79.75,100,25.75
9,100,76.75,100,28.25
9,100,73.25,100,30.25
9,100,69.25,100,31.75
9,100,64.75,100,32.75
9,100,60,100,33.25
9,100,55.75,100,34.25
9,100,51.25,100,34.75
9,100,46.5,100,35
9,100,42,100,35
9,100,37.75,100,35
9,100,33,100,35.5
9,100,26.75,100,36.5
9,100,21,100,38
9,100,15,100,40
9,100,8.5,100,42.5
9,100,1.75,100,45.5
7.65,28,70.5,95,4.5
6.3,27,68.75,96,11.25
5.4,26,14.5,97,88.75
5.4,25,13.25,98,89.75
5.4,24,11.75,99,90.75
5.4,23,9.75,100,91.75
5.4,22,8,100,92.75
5.4,21,6.25,100,93.75
5.4,19.75,5,100,94.75
5.4,18.5,3.75,100,95.75
5.4,17.5,2.5,100,96.75
5.4,16.25,1,100,97.75
5.4,15.25,76.5,100,0.25
5.4,14.25,73.25,100,1.25
5.4,13.25,70.25,100,2.25
5.4,12,66.75,100,3.5
5.4,11,63,100,4.5
5.4,10,58.75,100,5.5
5.4,8.5,55,100,7
5.4,6.75,51.75,100,9
5.4,4.75,49,100,11.5
5.4,3,46.75,100,13.5
5.4,1.5,45,100,16
5.4,88.75,43.25,0.25,18.75
5.4,87.75,42,1.75,21.5
5.4,86.25,41,2.75,24.5
5.4,85.25,40,4.25,27.75
5.4,84.25,38.75,5.25,31.5
5.4,83.25,37.5,6.25,35.75
5.4,82.25,36,7.25,39.75
5.4,81,34,8.75,44.25
6.75,80,29.5,10.5,100
8.1,79,27.75,12.75,100
9,100,25.5,100,100
9,100,22.75,100,100
9,100,19.5,100,100
9,100,15.75,100,100
9,100,11.5,100,100
9,100,7.25,100,100
9,100,2.75,100,100
9,100,57,100,1.5
9,100,55.25,100,5.25
9,100,53.25,100,9.5
9,100,51.5,100,13.75
9,100,50.25,100,18.5
9,100,49.25,100,23.5
9,100,48.25,100,28.5
9,100,47.25,100,33
9,100,46.25,100,37
9,100,45.25,100,40.5
9,100,44,100,43.5
9,100,43,100,46
9,100,42,100,48
9,100,41,100,49.5
9,100,40,100,51.25
9,100,39,100,52.75
9,100,38,100,54.25
9,100,36.75,100,55.25
9,100,35.25,100,56.25
9,100,34,100,57.25
9,100,33,100,58.25
9,100,32,100,59.5
9,100,31,100,61
9,100,30,100,62.25
9,100,29,100,63.25
9,100,28,100,64.25
9,100,26.75,100,65.25
9,100,25,100,66.75
9,100,22.75,100,67.75
9,100,20,100,68.75
9,100,16.75,100,69.75
9,100,13,100,71
9,100,8.75,100,72
9,100,4,100,73.25
9,100,0.25,100,0.25
9,100,43.25,100,5
9,100,37.75,100,9.5
9,100,32.75,100,14.5
9,100,28.25,100,19.75
9,100,24.25,100,25.5
9,100,20.75,100,31
9,100,17.75,100,36
9,100,15.25,100,40.5
9,100,13.25,100,45
9,100,11.75,100,50
9,100,11.75,100,53.5
9,100,12.25,100,57
9,100,13.25,100,61
9,100,14.25,100,64.5
9,100,14.75,100,67.5
9,100,15.75,100,70
9,100,16.25,100,72
9,100,16.25,100,74.5
9,100,17.25,100,75.5
9,100,17.75,100,76
9,100,17.75,100,77
9,100,16.5,100,78.5
9,100,16.5,100,78.75
9,100,17.5,100,78.25
9,100,19.5,100,77
9,100,21.5,100,75.25
9,100,23,100,73.5
9,100,25,100,71.75
9,100,26,100,70.75
9,100,27,100,69.75
9,100,29,100,68
7.65,26.5,31,100,66
6.3,24.25,33,100,64.5
5.4,22.25,33.75,100,62.75
5.4,19.25,33.75,100,62.25
5.4,15.75,33.25,100,61.5
5.4,12.5,32.25,100,60.75
5.4,7.75,29.75,100,61.5
5.4,1.5,25.75,100,63.25
5.4,38.5,21.25,4.75,64.75
5.4,30.75,16.25,11.5,66.25
5.4,23.5,10.75,18.75,67.25
5.4,16.75,4.75,26,68.25
5.4,10.5,55.25,33.5,0.75
5.4,4.75,52.5,40.5,8.75
5.4,78.5,50.25,0.5,15.75
6.75,77.5,28.5,5.25,77
8.1,76.5,27.5,10.5,78.75
9,100,26.5,100,80
9,100,25.5,100,81
9,100,24.5,100,82
9,100,23.5,100,83
9,100,22.5,100,84
9,100,21.5,100,85
9,100,20.25,100,86
9,100,19.25,100,87
9,100,18.25,100,88
9,100,17.25,100,89
9,100,15.75,100,90
9,100,14.75,100,91
9,100,13.75,100,92
9,100,12.75,100,93
9,100,11.75,100,94
9,100,10.25,100,95
9,100,8.25,100,96
9,100,6.5,100,97
9,100,4.75,100,98
9,100,3.25,100,99
9,100,2.25,100,99
9,100,76,100,0.25
9,100,73,100,3.25
9,100,70.5,100,6
7.65,37,67.5,86.75,8.5
6.3,33.75,64.25,87.75,11.5
5.4,30.75,18.5,88.75,78.5
5.4,27.5,16,89.75,79.5
5.4,23.75,14,90.75,80.5
5.4,19.5,11.5,91.75,81.5
5.4,15,8.5,92.75,82.5
5.4,10,5,93.75,83.5
5.4,5,1,94.75,84.75
5.4,0,26.5,95.75,3.5
5.4,55.5,18.75,5.25,8.5
6.75,53.5,31.75,10.5,65
5.4,52,4.75,15.5,20
5.4,50.75,93,20.25,1.5
4.05,22.25,92,79.25,7.25
2.7,19.75,91,83,13.5
1.8,16.75,100,86.25,100
1.8,14.25,100,89,100
1.8,12.25,100,91.25,100
1.8,10.75,100,93,100
1.8,9.25,100,94.25,100
1.8,7.25,100,95.25,100
1.8,5.5,100,96.25,100
1.8,3.5,100,97.25,100
1.8,1.75,100,98.25,100
1.8,0,100,99.25,100
1.8,68.25,100,1.5,100
4.05,63.75,79,3.5,82.75
5.4,32,78,64.75,85.75
7.65,30.5,56.25,66.75,8
9,100,53.25,100,10.5
9,100,50.75,100,13
9,100,48.5,100,15.5
9,100,46.25,100,17.75
9,100,43.75,100,20.25
9,100,41.75,100,22.5
9,100,40.25,100,25.25
9,100,38.75,100,28.25
9,100,37.75,100,31.25
9,100,36.75,100,34.5
9,100,35.5,100,37.25
9,100,34,100,39.5
9,100,33,100,41.75
9,100,31.75,100,44.25
9,100,30,100,46.75
9,100,28,100,49.25
7.65,2.5,25.75,87.5,52
6.3,0.25,23,88.75,54.5
5.4,51.75,58,2.5,100
4.05,17.5,57,59.25,100
2.7,14.25,56,62,100
1.8,11.5,100,64.5,100
1.8,8.75,100,66.5,100
1.8,6.5,100,69,100
1.8,3.75,100,71,100
1.8,0.5,100,73.25,100
1.8,73,100,2.5,100
1.8,68.75,100,5.25,100
3.15,65,45.5,8,100
4.5,61.75,43.75,11.25,100
5.4,18.75,42.5,51.25,100
5.4,17.25,41.25,55.75,100
5.4,15.25,39.5,60.25,100
5.4,13,38.25,64.25,100
5.4,11.25,37.25,68.75,100
5.4,9.75,35.75,72.75,100
5.4,8.5,33.75,76.25,100
5.4,7.5,32.25,79.25,100
5.4,6.25,31,82,100
5.4,5.25,29.5,84.75,100
5.4,3.75,27.75,87,100
5.4,2.25,26,89.25,100
5.4,0.75,24.75,92,100
5.4,69.75,23.75,1.25,100
5.4,68.5,22.75,3.5,100
5.4,67.25,21.75,6.25,100
6.75,65.75,31.75,9.5,80.25
8.1,64,30,13.25,81.25
9,100,28.25,100,82.25
9,100,26.75,100,83.25
9,100,24.75,100,84.25
9,100,23.25,100,85.25
9,100,21.75,100,86.25
9,100,20,100,87.25
9,100,17.75,100,88.25
9,100,15,100,89.25
9,100,11.75,100,90.25
9,100,8,100,91.25
9,100,4.25,100,92.25
9,100,0.75,100,93.75
9,100,53.25,100,3.25
7.65,39.5,51,79.75,6.75
6.3,38.5,49.25,82.5,10.75
5.4,37.5,61.75,84.75,9
5.4,36.5,57.5,86.5,10
5.4,35,53.75,87.75,11
5.4,33.5,49.5,88.75,12.5
5.4,31.75,45.5,89.75,14.5
5.4,30,42,90.75,17
5.4,28.25,38.25,91.75,20
5.4,26,34.75,92.75,22.75
5.4,23.5,30.75,93.75,26
5.4,21.5,27.25,94.75,29.75
5.4,19.25,23.25,95.75,33.75
5.4,17.5,19,96.75,37.75
5.4,15.5,15,97.75,41.5
5.4,14,10.5,98.75,45
5.4,13,6.5,99.75,49
5.4,12,2,100,52.5
5.4,11,51,100,2
4.05,27.75,47.5,88.75,6.5
2.7,26.75,43.5,89.75,11.5
1.8,25.75,100,90.75,100
1.8,24.75,100,91.75,100
1.8,23.25,100,92.75,100
1.8,23.25,100,92.75,100
1.8,21.75,100,93.75,100
1.8,21.75,100,93.75,100
1.8,22.5,100,92.75,100
1.8,23.5,100,91.75,100
1.8,25,100,89.75,100
1.8,27,100,87.75,100
3.15,29,22.5,85.75,64.5
4.5,31,21.5,83.75,66.5
5.4,15,20.25,100,68
5.4,15.5,17.5,100,70
5.4,15.5,13.75,100,72.5
5.4,14.5,9.5,100,75.5
5.4,13.5,5.5,100,78.5
5.4,12,1.5,100,81.75
5.4,11,77.5,100,2.75
4.05,27,75,86.25,6.5
2.7,25.75,73,87.25,10.75
1.8,24.25,100,88.25,100
1.8,22.75,100,89.25,100
1.8,21.75,100,90.25,100
1.8,20.25,100,91.25,100
1.8,19.25,100,92.25,100
1.8,18.25,100,93.25,100
1.8,17.25,100,94.25,100
1.8,16,100,95.25,100
1.8,14.75,100,96.25,100
1.8,13.25,100,97.25,100
1.8,12.25,100,98.25,100
1.8,11.25,100,99.25,100
1.8,10,100,100,100
1.8,9,100,100,100
1.8,9,100,100,100
1.8,9,100,100,100
1.8,10,100,100,100
1.8,11,100,100,100
1.8,13,100,100,100
1.8,16,100,100,100
1.8,17.5,100,100,100
3.15,18.5,15.5,100,85.25
4.5,19.25,10,100,83.25
4.5,19,3,100,82.75
3.15,19.25,39.25,100,4.5
1.8,19,100,100,100
1.8,19.25,100,100,100
1.8,19,100,100,100
1.8,18.5,100,100,100
1.8,17.75,100,100,100
1.8,16.5,100,78,100
1.8,14.75,100,77.5,100
1.8,13.5,100,76.5,100
1.8,11.75,100,75.5,100
1.8,8.5,100,75.75,100
1.8,5.75,100,74.75,100
1.8,2.5,100,73.75,100
1.8,36,100,1.25,100
1.8,31,100,5.5,100
1.8,26.5,100,10.25,100
1.8,22.5,100,15.5,100
1.8,19,100,21.25,100
1.8,16,100,26.5,100
1.8,14.5,100,31.25,100
1.8,12.5,100,37.25,100
1.8,11,100,43.75,100
1.8,10,100,49.75,100
1.8,10.5,100,54.25,100
1.8,11.5,100,58.25,100
1.8,13,100,61.75,100
1.8,14,100,65.75,100
1.8,15,100,69.25,100
1.8,16,100,72.25,100
1.8,15.75,100,75.75,100
1.8,15.75,100,78.75,100
1.8,16.75,100,80.25,100
1.8,18.75,100,80.25,100
1.8,19.75,100,80.75,100
1.8,20.25,100,80.75,100
1.8,20.5,100,80.25,100
1.8,21.25,100,79.25,100
1.8,22.25,100,78.25,100
1.8,22.25,100,78.25,100
1.8,21.25,100,79.25,100
1.8,20.25,100,80.25,100
1.8,20.25,100,80.25,100
1.8,19.75,100,80.25,100
1.8,19.75,100,80.25,100
1.8,19.75,100,80.25,100
1.8,20.5,100,79.25,100
1.8,21.75,100,77.25,100
1.8,23.5,100,75.25,100
1.8,25.5,100,73.25,100
1.8,27.25,100,71.5,100
1.8,29.25,100,69.5,100
1.8,31,100,67.5,100
1.8,33,100,65.75,100
1.8,35,100,63.75,100
1.8,35.5,100,63.25,100
1.8,36.5,100,62.25,100
1.8,37.5,100,61.75,100
1.8,37.5,100,61.75,100
1.8,36.25,100,62.75,100
3.15,35.25,32.25,64.25,53.5
4.5,34.25,31,66,55.75
5.4,8,29.25,100,57.5
5.4,7.5,27.5,3.75,59.5
5.4,0.75,26,16,61.25
6.75,72.25,29.75,5.5,75.5
8.1,71.25,28.75,12.25,77.25
9,100,27.75,100,78.5
9,100,26.75,100,79.5
9,100,25.75,100,80.5
9,100,24.75,100,81.5
9,100,23.75,100,82.5
9,100,22.75,100,83.5
9,100,21.75,100,84.5
9,100,20.75,100,85.5
9,100,19.75,100,86.5
9,100,18.75,100,87.5
9,100,17.75,100,88.5
9,100,16.25,100,89.5
9,100,15.25,100,90.5
9,100,14,100,91.5
9,100,13,100,92.5
9,100,12,100,93.5
9,100,11,100,94.5
9,100,9.5,100,95.5
9,100,8.5,100,96.5
9,100,7.25,100,97.5
9,100,6,100,98.5
9,100,5,100,99.5
9,100,4,100,100
9,100,3,100,100
9,100,2,100,100
9,100,1,100,100
9,100,76.5,100,0.5
9,100,70.5,100,2
9,100,64,100,3.5
9,100,57,100,4.5
9,100,49.5,100,6
9,100,41.5,100,8
9,100,33,100,10.5
9,100,24,100,13.5
9,100,14.5,100,17
9,100,5,100,21
7.65,34.25,44,100,5
6.3,33.25,41.75,100,15.5
5.4,32.25,51,100,35.75
4.05,38.75,49.5,35.75,37.25
2.7,37.75,47.75,45.25,39.25
1.8,36.75,100,54.25,100
1.8,35.75,100,62.75,100
1.8,34.75,100,70.75,100
1.8,33.75,100,78.25,100
1.8,33.75,100,84.25,100
1.8,34.75,100,88.75,100
1.8,35.75,100,92.75,100
1.8,36.75,100,96.25,100
1.8,37.75,100,99.25,100
1.8,38.75,100,100,100
1.8,38.75,100,100,100
3.15,38.75,38.25,100,64
4.5,38.75,36,100,65.5
5.4,19.5,33.25,100,66.5
5.4,19,30.25,100,67
5.4,18.25,26.75,100,67
5.4,18,23.5,100,67
5.4,17,19,100,68.5
5.4,15.5,15,100,70
5.4,14.5,11.5,100,71.75
5.4,13,7.5,100,73.25
5.4,11,3,100,74.75
5.4,8.5,53.25,100,2
5.4,6.25,49.75,100,6.75
4.05,30.75,45.75,100,11.25
5.4,1.75,42,100,16
5.4,63.25,38.75,0.75,20.5
5.4,62.25,36,3.5,25.5
5.4,61.25,32.75,6.75,30.5
6.75,60.25,25.75,10,100
8.1,59.25,24.75,13.75,100
9,100,23.75,100,100
9,100,22.5,100,100
9,100,20.75,100,100
9,100,19.25,100,100
9,100,17.75,100,100
9,100,16.5,100,100
9,100,15,100,100
9,100,13.25,100,100
9,100,11.5,100,100
9,100,9.25,100,100
9,100,7.5,100,100
9,100,5.25,100,100
9,100,2.5,100,100
9,100,54.75,100,0.75
9,100,51.25,100,4.5
7.65,38,47.5,78,8.5
6.3,36.75,44.25,79,13
5.4,35.75,100,80,13.25
4.05,37.25,100,23.5,14.25
2.7,34,100,28.5,15.75
1.8,31.25,100,33,100
1.8,28.75,100,37.25,100
1.8,26.75,100,41,100
1.8,24.25,100,44.5,100
1.8,21.5,100,48.5,100
1.8,18.5,100,52.75,100
1.8,15.5,100,56.75,100
1.8,12.5,100,61.25,100
1.8,10,100,65.75,100
1.8,7.75,100,70,100
1.8,5,100,73.75,100