0.0090008,1.1335e-06
0.0090008,1.1571e-06
0.0090008,1.2008e-06
0.0090008,1.2695e-06
0.0090008,1.3713e-06
0.0090008,1.5216e-06
0.0090008,1.7221e-06
0.0090008,2.0013e-06
0.0090008,2.4145e-06
0.0090008,3.085e-06
0.0090008,4.3125e-06
0.0090008,7.1625e-06
0.0090008,2.0162e-05
0.0090008,7.7821e-05
0.0090008,3.5951e-05
0.0090008,3.6186e-05
0.0090008,0.00010785
0.0090008,4.2159e-05
0.0090008,2.086e-05
0.0090008,1.7237e-05
0.0090008,1.8377e-05
0.0090008,2.8798e-05
0.0090008,0.0012696
0.0090008,5.459e-05
0.0090008,5.459e-05
0.0090008,0.0012787
0.0090008,2.062e-05
0.0090008,1.1017e-05
0.0090008,7.8703e-06
0.0090008,6.2961e-06
0.0090008,5.4436e-06
0.0090008,4.8701e-06
0.0090008,4.4463e-06
0.0090008,4.1073e-06
0.0090008,3.861e-06
0.0090008,3.6813e-06
0.0090008,3.5946e-06
0.0090008,3.5709e-06
0.0090008,3.5382e-06
0.0090008,3.5127e-06
0.0090008,3.5138e-06
0.0090008,3.5903e-06
0.0090008,3.7527e-06
0.0090008,4.0126e-06
0.0090008,4.2445e-06
0.0090008,4.5981e-06
0.0090008,4.9237e-06
0.0090008,5.1923e-06
0.0090008,5.3738e-06
0.0090008,5.574e-06
0.0090008,5.7957e-06
0.0090008,6.0424e-06
0.0090008,6.5012e-06
0.0090008,7.2798e-06
0.0090008,8.7061e-06
0.0090008,1.1382e-05
0.0090008,1.7746e-05
0.0090008,4.9155e-05
0.0090008,0.0001903
0.0090008,8.6874e-05
0.0090008,8.6451e-05
0.0090008,0.00019404
0.0033452,0.00014148
0.00087982,0.00018446
0.00036299,0.00026962
0.00036842,0.00026058
0.00037403,0.0002537
0.0003798,0.00025591
0.00038576,0.00025708
0.00039191,0.00025411
0.00039825,0.00025198
0.00040481,0.00025806
0.00041158,0.00026465
0.00041858,0.0002712
0.00042583,0.00027674
0.00043333,0.00028235
0.00044111,0.000291
0.00044916,0.00031195
0.00045752,0.00033281
0.00047065,0.00036382
0.00047983,0.00041785
0.0018877,2.1616e-05
0.0074675,6.7036e-06
0.0090008,3.6411e-06
0.0090008,5.622e-06
0.0090008,1.3054e-05
0.0090008,0.00013245
0.0090008,3.3747e-05
0.0090008,2.208e-05
0.0090008,1.8827e-05
0.0090008,1.6905e-05
0.0090008,1.5577e-05
0.0090008,1.3529e-05
0.0090008,1.0985e-05
0.0090008,9.0312e-06
0.0090008,7.6131e-06
0.0090008,6.7896e-06
0.0090008,6.2765e-06
0.0090008,5.7189e-06
0.0090008,5.3196e-06
0.0090008,4.9345e-06
0.016083,1.7796e-05
0.0067144,6.4654e-05
0.0081714,0.00030582
0.00022969,0.0011222
5.7475e-05,0.0040344
2.2582e-05,0.0014878
2.2027e-05,0.0014878
2.1499e-05,0.0014878
2.1328e-05,0.0014878
2.0832e-05,0.0014878
2.0206e-05,0.0014878
1.9616e-05,0.0014878
1.9196e-05,0.0014878
1.906e-05,0.0014878
1.8663e-05,0.0014878
1.8159e-05,0.0014878
1.7681e-05,0.0014878
1.7451e-05,0.0014878
1.701e-05,0.0014878
1.701e-05,0.0014878
1.701e-05,0.0014878
1.701e-05,0.0014878
1.701e-05,0.0014878
1.701e-05,0.0014878
1.701e-05,0.0014878
1.7228e-05,0.0014878
1.7228e-05,0.0014878
1.7228e-05,0.0014878
1.7681e-05,0.0014878
7.0046e-05,0.0014672
0.0002777,0.00038749
0.0014467,0.00016069
0.0017036,0.0001669
0.0021844,0.00017075
0.0032751,0.00017494
0.0075448,0.00018122
0.13477,0.00018631
1.2242,3.6332e-05
0.066121,9.755e-06
0.0090008,4.1129e-06
0.0090008,4.1129e-06
0.0090008,4.271e-06
0.0090008,4.4418e-06
0.0090008,4.4418e-06
0.0090008,4.4418e-06
0.0090008,4.6268e-06
0.0090008,4.8279e-06
0.020395,1.9469e-05
0.0078554,7.8676e-05
0.018253,8.2608e-05
0.075503,8.6954e-05
0.060672,2.3794e-05
0.0090008,6.5309e-06
0.0090008,6.9388e-06
0.0090008,7.4011e-06
0.0090008,7.4011e-06
0.0090008,7.6561e-06
0.0090008,7.6561e-06
0.0090008,7.1625e-06
0.0090008,6.9388e-06
0.0090008,6.1682e-06
0.0090008,5.2875e-06
0.0090008,4.6268e-06
0.01161,1.5865e-05
0.0029523,5.5081e-05
0.0011962,0.00015336
0.0012053,0.00014261
0.0012529,0.00014015
0.0013821,0.00014015
0.0015804,0.00014515
0.0019384,0.00015053
0.0024536,0.00015631
0.0032686,0.00016256
0.0044568,0.00016588
0.0076031,0.00016588
0.00045512,0.00065319
0.00017382,0.0026291
0.00036652,0.0026875
0.1653,0.0026875
0.0014564,0.0026291
0.003099,0.00065319
0.0022772,0.00061478
0.0027636,0.00014779
0.0097111,0.00023606
0.033218,5.0089e-05
0.0090008,1.6838e-05
0.0090008,1.4503e-05
0.0090008,1.2995e-05
0.0090008,1.2134e-05
0.0090008,1.164e-05
0.0090008,1.1417e-05
0.0090008,1.1419e-05
0.0090008,1.1626e-05
0.0090008,1.2044e-05
0.0090008,1.2696e-05
0.0090008,1.3633e-05
0.0090008,1.4941e-05
0.0090008,1.4792e-05
0.0090008,1.3054e-05
0.0090008,1.057e-05
0.0090008,8.2228e-06
0.0090008,6.7286e-06
0.0094535,2.1964e-05
0.01011,1.9922e-05
0.0028358,7.031e-05
0.0012282,0.00015438
0.0013199,0.00015302
0.0014359,0.00015488
0.00024052,0.00059745
6.2353e-05,0.0023188
2.5351e-05,0.0014878
2.6345e-05,0.0014878
2.742e-05,0.0014878
2.8586e-05,0.0014878
3.0191e-05,0.0014878
3.0191e-05,0.0014878
3.0191e-05,0.0014878
3.0534e-05,0.0014878
3.0534e-05,0.0014878
3.0534e-05,0.0014878
2.9856e-05,0.0014878
2.9207e-05,0.0014878
2.742e-05,0.0014878
2.6345e-05,0.0014878
2.5114e-05,0.0014878
2.4429e-05,0.0014878
2.2774e-05,0.0014878
2.2394e-05,0.0014878
2.2027e-05,0.0014878
2.1848e-05,0.0014878
2.1672e-05,0.0014878
2.1328e-05,0.0014878
2.0995e-05,0.0014878
2.0832e-05,0.0014878
2.0995e-05,0.0014878
2.0359e-05,0.0014878
2.0515e-05,0.0014878
2.0995e-05,0.0014878
2.116e-05,0.0014878
2.0832e-05,0.0014878
2.0206e-05,0.0014878
2.0206e-05,0.0014878
2.0515e-05,0.0014878
2.0515e-05,0.0014878
2.0206e-05,0.0014878
2.0359e-05,0.0014878
2.0359e-05,0.0014878
2.0359e-05,0.0014878
2.0672e-05,0.0014878
2.116e-05,0.0014878
2.2027e-05,0.0014878
2.2582e-05,0.0014878
2.2774e-05,0.0014878
2.3368e-05,0.0014878
2.4209e-05,0.0014878
2.5351e-05,0.0014878
2.6089e-05,0.0014878
2.742e-05,0.0014878
2.8285e-05,0.0014878
2.8285e-05,0.0014878
2.8893e-05,0.0014878
2.8893e-05,0.0014878
2.8893e-05,0.0014878
2.8586e-05,0.0014878
2.8586e-05,0.0014878
2.8893e-05,0.0014878
3.1244e-05,0.0014878
3.5824e-05,0.0014878
4.2643e-05,0.0014878
5.1657e-05,0.0014878
6.5502e-05,0.0014878
8.3902e-05,0.0014878
0.00012777,0.0014878
0.00022327,0.0014878
0.0025848,0.0014878
0.00047833,0.0014878
0.00020106,0.0014878
0.00013687,0.0014878
0.00010682,0.0014878
8.6927e-05,0.0014878
7.5216e-05,0.0014878
6.5106e-05,0.0014878
5.6996e-05,0.0014878
5.0398e-05,0.0014878
4.6021e-05,0.0014878
4.3513e-05,0.0014878
4.1134e-05,0.0014878
3.9079e-05,0.0014878
3.8154e-05,0.0014878
3.7023e-05,0.0014878
3.6552e-05,0.0014878
3.6142e-05,0.0014878
3.605e-05,0.0014878
3.5634e-05,0.0014878
3.4849e-05,0.0014878
3.4411e-05,0.0014878
3.44e-05,0.0014878
3.5097e-05,0.0014878
3.6596e-05,0.0014878
3.8616e-05,0.0014878
4.2338e-05,0.0014878
4.6253e-05,0.0014878
5.102e-05,0.0014878
5.831e-05,0.0014878
6.9751e-05,0.0014878
9.222e-05,0.0014878
0.00014901,0.0014878
0.00052198,0.0014878
0.00062553,0.0014878
0.00032873,0.0014878
0.00031823,0.0014878
0.00054555,0.0014878
0.00040123,0.0014878
9.429e-05,0.0014878
5.568e-05,0.0014878
4.0687e-05,0.0014878
3.2807e-05,0.0014878
2.8017e-05,0.0014878
2.4854e-05,0.0014878
8.7411e-05,0.0030909
0.0003123,0.0006812
0.0019372,0.00024514
0.0070218,2.914e-05
0.024769,7.1966e-06
0.0090008,2.821e-06
0.0090008,2.7482e-06
0.0090008,2.7023e-06
0.0090008,2.6796e-06
0.0090008,2.6782e-06
0.0090008,2.6876e-06
0.0090008,2.6983e-06
0.0090008,2.7105e-06
0.0090008,2.7241e-06
0.0090008,2.7392e-06
0.0090008,2.7559e-06
0.0090008,2.7741e-06
0.0090008,2.794e-06
0.0090008,2.8156e-06
0.0090008,2.839e-06
0.0090008,2.8643e-06
0.0090008,2.8915e-06
0.0090008,2.9207e-06
0.0090008,2.9522e-06
0.006194,1.1518e-05
0.0019157,4.4967e-05
0.0010771,0.00085235
0.0018287,0.00097969
0.0072129,0.0014032
0.016425,0.0047587
0.010492,0.0020071
0.013683,0.00082931
0.20604,0.00054336
0.026614,3.2451e-05
0.048061,8.5775e-06
0.0090008,3.5594e-06
0.0090008,3.6369e-06
0.0090008,3.7204e-06
0.0090008,3.8294e-06
0.0090008,3.9661e-06
0.0090008,4.1129e-06
0.0090008,4.271e-06
0.0090008,4.4418e-06
0.0090008,4.6268e-06
0.0090008,4.8279e-06
0.0090008,5.0472e-06
0.0090008,5.2875e-06
0.0090008,5.5517e-06
0.0090008,5.8438e-06
0.0090008,6.1682e-06
0.0090008,6.5309e-06
0.0090008,6.9388e-06
0.0090008,7.4011e-06
0.0090008,7.9293e-06
0.0090008,8.5388e-06
0.0090008,9.2498e-06
0.0090008,1.057e-05
0.0090008,1.3054e-05
0.0090008,1.8484e-05
0.0090008,3.6907e-05
0.0090008,0.00081534
0.0090008,0.00015702
0.0090008,0.00019404
0.0090008,0.00010669
0.0090008,3.6119e-05
0.0090008,3.2049e-05
0.0090008,4.8313e-05
0.006263,0.00122
0.0016684,0.0002536
0.00069756,0.0030656
0.0007232,0.0018877
0.00074511,0.0013823
0.00076839,0.001109
0.00080616,0.00093357
0.00083348,0.00081867
0.00086272,0.00073871
0.00091063,0.0006846
0.00094564,0.00062845
0.0010035,0.00059944
0.0010807,0.00058316
0.0011707,0.00056863
0.0012938,0.00056243
0.001425,0.00055609
0.0016118,0.00053164
0.0018206,0.00049446
0.0021369,0.00046612
0.0027299,0.00044568
0.0037782,0.00041657
0.0061337,0.00038428
0.013975,0.00036694
2.4596,0.00034637
0.017506,0.00033726
0.012214,0.00032967
0.0099529,0.00033342
0.0094965,0.00033325
0.01127,0.00032994
0.023996,0.00031938
0.019291,0.00031467
0.010806,0.00031131
0.029995,0.00030589
0.013153,0.00030747
0.0059045,0.00031677
0.0042189,0.00033521
0.0035292,0.00036071
0.0031727,0.00038913
0.0029516,0.00041936
0.0029116,0.00048416
0.0029084,0.0006123
0.0028937,0.00093063
0.0028911,0.0024943
0.0029509,0.0038356
0.00020729,0.0056036
5.5544e-05,0.013414
2.3368e-05,0.0014878
2.4209e-05,0.0014878
2.5114e-05,0.0014878
2.6089e-05,0.0014878
2.6089e-05,0.0014878
2.6089e-05,0.0014878
2.5114e-05,0.0014878
2.3368e-05,0.0014878
2.2582e-05,0.0014878
2.1848e-05,0.0014878
2.116e-05,0.0014878
7.9133e-05,0.0018181
0.00029621,0.00044536
0.0019661,0.00017518
0.0018206,0.00017337
0.0016951,0.0001755
0.0016118,0.00018188
0.0015127,0.00019334
0.001425,0.00021152
0.001425,0.00024525
0.0015127,0.00039726
0.0016118,0.0022006
0.0017248,0.0065642
0.0018549,0.028531
0.0020062,0.0026726
0.0021844,0.0020876
0.0023973,0.0028332
0.0026562,0.40657
0.00020729,0.0040059
5.5544e-05,0.0075058
2.3368e-05,0.0014878
2.4209e-05,0.0014878
2.5114e-05,0.0014878
2.6089e-05,0.0014878
2.7143e-05,0.0014878
2.8285e-05,0.0014878
2.9528e-05,0.0014878
3.0885e-05,0.0014878
3.2373e-05,0.0014878
3.4011e-05,0.0014878
3.5824e-05,0.0014878
3.7841e-05,0.0014878
4.0099e-05,0.0014878
4.2643e-05,0.0014878
4.5532e-05,0.0014878
4.8841e-05,0.0014878
5.2669e-05,0.0014878
5.8389e-05,0.0014878
6.8858e-05,0.0014878
7.8972e-05,0.0014878
9.5871e-05,0.0014878
0.00013414,0.0014878
0.00026775,0.0014878
0.0042003,0.0014878
0.0008728,0.0014878
0.00097399,0.0014878
0.0032204,0.00099521
0.0017331,0.00027964
0.0015127,0.00012603
0.005806,9.6189e-05
0.021886,2.3469e-05
0.0090008,9.4164e-06
0.0090008,9.639e-06
0.0090008,1.0312e-05
0.0090008,1.1353e-05
0.0090008,1.2581e-05
0.0090008,1.4188e-05
0.0090008,1.6106e-05
0.0090008,1.8122e-05
0.0090008,2.2174e-05
0.0090008,2.8106e-05
0.0090008,4.3142e-05
0.0090008,7.1469e-05
0.0090008,0.00016129
0.0090008,0.00046408
0.0090008,9.7608e-05
0.0090008,4.5331e-05
0.0090008,2.9708e-05
0.0090008,2.4479e-05
0.0090008,2.007e-05
0.0090008,1.7764e-05
0.0090008,1.5652e-05
0.0090008,1.3833e-05
0.0090008,1.2592e-05
0.0090008,1.1537e-05
0.0090008,1.1043e-05
0.0090008,1.1142e-05
0.014317,4.2917e-05
0.0038867,0.00016524
0.0016608,0.000237
0.0006661,0.00091393
0.00018688,0.0034886
8.951e-05,0.0014878
0.00012253,0.0014878
0.00025967,0.0014878
0.0013715,0.0014878
0.00045524,0.0014878
0.00038735,0.0014878
0.0005053,0.0014878
0.0015102,0.0014878
0.00044507,0.0014878
0.00019147,0.0014878
0.00013414,0.0014878
0.00011182,0.0014878
9.5871e-05,0.0014878
8.3902e-05,0.0014878
0.00028773,0.0018
0.00095147,0.0005194
0.0084887,0.0002457
0.0064388,0.00030413
0.0052083,0.00041914
0.0043882,0.00063682
0.003803,0.0013906
0.0033647,0.0071642
0.0030244,0.0015285
0.0027528,0.00085414
0.0025311,0.00062024
0.0023469,0.00052461
0.0021917,0.00048122
0.0020591,0.00045181
0.0019447,0.0004477
0.0018452,0.00046005
0.0017578,0.00049661
0.0016806,0.00057639
0.0016121,0.00069618
0.0015508,0.00088965
0.0014959,0.0013618
0.0014558,0.0048044
0.0014109,0.0030845
0.0013703,0.001615
0.0013201,0.0015574
0.0012962,0.0030285
0.0012547,0.0022777
0.0012279,0.00079876
0.0011834,0.00053761
0.0011662,0.00043212
0.0011378,0.00037576
0.0011203,0.00033959
0.0011043,0.00031209
0.0010898,0.00030304
0.0010765,0.00029387
0.0010732,0.00029072
0.0010555,0.0003029
0.0010505,0.00031128
0.0010421,0.00033162
0.0010348,0.00036107
0.0010224,0.00039627
0.0010171,0.00043906
0.0010127,0.00050758
0.0010092,0.00057999
0.0010065,0.00070585
0.0010047,0.0010139
0.0010036,0.0020227
0.00099345,0.007972
0.0010047,0.0043367
0.001018,0.0014717
0.0010444,0.00099315
0.001087,0.00075782
0.0011431,0.00061508
0.00021426,0.0021363
6.6093e-05,0.0071298
3.4011e-05,0.0014878
4.797e-05,0.0014878
8.6605e-05,0.0014878
0.0006654,0.0014878
0.0003536,0.0014878
0.00021506,0.0014878
0.00020766,0.0014878
0.0002977,0.0014878
0.0054307,0.0014878
0.00021785,0.0014878
0.00012087,0.0014878
9.1064e-05,0.0014878
7.5896e-05,0.0014878
6.7071e-05,0.0014878
6.1124e-05,0.0014878
5.6803e-05,0.0014878
5.3164e-05,0.0014878
5.0803e-05,0.0014878
4.9384e-05,0.0014878
4.8713e-05,0.0014878
4.8678e-05,0.0014878
4.9221e-05,0.0014878
5.0327e-05,0.0014878
5.2012e-05,0.0014878
5.4324e-05,0.0014878
5.7349e-05,0.0014878
6.0655e-05,0.0014878
6.0106e-05,0.0014878
6.2227e-05,0.0014878
6.6017e-05,0.0014878
6.5823e-05,0.0014878
7.0354e-05,0.0014878
7.6283e-05,0.0014878
8.872e-05,0.0014878
0.00010053,0.0014878
0.00010892,0.0014878
0.00012777,0.0014878
0.00015326,0.0014878
0.00017122,0.0014878
0.00030758,0.0014878
0.067206,0.0014878
0.00077026,0.0014878
0.00047453,0.0014878
0.00059805,0.0014878
0.0022169,0.0020915
0.0013044,0.00062997
0.00089052,0.00031749
0.00088483,0.00044079
0.0033939,4.7078e-05
0.012891,1.0556e-05
0.0090008,3.8321e-06
0.0090008,3.4874e-06
0.0090008,3.2605e-06
0.0090008,3.0679e-06
0.0090008,2.9601e-06
0.0090008,2.8743e-06
0.0090008,2.855e-06
0.0090008,2.8847e-06
0.0090008,2.9815e-06
0.0090008,3.1065e-06
0.0090008,3.1959e-06
0.0090008,3.2906e-06
0.0090008,3.391e-06
0.0090008,3.5537e-06
0.0090008,3.6712e-06
0.0090008,3.8294e-06
0.0090008,4.0018e-06
0.0090008,4.1513e-06
0.0090008,4.3125e-06
0.0090008,4.4867e-06
0.0090008,4.7252e-06
0.0090008,5.0472e-06
0.0090008,5.0472e-06
0.0090008,5.4164e-06
0.0090008,5.4164e-06
0.009982,2.0893e-05
0.0028208,8.0594e-05
0.0012858,0.00013593
0.00031472,0.00054201
8.1589e-05,0.0021512
3.3172e-05,0.0014878
3.2373e-05,0.0014878
3.1987e-05,0.0014878
3.1244e-05,0.0014878
0.00011646,0.0018867
0.00043937,0.00054838
0.0041512,0.00025292
0.012365,4.7349e-05
0.037441,1.2852e-05
0.0090008,5.622e-06
0.0090008,6.6283e-06
0.0090008,9.0612e-06
0.0090008,1.5302e-05
0.0090008,6.3119e-05
0.0090008,0.00015856
0.0090008,0.00012386
0.0090008,0.00077617
0.0076546,8.6888e-05
0.0019259,0.00015448
0.00076716,0.00023299
0.00075803,0.00022139
0.0007548,0.00021228
0.00075698,0.00020354
0.0007643,0.00019796
0.0007767,0.00019296
0.00079221,0.00018804
0.00080888,0.00018525
0.0078447,8.1729e-06
0.0090008,2.024e-06
0.0090008,1.9519e-06
0.0090008,1.8981e-06
0.0090008,1.8595e-06
0.0090008,1.834e-06
0.0090008,1.8201e-06
0.0090008,1.8169e-06
0.0090008,1.8283e-06
0.0090008,1.8589e-06
0.0090008,1.9068e-06
0.0090008,1.9401e-06
0.0090008,1.9923e-06
0.0090008,2.0568e-06
0.0090008,2.1463e-06
0.0090008,2.2552e-06
0.0090008,2.3885e-06
0.0090008,2.568e-06
0.0090008,2.8117e-06
0.23076,1.2153e-05
0.0090008,3.6411e-06
0.0090008,4.2304e-06
0.0090008,5.4164e-06
0.0090008,7.2798e-06
0.0090008,1.3054e-05
0.0090008,8.8167e-05
0.02757,0.0001695
0.0067349,0.00019811
0.0026016,0.00022962
0.0024993,0.00025188
0.0024506,0.00028715
0.0025347,0.0003462
0.0026295,0.00045778
0.0028451,0.00072935
0.003163,0.0022889
0.0036331,0.0032591
0.0041932,0.0012024
0.0050428,0.00078488
0.0060247,0.00061369
0.0076149,0.00052083
0.01045,0.00044703
0.01714,0.00039225
0.098384,0.00036148
0.034043,0.00034629
0.013014,0.00033853
0.0087843,0.00032956
0.0066656,0.00032115
0.0053939,0.00031149
0.0045464,0.00030799
0.0039417,0.00030398
0.0034888,0.00030258
0.012102,3.4831e-05
0.040485,9.3383e-06
0.0090008,3.931e-06
0.0090008,4.0752e-06
0.0090008,4.2304e-06
0.0090008,4.3979e-06
0.0090008,4.6755e-06
0.0090008,5.0472e-06
0.0090008,5.4832e-06
0.0090008,6.0838e-06
0.0090008,6.9388e-06
0.0090008,7.9293e-06
0.0090008,8.8801e-06
0.0090008,1.057e-05
0.0090008,1.3869e-05
0.0090008,2.2174e-05
0.0090008,7.357e-05
0.0090008,0.00010999
0.0090008,4.8248e-05
0.0090008,3.5835e-05
0.0090008,3.331e-05
0.0090008,3.769e-05
0.0090008,6.4029e-05
0.0090008,0.00019489
0.0090008,2.7108e-05
0.0090008,1.557e-05
0.0090008,1.1477e-05
0.0090008,9.5259e-06
0.0090008,8.2918e-06
0.0090008,7.6475e-06
0.0090008,7.2792e-06
0.0090008,7.19e-06
0.0090008,7.2673e-06
0.0090008,7.441e-06
0.0090008,7.7455e-06
0.0090008,8.1714e-06
0.0090008,8.6468e-06
0.0090008,9.6016e-06
0.0090008,1.1008e-05
0.0090008,1.3464e-05
0.0090008,1.7227e-05
0.0090008,2.3763e-05
0.0090008,4.653e-05
0.0090008,0.00032794
0.0090008,4.8156e-05
0.0056218,0.00011485
0.0015026,0.00031482
0.00062649,0.0014731
0.00065138,0.02154
0.00061215,0.0071166
0.00013775,0.007269
5.0459e-05,0.0014878
4.6385e-05,0.0014878
4.3048e-05,0.0014878
4.0136e-05,0.0014878
3.8162e-05,0.0014878
3.6874e-05,0.0014878
3.6381e-05,0.0014878
3.6729e-05,0.0014878
3.6987e-05,0.0014878
3.7634e-05,0.0014878
3.7661e-05,0.0014878
3.7777e-05,0.0014878
3.8629e-05,0.0014878
4e-05,0.0014878
4.0881e-05,0.0014878
4.1715e-05,0.0014878
4.3303e-05,0.0014878
4.4729e-05,0.0014878
4.7503e-05,0.0014878
4.9221e-05,0.0014878
5.0995e-05,0.0014878
5.4018e-05,0.0014878
5.6815e-05,0.0014878
5.9645e-05,0.0014878
5.9457e-05,0.0014878
5.5738e-05,0.0014878
5.3969e-05,0.0014878
5.4313e-05,0.0014878
5.1637e-05,0.0014878
4.8565e-05,0.0014878
4.5363e-05,0.0014878
4.301e-05,0.0014878
4.1459e-05,0.0014878
4.2475e-05,0.0014878
4.4214e-05,0.0014878
4.7801e-05,0.0014878
5.3158e-05,0.0014878
6.1459e-05,0.0014878
7.1552e-05,0.0014878
8.4748e-05,0.0014878
0.00010253,0.0014878
0.00012777,0.0014878
0.00016707,0.0014878
0.00025433,0.0014878
0.00060005,0.0014878
0.00075725,0.0014878
0.00023643,0.0014878
0.000145,0.0014878
0.00010661,0.0014878
8.5831e-05,0.0014878
7.1974e-05,0.0014878
6.1459e-05,0.0014878
5.416e-05,0.0014878
4.8393e-05,0.0014878
4.5409e-05,0.0014878
4.2013e-05,0.0014878
4.0715e-05,0.0014878
3.8535e-05,0.0014878
3.6785e-05,0.0014878
3.5378e-05,0.0014878
3.4256e-05,0.0014878
3.3373e-05,0.0014878
3.2699e-05,0.0014878
3.2373e-05,0.0014878
3.2373e-05,0.0014878
3.2373e-05,0.0014878
3.2373e-05,0.0014878
3.2373e-05,0.0014878
3.2373e-05,0.0014878
3.2373e-05,0.0014878
3.2373e-05,0.0014878
3.2373e-05,0.0014878
3.2373e-05,0.0014878
3.2373e-05,0.0014878
3.2373e-05,0.0014878
3.2373e-05,0.0014878
3.2373e-05,0.0014878
3.2373e-05,0.0014878
3.2373e-05,0.0014878
3.2373e-05,0.0014878
3.2373e-05,0.0014878
3.2373e-05,0.0014878
3.2373e-05,0.0014878
3.2373e-05,0.0014878
3.2373e-05,0.0014878
3.2373e-05,0.0014878
3.2767e-05,0.0014878
3.2767e-05,0.0014878
3.3172e-05,0.0014878
3.4447e-05,0.0014878
3.6308e-05,0.0014878
3.7316e-05,0.0014878
3.9509e-05,0.0014878
4.333e-05,0.0014878
4.9745e-05,0.0014878
6.104e-05,0.0014878
8.3902e-05,0.0014878
0.00019147,0.0014878
0.0010031,0.0014878
0.00092256,0.0014786
0.002103,0.00039173
0.00064187,0.00016297
0.0024498,0.00012814
0.0094007,2.8522e-05
0.0090008,1.0348e-05
0.0090008,9.2057e-06
0.0090008,8.4527e-06
0.0090008,7.9492e-06
0.0090008,7.6193e-06
0.0090008,7.4196e-06
0.0090008,7.3242e-06
0.0090008,7.3182e-06
0.0090008,7.3937e-06
0.0090008,7.5482e-06
0.0090008,7.7835e-06
0.0090008,8.1058e-06
0.0090008,8.5257e-06
0.0090008,9.0061e-06
0.0090008,9.9276e-06
0.0090008,1.0754e-05
0.0090008,1.3425e-05
0.0090008,1.7385e-05
0.0090008,2.0941e-05
0.0090008,2.4062e-05
0.0090008,2.229e-05
0.0090008,1.8211e-05
0.0090008,1.4899e-05
0.0090008,1.2508e-05
0.01706,4.416e-05
0.005283,0.00016532
0.0027129,0.0001029
0.00067604,0.00035235
0.00018956,0.0012219
8.6501e-05,0.0014878
9.9971e-05,0.0014878
0.00011707,0.0014878
0.00014424,0.0014878
0.00019322,0.0014878
0.00037323,0.0014878
0.00073549,0.0014878
0.00018488,0.0014878
0.00011359,0.0014878
8.5639e-05,0.0014878
7.0368e-05,0.0014878
5.9085e-05,0.0014878
5.0887e-05,0.0014878
4.4183e-05,0.0014878
4.0021e-05,0.0014878
3.7069e-05,0.0014878
3.5071e-05,0.0014878
3.3763e-05,0.0014878
3.3359e-05,0.0014878
3.3031e-05,0.0014878
3.3494e-05,0.0014878
3.3607e-05,0.0014878
3.3842e-05,0.0014878
3.3878e-05,0.0014878
3.3638e-05,0.0014878
3.3691e-05,0.0014878
3.3727e-05,0.0014878
3.4063e-05,0.0014878
3.4184e-05,0.0014878
3.385e-05,0.0014878
3.3867e-05,0.0014878
3.421e-05,0.0014878
3.4275e-05,0.0014878
3.5225e-05,0.0014878
3.7062e-05,0.0014878
3.9908e-05,0.0014878
4.4389e-05,0.0014878
5.1302e-05,0.0014878
6.5969e-05,0.0014878
9.0156e-05,0.0014878
0.00018173,0.0014878
0.0021811,0.0014878
0.00098267,0.0014415
0.0021061,0.00042535
0.0045469,0.00020575
0.0037394,0.00026213
0.0033081,0.00037785
0.0030188,0.00073788
0.0027566,0.032045
0.00044535,0.0060204
0.00011007,0.012245
4.2998e-05,0.0014878
4.0571e-05,0.0014878
3.8646e-05,0.0014878
3.7546e-05,0.0014878
3.6332e-05,0.0014878
3.5807e-05,0.0014878
3.5103e-05,0.0014878
3.4617e-05,0.0014878
3.4332e-05,0.0014878
3.5053e-05,0.0014878
3.5053e-05,0.0014878
3.5908e-05,0.0014878
3.5908e-05,0.0014878
3.4617e-05,0.0014878
3.345e-05,0.0014878
3.239e-05,0.0014878
3.1425e-05,0.0014878
3.0543e-05,0.0014878
3.0543e-05,0.0014878
3.0543e-05,0.0014878
2.9735e-05,0.0014878
2.9735e-05,0.0014878
2.9735e-05,0.0014878
2.9735e-05,0.0014878
2.9735e-05,0.0014878
3.0543e-05,0.0014878
3.1425e-05,0.0014878
3.1425e-05,0.0014878
0.00012122,0.0039945
0.00046759,0.0017247
0.00048196,0.015137
0.00049773,0.018454
0.00013353,0.039162
3.5908e-05,0.0014878
3.7339e-05,0.0014878
3.8934e-05,0.0014878
4.0721e-05,0.0014878
4.2735e-05,0.0014878
4.5018e-05,0.0014878
4.7625e-05,0.0014878
5.063e-05,0.0014878
5.4127e-05,0.0014878
5.8389e-05,0.0014878
6.3944e-05,0.0014878
7.0668e-05,0.0014878
7.8972e-05,0.0014878
8.9488e-05,0.0014878
0.00010323,0.0014878
0.00012197,0.0014878
0.00014901,0.0014878
0.00019147,0.0014878
0.00026775,0.0014878
0.00044507,0.0014878
0.0013178,0.0014878
0.0013341,0.0014878
0.0004564,0.0014878
0.00023315,0.0014878
0.00017826,0.0014878
0.000145,0.0014878
0.00012286,0.0014878
0.0001071,0.0014878
9.5871e-05,0.0014878
0.0003293,0.0015121
0.0011074,0.00044425
0.0018564,0.00021387
0.0017893,0.00027087
0.001701,0.00038684
0.001603,0.00073788
0.0014898,0.40657
0.00035562,0.10412
8.8496e-05,0.010979
3.5353e-05,0.0014878
3.6117e-05,0.0014878
3.7926e-05,0.0014878
4.0709e-05,0.0014878
4.4113e-05,0.0014878
4.8402e-05,0.0014878
5.362e-05,0.0014878
5.9258e-05,0.0014878
6.5823e-05,0.0014878
7.1839e-05,0.0014878
8.3085e-05,0.0014878
9.5141e-05,0.0014878
0.00010787,0.0014878
0.0001278,0.0014878
0.00017892,0.0014878
0.00019651,0.0014878
0.00019312,0.0014878
0.00021811,0.0014878
0.00021627,0.0014878
0.00021327,0.0014878
0.00036525,0.0014878
0.00036426,0.0014878
0.00036426,0.0014878
0.00048219,0.0014878
0.0014038,0.0014878
0.067206,0.0014878
0.00071686,0.0014878
0.00036426,0.0014878
0.00024595,0.0014878
0.00018565,0.0014878
0.00015026,0.0014878
0.00012668,0.0014878
0.00012668,0.0014878
0.00014943,0.0014878
0.00018463,0.0014878
0.00018463,0.0014878
0.00018412,0.0014878
0.00018412,0.0014878
0.00024262,0.0014878
0.00024131,0.0014878
0.00024131,0.0014878
0.00018312,0.0014878
0.00014819,0.0014878
0.00012492,0.0014878
0.00010831,0.0014878
9.5871e-05,0.0014878
8.6216e-05,0.0014878
7.8511e-05,0.0014878
7.2012e-05,0.0014878
6.6805e-05,0.0014878
6.2227e-05,0.0014878
5.8313e-05,0.0014878
5.5098e-05,0.0014878
5.23e-05,0.0014878
4.9846e-05,0.0014878
4.768e-05,0.0014878
4.5757e-05,0.0014878
4.3896e-05,0.0014878
4.2361e-05,0.0014878
4.0706e-05,0.0014878
3.9463e-05,0.0014878
3.8337e-05,0.0014878
3.8207e-05,0.0014878
3.9198e-05,0.0014878
4.0039e-05,0.0014878
4.1268e-05,0.0014878
4.2779e-05,0.0014878
4.4185e-05,0.0014878
4.6063e-05,0.0014878
4.803e-05,0.0014878
5.0417e-05,0.0014878
5.3137e-05,0.0014878
5.6262e-05,0.0014878
5.9885e-05,0.0014878
6.4127e-05,0.0014878
6.9159e-05,0.0014878
7.5216e-05,0.0014878
8.2638e-05,0.0014878
9.1936e-05,0.0014878
0.00010391,0.0014878
0.0001199,0.0014878
0.0001199,0.0014878
0.0001199,0.0014878
0.0001199,0.0014878
0.0001199,0.0014878
0.0001199,0.0014878
0.0001199,0.0014878
0.0001199,0.0014878
0.00013078,0.0014878
0.00013009,0.0014878
0.00013009,0.0014878
0.00013009,0.0014878
0.00013627,0.0014878
0.00013627,0.0014878
0.00013627,0.0014878
0.00013627,0.0014878
0.00013555,0.0014878
0.00013555,0.0014878
0.00014978,0.0014878
0.00014899,0.0014878
0.00014899,0.0014878
0.00014899,0.0014878
0.00014899,0.0014878
0.00016648,0.0014878
0.00017686,0.0014878
0.0003097,0.0014878
0.00069284,0.0014878
0.0012261,0.0014878
0.00071878,0.0014878
0.0011189,0.0014878
0.0011528,0.001398
0.0013507,0.00037116
0.0017822,0.00015475
0.0065079,9.5136e-05
0.023173,2.2942e-05
0.0090008,8.8943e-06
0.0090008,8.6008e-06
0.0090008,8.4335e-06
0.0090008,8.3385e-06
0.0090008,8.5228e-06
0.0090008,8.701e-06
0.0090008,8.9055e-06
0.0090008,9.0354e-06
0.0090008,9.5865e-06
0.0090008,1.0033e-05
0.0090008,1.0397e-05
0.0090008,1.1124e-05
0.0090008,1.1806e-05
0.0090008,1.2927e-05
0.0090008,1.3945e-05
0.0090008,1.531e-05
0.0090008,1.7048e-05
0.0090008,1.9224e-05
0.0090008,2.2335e-05
0.0090008,2.6769e-05
0.0090008,3.3934e-05
0.0090008,4.6948e-05
0.0090008,7.7213e-05
0.0090008,0.00022499
0.0090008,0.00015984
0.0090008,6.4775e-05
0.0090008,5.0267e-05
0.0090008,4.0525e-05
0.0090008,3.5044e-05
0.0090008,3.3236e-05
0.0090008,3.5951e-05
0.0090008,4.9844e-05
0.0090008,0.00019837
0.0090008,7.2608e-05
0.0090008,4.0177e-05
0.0090008,3.5155e-05
0.0090008,3.9047e-05
0.0090008,5.4724e-05
0.0090008,0.00012624
0.0090008,0.00021782
0.0090008,5.5269e-05
0.0090008,3.6907e-05
0.0090008,2.7703e-05
0.0090008,2.2174e-05
0.0090008,1.8484e-05
0.0090008,1.5847e-05
0.0090008,1.3869e-05
0.0082576,4.7561e-05
0.0022192,0.00015728
0.00094564,0.00019979
0.00098345,0.00020431
0.0010244,0.00020582
0.0010689,0.00021144
0.0011175,0.00022278
0.0011707,0.00023016
0.0012292,0.00024055
0.0013288,0.00025237
0.0014047,0.00026036
0.0014898,0.00026641
0.0015858,0.00027429
0.0016951,0.00028521
0.0016951,0.00029534
0.0015858,0.00029955
0.0014047,0.00029292
0.0013657,0.00030953
0.0012292,0.00032151
0.0011707,0.00035019
0.0011175,0.00039042
0.0010689,0.00043324
0.0039516,0.00010055
0.014633,6.3323e-05
0.014071,0.00023156
0.014347,7.486e-05
0.0090008,2.4908e-05
0.0090008,3.1968e-05
0.0090008,0.00025105
0.010602,0.0001187
0.0028794,0.00023434
0.0012447,0.00041497
0.0005644,0.0013058
0.00013245,0.0041722
5.0659e-05,0.0014878
4.8664e-05,0.0014878
4.7162e-05,0.0014878
4.5687e-05,0.0014878
4.4478e-05,0.0014878
4.3911e-05,0.0014878
4.3896e-05,0.0014878
4.4389e-05,0.0014878
4.5378e-05,0.0014878
4.6882e-05,0.0014878
4.8948e-05,0.0014878
5.1657e-05,0.0014878
5.5958e-05,0.0014878
6.104e-05,0.0014878
6.7138e-05,0.0014878
7.459e-05,0.0014878
8.3902e-05,0.0014878
9.5871e-05,0.0014878
0.00011668,0.0014878
0.00015776,0.0014878
0.00020615,0.0014878
0.0002435,0.0014878
0.00033436,0.0014878
0.0006654,0.0014878
0.0013178,0.0014878
0.0027857,0.0014878
0.00089607,0.0014878
0.00050817,0.0014878
0.00055542,0.0014878
0.0011439,0.0014878
0.00040792,0.0014878
0.00015666,0.0014878
0.00013519,0.0014878
0.00014906,0.0014878
0.00019092,0.0014878
0.00033127,0.0014878
0.0050962,0.0014878
0.00018875,0.0014878
0.00038599,0.0014665
0.0010051,0.00039027
0.0013034,0.00016313
0.0013488,0.00016798
0.0013856,0.00017328
0.0014203,0.00017908
0.0014746,0.00018684
0.001527,0.00019584
0.0015844,0.00020839
0.0016763,0.00021965
0.0017418,0.00023902
0.0018055,0.00025395
0.0018511,0.00027087
0.0018672,0.00029547
0.0018895,0.00031863
0.0019265,0.00034572
0.0020359,0.00038684
0.0021655,0.00042752
0.0023319,0.00047776
0.0026159,0.00054137
0.0028771,0.00062453
0.0032427,0.00081152
0.0039864,0.0010139
0.004811,0.0013507
0.0056123,0.0026925
0.0067711,0.0094827
0.0085925,0.0025732
0.011868,0.0015905
0.019482,0.0012831
0.056869,0.00118
0.049941,0.0010654
0.017051,0.00097983
0.010367,0.00094579
0.0074931,0.00099088
0.0053209,0.0012006
0.0044842,0.0020776
0.0036486,0.019833
0.01256,1.9215e-05
0.04166,4.6289e-06
0.0090008,1.771e-06
0.0090008,1.7221e-06
0.0090008,1.7492e-06
0.0090008,1.7772e-06
0.0090008,1.806e-06
0.0090008,1.8359e-06
0.0090008,1.8667e-06
0.0090008,1.8986e-06
0.0090008,1.9317e-06
0.0090008,1.9658e-06
0.0090008,2.0013e-06
0.0090008,2.038e-06
0.0090008,2.0761e-06
0.0090008,2.1156e-06
0.0090008,2.1567e-06
0.0090008,2.1994e-06
0.0090008,2.2438e-06
0.0090008,2.29e-06
0.0090008,2.3506e-06
0.0090008,2.441e-06
0.0090008,2.568e-06
0.0090008,2.7423e-06
0.0090008,2.9815e-06
0.0090008,3.3151e-06
0.0090008,3.7966e-06
0.0090008,4.5324e-06
0.0090008,5.7679e-06
0.0090008,8.2228e-06
0.0090008,1.8484e-05
0.0090008,0.0017774
0.0090008,5.3993e-05
0.0090008,2.617e-05
0.0090008,1.9253e-05
0.0090008,1.7065e-05
0.0068405,6.4222e-05
0.0090008,1.7778e-05
0.0090008,1.9767e-05
0.0090008,2.1322e-05
0.0090008,2.2982e-05
0.0090008,2.4229e-05
0.0090008,2.4456e-05
0.0090008,2.6769e-05
0.0090008,3.3373e-05
0.0090008,3.1968e-05
0.0090008,2.6805e-05
0.0090008,2.2174e-05
0.0090008,1.8943e-05
0.0090008,1.7507e-05
0.0090008,1.5414e-05
0.0090008,1.3835e-05
0.0090008,1.255e-05
0.0090008,1.2362e-05
0.0090008,1.2252e-05
0.0090008,1.2811e-05
0.0090008,1.2736e-05
0.0090008,1.3349e-05
0.0090008,1.3349e-05
0.0090008,1.4658e-05
0.0090008,1.6358e-05
0.0090008,1.7484e-05
0.0090008,2.0277e-05
0.0090008,2.6664e-05
0.0090008,3.3562e-05
0.0090008,2.9708e-05
0.0090008,2.1241e-05
0.0090008,1.784e-05
0.0090008,1.3987e-05
0.0090008,1.047e-05
0.0090008,8.814e-06
0.0090008,7.6892e-06
0.0090008,7.1323e-06
0.0090008,6.6553e-06
0.012315,2.4386e-05
0.0037881,9.1877e-05
0.0049219,9.0649e-05
0.0029298,0.00016424
0.0065886,0.00016424
0.14055,0.0001644
0.036608,0.0001647
0.0167,6.1397e-05
0.03325,1.6313e-05
0.0090008,6.9923e-06
0.0090008,7.5959e-06
0.0090008,8.58e-06
0.0090008,9.5142e-06
0.0090008,1.1124e-05
0.0090008,1.2862e-05
0.0090008,1.5915e-05
0.0090008,1.95e-05
0.0090008,2.4269e-05
0.0090008,3.545e-05
0.0090008,6.0705e-05
0.0090008,0.00045929
0.0090008,9.551e-05
0.0090008,5.3993e-05
0.0090008,3.785e-05
0.0090008,2.9457e-05
0.0090008,2.2036e-05
0.0090008,1.6595e-05
0.0035046,5.4593e-05
0.00091302,0.00017526
0.0003798,0.00025458
0.00039191,0.00027411
0.00040817,0.00029345
0.00042955,0.00030971
0.00045752,0.00032159
0.00049429,0.00033754
0.00054344,0.00037198
0.00061093,0.00043437
0.0007076,0.00055222
0.00085522,0.00084307
0.0011049,0.0022713
0.0016118,0.0088385
0.0031696,0.0050427
0.30041,0.013666
0.011779,0.0010183
0.0071774,0.0004537
0.0060146,0.00030143
0.005761,0.00023138
0.0067019,0.00019155
0.0094215,0.00016618
0.022022,0.00014888
0.016818,0.00013659
0.0063958,0.00012763
0.015619,2.1248e-05
0.043181,5.5416e-06
0.0090008,2.2677e-06
0.0090008,2.2834e-06
0.0090008,2.3003e-06
0.0090008,2.3184e-06
0.0090008,2.3378e-06
0.0090008,2.3585e-06
0.0090008,2.3806e-06
0.0090008,2.4042e-06
0.0090008,2.4293e-06
0.0090008,2.456e-06
0.0090008,2.4845e-06
0.0090008,2.5147e-06
0.0090008,2.5532e-06
0.0090008,2.6133e-06
0.0090008,2.6762e-06
0.0073134,1.0578e-05
0.0019949,4.1837e-05
0.00086294,0.00013385
0.00093914,0.00013696
0.0010523,0.00014137
0.0012277,0.00014646
0.0015218,0.00015193
0.0020951,0.00015783
0.0036425,0.0001642
0.020756,0.00017112
0.045342,3.4546e-05
0.053511,9.2591e-06
0.0090008,3.8965e-06
0.0090008,4.0382e-06
0.0090008,4.1905e-06
0.0090008,4.3548e-06
0.0090008,4.5324e-06
0.0090008,4.7252e-06
0.0090008,4.7252e-06
0.0090008,4.5324e-06
0.0090008,4.1905e-06
0.0090008,3.8965e-06
0.0090008,3.5255e-06
0.0090008,3.3151e-06
0.009327,1.2068e-05
0.0024772,4.4068e-05
0.0010214,0.00015783
0.0010675,0.00016759
0.0011366,0.00017669
0.0012231,0.00018684
0.0013463,0.00019351
0.0015373,0.00019823
0.0018115,0.00020575
0.0021054,0.0002111
0.002409,0.00021672
0.0026706,0.00027781
0.0028746,0.00028337
0.0031691,0.00028521
0.0033507,0.00027771
0.0033613,0.00026892
0.0033507,0.00026575
0.0031791,0.00026283
0.0031791,0.00025417
0.00309,0.00025016
0.0029338,0.0002455
0.002839,0.00024806
0.0026458,0.00024979
0.0025976,0.00025902
0.00069232,0.001025
0.63763,0.0010612
0.0020347,0.0010816
0.0011366,0.0010846
0.0020874,0.00027462
0.0020686,0.00027471
0.0018967,0.00027153
0.0017966,0.00026378
0.0016202,0.00024704
0.00060784,0.00089926
0.00014641,0.0033038
5.4264e-05,0.0014878
5.1682e-05,0.0014878
4.8921e-05,0.0014878
5.0417e-05,0.0014878
5.0822e-05,0.0014878
4.9944e-05,0.0014878
4.7833e-05,0.0014878
4.7562e-05,0.0014878
4.6122e-05,0.0014878
4.3736e-05,0.0014878
4.2423e-05,0.0014878
4.2423e-05,0.0014878
4.3617e-05,0.0014878
4.6219e-05,0.0014878
4.5403e-05,0.0014878
4.5939e-05,0.0014878
4.7309e-05,0.0014878
4.9525e-05,0.0014878
5.3093e-05,0.0014878
5.7336e-05,0.0014878
6.1214e-05,0.0014878
6.3762e-05,0.0014878
6.6532e-05,0.0014878
6.6532e-05,0.0014878
6.4497e-05,0.0014878
6.1413e-05,0.0014878
5.8688e-05,0.0014878
5.7269e-05,0.0014878
5.7961e-05,0.0014878
6.4909e-05,0.0014878
8.4363e-05,0.0014878
0.0001319,0.0014878
0.00026252,0.0014878
0.0030548,0.0014878
0.00040123,0.0014878
0.00022898,0.0014878
0.00016801,0.0014878
0.00013758,0.0014878
0.0001232,0.0014878
0.00011281,0.0014878
0.00010505,0.0014878
9.8687e-05,0.0014878
9.1779e-05,0.0014878
8.4936e-05,0.0014878
7.7481e-05,0.0014878
7.1782e-05,0.0014878
6.7349e-05,0.0014878
6.4988e-05,0.0014878
6.2202e-05,0.0014878
6.0025e-05,0.0014878
6.0474e-05,0.0014878
5.9192e-05,0.0014878
5.831e-05,0.0014878
5.7793e-05,0.0014878
5.7622e-05,0.0014878
5.8688e-05,0.0014878
5.8688e-05,0.0014878
5.8344e-05,0.0014878
5.8344e-05,0.0014878
6.0409e-05,0.0014878
6.0409e-05,0.0014878
6.0059e-05,0.0014878
6.0059e-05,0.0014878
6.2278e-05,0.0014878
6.2278e-05,0.0014878
6.2278e-05,0.0014878
6.2278e-05,0.0014878
6.2098e-05,0.0014878
6.3364e-05,0.0014878
6.5678e-05,0.0014878
6.7105e-05,0.0014878
6.7105e-05,0.0014878
6.8595e-05,0.0014878
6.8595e-05,0.0014878
7.0152e-05,0.0014878
7.1782e-05,0.0014878
7.7159e-05,0.0014878
8.3407e-05,0.0014878
9.6421e-05,0.0014878
0.00011392,0.0014878
0.00016881,0.0014878
0.00042755,0.0014878
0.00076697,0.0014878
0.00028759,0.0014878
0.00019001,0.0014878
0.00053335,0.0015112
0.0015781,0.00040135
0.0013541,0.00016741
0.0012688,0.00017202
0.0046355,9.2628e-05
0.01703,2.0721e-05
0.0090008,7.552e-06
0.0090008,7.0826e-06
0.0090008,6.722e-06
0.0090008,6.6012e-06
0.0090008,6.47e-06
0.0090008,6.3371e-06
0.0090008,6.2288e-06
0.0090008,6.194e-06
0.0090008,6.2288e-06
0.0090008,6.3753e-06
0.0090008,6.3367e-06
0.0090008,6.2887e-06
0.0090008,6.3241e-06
0.0090008,6.4837e-06
0.0090008,6.5472e-06
0.0090008,6.5227e-06
0.0090008,6.6037e-06
0.0090008,6.4456e-06
0.0090008,6.3021e-06
0.0090008,6.1057e-06
0.0090008,6.0734e-06
0.0090008,5.944e-06
0.0090008,5.8727e-06
0.0090008,5.8031e-06
0.0090008,5.7576e-06
0.0090008,5.6907e-06
0.0090008,5.716e-06
0.0090008,5.694e-06
0.0090008,5.7359e-06
0.0090008,5.884e-06
0.017183,2.3423e-05
0.019773,2.3873e-05
0.005843,9.5081e-05
0.0066189,9.7321e-05
0.0070182,9.9398e-05
0.0028886,0.00062453
0.0027043,0.00052393
0.0024241,0.00039627
0.0020544,0.00030661
0.0017484,0.00022892
0.0015738,0.00019584
0.0014864,0.00023814
0.0014067,0.00022351
0.0013812,0.00021348
0.0013841,0.0002107
0.0013815,0.00020634
0.0014031,0.00020923
0.0014697,0.00022036
0.001547,0.00023137
0.0003961,0.00092308
0.0016344,0.00024357
0.0016856,0.00025275
0.0068531,6.7656e-05
0.0019015,0.00025678
0.00041409,0.00099053
0.0003964,0.00095687
0.0023094,0.00024267
0.0023622,0.00022928
0.0022665,0.00021202
0.0021369,0.00020161
0.0020579,0.00019703
0.0020026,0.00019469
0.0019534,0.00019402
0.0019226,0.0001954
0.0018913,0.00019796
0.0018776,0.00019693
0.0018888,0.00019371
0.0018866,0.00019499
0.0019024,0.00019862
0.0019276,0.00020725
0.001918,0.00021238
0.0019011,0.00021579
0.0018693,0.00022119
0.0018413,0.0002317
0.0018286,0.00024851
0.0017471,0.00026076
0.0017223,0.00027002
0.0016985,0.00027484
0.0016701,0.00028259
0.015409,1.5849e-05
0.0090008,4.0893e-06
0.0090008,4.0472e-06
0.0090008,4.0331e-06
0.0090008,4.0698e-06
0.0090008,4.0834e-06
0.0090008,4.1475e-06
0.0090008,4.2388e-06
0.0090008,4.3596e-06
0.0090008,4.4313e-06
0.0090008,4.4783e-06
0.0090008,4.5821e-06
0.0090008,4.7477e-06
0.0090008,4.8702e-06
0.0090008,5.0518e-06
0.0090008,5.2438e-06
0.0090008,5.3758e-06
0.0090008,5.5131e-06
0.0090008,5.6563e-06
0.0090008,5.7548e-06
0.0090008,5.9444e-06
0.0090008,6.0755e-06
0.0090008,6.3371e-06
0.0090008,6.5834e-06
0.0090008,6.8363e-06
0.0090008,7.1137e-06
0.0090008,7.4476e-06
0.0090008,7.7679e-06
0.0090008,8.0668e-06
0.015217,3.1698e-05
0.0041084,0.00012712
0.0017176,0.00021123
0.0005426,0.00081228
0.00014666,0.0030929
6.3649e-05,0.0014878
6.8359e-05,0.0014878
7.6402e-05,0.0014878
8.5749e-05,0.0014878
9.6525e-05,0.0014878
0.00011008,0.0014878
0.00013428,0.0014878
0.00017254,0.0014878
0.00025873,0.0014878
0.00032803,0.0014878
0.0003744,0.0014878
0.0005398,0.0014878
0.0020521,0.0014878
0.0014186,0.0014878
0.00041597,0.0014878
0.00024595,0.0014878
0.00018668,0.0014878
0.00015111,0.0014878
0.00012232,0.0014878
0.0001073,0.0014878
8.9975e-05,0.0014878
0.00031521,0.001733
0.0010666,0.00046229
0.0014701,0.00019375
0.0014476,0.00020012
0.0014109,0.00020713
0.0013924,0.00021487
0.0013681,0.00022347
0.0013555,0.00023304
0.0013589,0.00024377
0.0013935,0.00025584
0.0014583,0.00026954
0.0015987,0.00028519
0.0018331,0.00030321
0.0022753,0.00033853
0.0031709,0.00036927
0.0055272,0.00040616
0.032204,0.00045124
0.0073973,0.00050758
0.003515,0.00057999
0.0024002,0.00067649
0.0018806,0.00081152
0.0015938,0.0010139
0.0014079,0.0013507
0.0012846,0.0020227
0.0011945,0.0040254
0.0011445,0.40657
0.0011082,0.0043483
0.0011007,0.0022339
0.0011144,0.0015171
0.0011425,0.001165
0.0011871,0.0009572
0.0012171,0.00081477
0.0012438,0.00066815
0.00012853,0.0023174
3.3642e-05,0.0076968
1.3816e-05,0.0014878
1.3998e-05,0.0014878
1.4296e-05,0.0014878
1.4607e-05,0.0014878
1.4931e-05,0.0014878
1.5271e-05,0.0014878
1.5626e-05,0.0014878
1.5998e-05,0.0014878
1.6388e-05,0.0014878
1.6797e-05,0.0014878
1.7228e-05,0.0014878
1.7681e-05,0.0014878
1.8159e-05,0.0014878
1.8663e-05,0.0014878
1.9196e-05,0.0014878
1.9761e-05,0.0014878
2.0359e-05,0.0014878
2.0995e-05,0.0014878
2.1672e-05,0.0014878
2.1672e-05,0.0014878
2.2394e-05,0.0014878
2.3166e-05,0.0014878
9.2553e-05,0.0034349
0.00037023,0.0019503
0.0013488,0.0066719
0.0052812,4.2143e-05
0.021154,1.138e-05
0.021918,1.138e-05
0.024181,1.1875e-05
0.026888,1.1875e-05
0.031214,1.1875e-05
0.010056,4.5806e-05
0.015682,4.7887e-05
0.0096031,0.00044706
0.04576,0.00044455
0.010685,0.00045109
0.024312,5.8523e-05
0.018921,5.8523e-05
0.061406,1.5385e-05
0.055468,1.4565e-05
0.05206,1.3487e-05
0.048334,1.2275e-05
0.045239,1.1263e-05
0.011124,4.0916e-05
0.0028239,0.00021377
0.002769,0.00019156
0.0026758,0.00017833
0.0025603,0.00016488
0.0024002,0.00015437
0.0024042,0.00014861
0.0025055,0.00014712
0.0029097,0.00014712
0.0037437,0.00014974
0.0052888,0.00015498
0.00023178,0.00061009
6.6093e-05,0.0024046
0.00027711,0.00064914
0.0040235,0.00017251
0.011645,5.4724e-05
0.03476,1.5171e-05
0.0090008,6.8321e-06
0.0090008,7.5264e-06
0.0090008,8.7061e-06
0.0090008,1.057e-05
0.0090008,1.2682e-05
0.0090008,1.4792e-05
0.0090008,1.7746e-05
0.0090008,2.4632e-05
0.0090008,4.9155e-05
0.0090008,0.00021782
0.0090008,8.8783e-05
0.0090008,4.1655e-05
0.0090008,3.0582e-05
0.0090008,2.2313e-05
0.0090008,1.823e-05
0.0088629,6.3099e-05
0.0028314,0.00021192
0.0015677,0.00057999
0.0026048,0.00067649
0.0094147,0.00081152
0.012188,0.0010139
0.0053557,0.0013507
0.0035292,0.0020227
0.0027084,0.0040254
0.0022554,0.40657
0.001955,0.0040861
0.0017599,0.0020743
0.0016285,0.0013996
0.0015391,0.0010615
0.0014798,0.00085865
0.00569,9.4201e-05
0.021951,4.3453e-05
0.022793,0.00028649
0.0063215,0.00029106
0.0017336,0.00045376
0.00052025,0.0016094
0.00010294,0.0055261
3.4341e-05,0.0014878
2.9622e-05,0.0014878
2.6433e-05,0.0014878
2.4177e-05,0.0014878
2.2537e-05,0.0014878
2.133e-05,0.0014878
2.0443e-05,0.0014878
1.9803e-05,0.0014878
1.9362e-05,0.0014878
1.9088e-05,0.0014878
1.9086e-05,0.0014878
1.9093e-05,0.0014878
1.9499e-05,0.0014878
2.0057e-05,0.0014878
2.0515e-05,0.0014878
2.116e-05,0.0014878
2.2209e-05,0.0014878
2.2968e-05,0.0014878
2.3781e-05,0.0014878
2.4654e-05,0.0014878
2.5592e-05,0.0014878
2.7143e-05,0.0014878
2.8285e-05,0.0014878
2.9528e-05,0.0014878
3.0885e-05,0.0014878
3.3172e-05,0.0014878
3.6308e-05,0.0014878
4.0706e-05,0.0014878
4.797e-05,0.0014878
6.104e-05,0.0014878
8.3902e-05,0.0014878
0.00014901,0.0014878
0.00044507,0.0014878
0.00054198,0.0014878
0.00020148,0.0014878
0.00012087,0.0014878
0.00035349,0.0011603
0.0010811,0.00033191
0.0012942,0.00014816
0.0013515,0.00016933
0.0013955,0.00020318
0.0014446,0.00026213
0.0014996,0.00036927
0.0015441,0.00067649
0.0015934,0.007972
0.0016481,0.0012651
0.00022779,0.0024966
5.6262e-05,0.0064247
2.2109e-05,0.0014878
2.1372e-05,0.0014878
2.0866e-05,0.0014878
2.0818e-05,0.0014878
2.0679e-05,0.0014878
2.0693e-05,0.0014878
2.1145e-05,0.0014878
2.1459e-05,0.0014878
2.1858e-05,0.0014878
2.1858e-05,0.0014878
2.1858e-05,0.0014878
2.1858e-05,0.0014878
2.1615e-05,0.0014878
8.3095e-05,0.0014083
0.00031508,0.00036062
0.002967,0.00014573
0.0024819,0.00014573
0.0021167,0.00015075
0.0070293,3.4529e-05
0.02361,9.1208e-06
0.0090008,3.7824e-06
0.0090008,3.8623e-06
0.0090008,4.0154e-06
0.0090008,4.1123e-06
0.0090008,4.1123e-06
0.0090008,4.0497e-06
0.0090008,3.958e-06
0.0090008,3.8732e-06
0.0090008,3.7945e-06
0.0090008,3.7945e-06
0.0090008,3.7945e-06
0.0090008,3.7945e-06
0.0090008,3.7945e-06
0.0090008,3.8732e-06
0.0090008,3.8732e-06
0.0090008,3.8732e-06
0.0090008,3.958e-06
0.0090008,4.0497e-06
0.0090008,4.0497e-06
0.0090008,4.0497e-06
0.0090008,4.0497e-06
0.0090008,3.958e-06
0.0090008,3.8732e-06
0.0090008,3.7214e-06
0.0090008,3.5903e-06
0.0090008,3.5315e-06
0.0090008,3.4768e-06
0.0090008,3.4768e-06
0.0090008,3.5315e-06
0.010191,1.3849e-05
0.0028171,5.4362e-05
0.0012095,0.00017889
0.00022122,0.00068455
5.8569e-05,0.0025904
2.4553e-05,0.0014878
2.5144e-05,0.0014878
2.5783e-05,0.0014878
2.6728e-05,0.0014878
2.7499e-05,0.0014878
2.834e-05,0.0014878
2.9259e-05,0.0014878
3.0267e-05,0.0014878
3.1611e-05,0.0014878
3.3172e-05,0.0014878
