9,100,100,98,100,100,25,25,-1,25,25,25
9,100,100,96,100,100,25,25,-4,25,25,27
9,100,100,92.5,100,100,25,25,-7,25,25,29
9,100,100,87.5,100,100,25,25,-10,25,25,31
9,100,100,81,100,100,25,25,-13,25,25,33
9,100,100,73,100,100,25,25,-16,25,25,35
9,100,100,64.5,100,100,25,25,-17,25,25,35
9,100,100,55.5,100,100,25,25,-18,25,25,35
9,100,100,46,100,100,25,25,-19,25,25,35
9,100,100,36,100,100,25,25,-20,25,25,35
9,100,100,25.75,100,100,25,25,-20.5,25,25,35
9,100,100,15.5,100,100,25,25,-20.5,25,25,35
9,100,100,5.5,100,100,25,25,-20,25,25,35
9,100,100,31.5,100,4.5,25,25,-18,25,20,35
9,100,100,22,100,14,25,25,-19,25,19,35
9,100,100,12.75,100,24,25,25,-18.5,25,20,35
9,100,100,3,100,34,25,25,-19.5,25,20,35
9,100,100,42,100,6.25,25,25,-17.5,25,18.5,35
9,100,100,33.75,100,15.75,25,25,-16.5,25,19,35
9,100,100,26,100,24.75,25,25,-15.5,25,18,35
9,100,100,17.75,100,34,25,25,-16.5,25,18.5,35
9,100,100,9,100,42.75,25,25,-17.5,25,17.5,35
9,100,100,31,100,0.25,25,25,-22.5,25,18.5,35
9,100,100,20.25,100,10,25,25,-21.5,25,19.5,35
9,100,100,10,100,20.25,25,25,-20.5,25,20.5,35
9,100,100,0.25,100,30.75,25,25,-19.5,25,21,35
9,100,100,59.75,100,9,25,25,-5,25,18.5,35
9,100,100,56.75,100,17.75,25,25,-6,25,17.5,35
9,100,100,54.25,100,26,25,25,-5,25,16.5,35
9,100,100,52.25,100,33.75,25,25,-4,25,15.5,35
9,100,100,49.75,100,41,25,25,-5,25,14.5,35
9,100,100,47.75,100,47.75,25,25,-4,25,13.5,35
9,100,100,46.25,100,54,25,25,-3,25,12.5,35
9,100,100,45.25,100,59.75,25,25,-2,25,11.5,35
9,100,100,44.25,100,65,25,25,-2,25,10.5,35
9,100,100,43.25,100,69.75,25,25,-2,25,9.5,35
9,100,100,41.75,100,74,25,25,-3,25,8.5,35
9,100,100,40,100,77.75,25,25,-3.5,25,7.5,35
9,100,100,38.75,100,81,25,25,-2.5,25,6.5,35
9,100,100,37.75,100,83.75,25,25,-2,25,5.5,35
9,100,100,36.75,100,86,25,25,-2,25,4.5,35
9,100,100,35.25,100,87.75,25,25,-3,25,3.5,35
9,100,100,33.25,100,89,25,25,-4,25,2.5,35
9,100,100,30.75,100,90,25,25,-5,25,2,35
9,100,100,28.75,100,91,25,25,-4,25,2,35
9,100,100,26.25,100,92,25,25,-5,25,2,35
9,100,100,24.25,100,93,25,25,-4,25,2,35
9,100,100,22.75,100,94,25,25,-3,25,2,35
9,100,97.75,21.75,100,95,25,-10,-2,25,2,35
9,100,93.25,20.75,100,96,25,-9,-2,25,2,35
9,100,89.25,19.75,100,97,25,-8,-2,25,2,35
9,100,85.75,18.75,100,98,25,-7,-2,25,2,35
9,100,82.75,17.25,100,99,25,-6,-3,25,2,35
9,100,80.25,15.25,100,100,25,-5,-4,25,25,35
9,100,78.25,12.75,100,100,25,-4,-5,25,25,35
9,100,76.75,9.75,100,100,25,-3,-6,25,25,35
9,100,75.75,6.25,100,100,25,-2,-7,25,25,35
9,100,74.75,2.25,100,100,25,-2,-8,25,25,35
9,100,73.75,25.5,100,2.25,25,-2,-17,25,9,35
9,100,72.75,17.5,100,7.25,25,-2,-16,25,10,35
9,100,71.75,10,100,12.75,25,-2,-15,25,11,35
9,100,70.75,3,100,18.75,25,-2,-14,25,12,35
7.65,69.75,69.75,86.25,100,3.5,-2,-2,-2,25,13,35
6.3,68.75,85.25,85.25,100,10.5,-2,-2,-2,25,14,35
5.4,67.75,84.25,35.25,100,42.75,-2,-2,-4.5,25,9,35
5.4,66.75,83.25,33,100,47.25,-2,-2,-4.5,25,9,35
5.4,65.75,82.25,31.25,100,51.25,-2,-2,-3.5,25,8,35
5.4,64.75,81.25,29,100,54.75,-2,-2,-4.5,25,7,35
5.4,63.75,80.25,27.25,100,58,-2,-2,-3.5,25,6.5,35
5.4,62.75,79,26,100,61.5,-2,-2.5,-2.5,25,7,35
5.4,61.75,77.5,25,100,64.5,-2,-3,-2,25,6,35
5.4,60.75,76.25,23.5,100,67,-2,-2.5,-3,25,5,35
5.4,59.75,74.5,22.25,100,69,-2,-3.5,-2.5,25,4,35
5.4,58.75,72.75,21.25,100,70.5,-2,-3.5,-2,25,3,35
5.4,57.75,71.5,20.25,100,72.5,-2,-2.5,-2,25,4,35
5.4,56.75,69.75,19.25,100,74.75,-2,-3.5,-2,25,4.5,35
5.4,55.75,67.5,18.25,100,76.5,-2,-4.5,-2,25,3.5,35
5.4,54.75,64.75,16.75,100,77.75,-2,-5.5,-3,25,2.5,35
5.4,53.75,61.5,15.5,100,78.75,-2,-6.5,-2.5,25,2,35
5.4,52.25,57.75,14,100,79.75,-3,-7.5,-3,25,2,35
5.4,51.25,53.5,12,100,81,-2,-8.5,-4,25,2.5,35
6.75,50.25,48.75,48.75,100,100,-2,-9.5,-9.5,25,25,35
8.1,49,49,40.75,100,100,-2.5,-2.5,-19.5,25,25,35
9,100,47.75,30.5,100,100,25,-2.5,-20.5,25,25,35
9,100,46.5,19.75,100,100,25,-2.5,-21.5,25,25,35
9,100,45.5,8.5,100,100,25,-2,-22.5,25,25,35
9,100,44,25.5,100,3.25,25,-3,-7.5,25,23.5,35
9,100,42,22.25,100,14.75,25,-4,-6.5,25,23,35
9,100,40.5,19.5,100,25.75,25,-3,-5.5,25,22,35
9,100,39.5,16.25,100,36.25,25,-2,-6.5,25,21,35
9,100,39,14.5,100,45.25,25,-1,-3.5,25,18,33
9,100,38,13.25,100,53.75,25,-2,-2.5,25,17,33
9,100,37.5,13.5,100,60.75,25,-1,0.5,25,14,31
9,100,37.5,15.25,100,66.25,25,0,3.5,25,11,29
9,100,37,17.25,100,71.25,25,-1,4,25,10,29
9,100,36,19.25,100,75.75,25,-2,4,25,9,29
9,100,33.5,20.25,100,80.75,25,-5,2,25,10,31
9,100,30.5,20.75,100,85.25,25,-6,1,25,9,31
9,100,28,22,100,88.25,25,-5,2.5,25,6,29
9,100,24,22.75,100,91.75,25,-8,1.5,25,7,31
9,100,19.5,23.75,100,94.75,25,-9,2,25,6,31
7.65,14.5,14.5,24.75,100,97.25,-10,-10,2,25,5,31
6.3,9,25.75,25.75,100,99.25,-11,2,2,25,4,31
5.4,3,26.75,27.25,100,48.75,-12,2,-1,25,6,31
4.05,27.75,27.75,27.25,100,51.25,2,2,0,25,5,31
2.7,28.75,27.75,27.75,100,54,2,1,1,25,5.5,31
1.8,29.75,28.75,100,100,100,2,2,25,25,25,31
1.8,30.5,29.75,100,100,100,1.5,2,25,25,25,31
1.8,31.25,30.75,100,100,100,1.5,2,25,25,25,31
1.8,31.5,31.5,100,100,100,0.5,1.5,25,25,25,31
1.8,32.25,32.25,100,100,100,1.5,1.5,25,25,25,31
1.8,33.25,33.25,100,100,100,2,2,25,25,25,31
1.8,34.25,34.25,100,100,100,2,2,25,25,25,31
1.8,35,34.75,100,100,100,1.5,1,25,25,25,31
1.8,35.25,35,100,100,100,0.5,0.5,25,25,25,31
1.8,36,35.75,100,100,100,1.5,1.5,25,25,25,31
1.8,37,36.25,100,100,100,2,1,25,25,25,31
1.8,38,37.25,100,100,100,2,2,25,25,25,31
1.8,38.5,38.25,100,100,100,1,2,25,25,25,31
1.8,39.5,39.25,100,100,100,2,2,25,25,25,31
1.8,39.5,39.25,100,100,100,0,0,25,25,25,33
1.8,39.5,38.75,100,100,100,0,-1,25,25,25,33
1.8,39.5,38,100,100,100,0,-1.5,25,25,25,33
1.8,39.5,37.75,100,100,100,0,-0.5,25,25,25,33
1.8,39.5,37.25,100,100,100,0,-1,25,25,25,33
1.8,39.5,36.5,100,100,100,0,-1.5,25,25,25,33
1.8,39,36.25,100,100,100,-1,-0.5,25,25,25,33
1.8,39,35.5,100,100,100,0,-1.5,25,25,25,33
1.8,39,35.25,100,100,100,0,-0.5,25,25,25,33
1.8,38,33.75,100,100,100,-2,-3,25,25,25,35
3.15,37,32.75,32.75,100,80.25,-2,-2,-2,25,2,35
4.5,36,36,31.75,100,81.25,-2,-2,-2,25,2,35
5.4,17.25,35,30.75,98.5,82.25,-4.5,-2,-2,2,2,35
5.4,14.5,34,29.25,99.5,83.25,-5.5,-2,-3,2,2,35
5.4,11.25,33,28.25,100,84.25,-6.5,-2,-2,25,2,35
5.4,7.5,32,27.25,100,85.25,-7.5,-2,-2,25,2,35
5.4,3.25,31,26,100,86.25,-8.5,-2,-2.5,25,2,35
5.4,11.5,30,25,1.5,87.25,-22,-2,-2,9.5,2,35
6.75,1,29,29,6.75,100,-21,-2,-2,10.5,25,35
8.1,55.25,55.25,28,10,100,-6.5,-6.5,-2,22,25,35
9,100,51.75,27,100,100,25,-7,-2,25,25,35
9,100,49.75,27,100,100,25,-4,0,25,25,33
9,100,46.25,26,100,100,25,-7,-2,25,25,35
9,100,42.25,25,100,100,25,-8,-2,25,25,35
9,100,38.75,25,100,100,25,-7,0,25,25,33
9,100,34.75,25,100,100,25,-8,0,25,25,33
9,100,29.25,24,100,100,25,-11,-2,25,25,35
9,100,23.25,23,100,100,25,-12,-2,25,25,35
7.65,16.75,16.75,22,68.25,100,-13,-13,-2,11,25,35
6.3,10.5,21,21,73.25,100,-12.5,-2,-2,10,25,35
6.3,4.25,20,20,77.75,100,-12.5,-2,-2,9,25,35
6.3,52.75,19,19,1.5,100,-6.5,-2,-2,11.5,25,35
7.65,49.5,49.5,18,7.75,100,-6.5,-6.5,-2,12.5,25,35
9,100,46.25,17,100,100,25,-6.5,-2,25,25,35
9,100,43,16,100,100,25,-6.5,-2,25,25,35
9,100,39.75,15,100,100,25,-6.5,-2,25,25,35
9,100,37.5,15,100,100,25,-4.5,0,25,25,33
9,100,35.25,14.5,100,100,25,-4.5,-1,25,25,33
9,100,32.5,14.5,100,100,25,-5.5,0,25,25,33
9,100,30.75,15.5,100,100,25,-3.5,2,25,25,31
9,100,29.25,16,100,100,25,-3,1,25,25,31
9,100,28.25,18,100,100,25,-2,4,25,25,29
9,100,27.75,21,100,100,25,-1,6,25,25,27
9,100,27.75,24,100,100,25,0,6,25,25,27
7.65,28,28,27,71.75,100,0.5,0.5,6,2.5,25,27
6.3,28.25,30,30,72.5,100,0.5,6,6,1.5,25,27
5.4,28.25,33,26.5,72.75,100,0,6,6,0.5,25,27
5.4,27.75,35,28.5,73.5,100,-1,4,4,1.5,25,29
5.4,26.25,36,29,74.75,100,-3,2,1,2.5,25,31
5.4,23.25,35.5,29,76.5,100,-6,-1,0,3.5,25,33
5.4,19.75,33.5,28,78.75,100,-7,-4,-2,4.5,25,35
5.4,15.75,31,27,80.5,100,-8,-5,-2,3.5,25,35
5.4,12.25,28,26,81.75,100,-7,-6,-2,2.5,25,35
5.4,9,24.5,25,83.5,100,-6.5,-7,-2,3.5,25,35
5.4,6.5,21.5,24.5,84.75,100,-5,-6,-1,2.5,25,33
5.4,3.75,18,24.5,86,100,-5.5,-7,0,2.5,25,33
4.05,14,14,24,100,100,-8,-8,-1,25,25,33
2.7,9.5,23,23,100,100,-9,-2,-2,25,25,33
2.7,4.5,22.5,22.5,100,100,-10,-1,-1,25,25,33
2.7,0,22.5,22.5,100,100,-9,0,0,25,25,31
2.7,22.5,23,23,5,100,-7,1,1,10,25,31
4.05,19.5,19.5,24,10.5,100,-6,-6,2,11,25,31
4.05,18,18,25.5,15.5,100,-3,-3,3,10,25,29
5.4,63.5,17,27.5,14,100,1,-2,4,3.5,25,29
6.75,64,16.5,16.5,15.25,27,1,-1,-1,2.5,12,29
8.1,64.75,64.75,16.5,17,33,1.5,1.5,0,3.5,12,29
9,100,65.5,17,100,38.75,25,1.5,1,25,11.5,29
9,100,64.75,17,100,45,25,-1.5,0,25,12.5,31
9,100,63.5,16.5,100,51.75,25,-2.5,-1,25,13.5,33
9,100,60.75,15.5,100,59,25,-5.5,-2,25,14.5,35
9,100,57.5,14.5,100,65.75,25,-6.5,-2,25,13.5,35
9,100,53.75,13.5,100,72,25,-7.5,-2,25,12.5,35
9,100,50,12.5,100,77.75,25,-7.5,-2,25,11.5,35
9,100,46.25,11.5,100,83,25,-7.5,-2,25,10.5,35
9,100,42.75,10.5,100,87.75,25,-7,-2,25,9.5,35
9,100,39,9.5,100,92,25,-7.5,-2,25,8.5,35
9,100,35.75,8.5,100,95.75,25,-6.5,-2,25,7.5,35
9,100,32,7.5,100,99,25,-7.5,-2,25,6.5,35
9,100,29.5,7.5,100,100,25,-5,0,25,25,33
9,100,28,8.5,100,100,25,-3,2,25,25,31
9,100,27.75,10.5,100,100,25,-0.5,4,25,25,29
9,100,29,13.5,100,100,25,2.5,6,25,25,27
9,100,29.75,16.5,100,100,25,1.5,6,25,25,27
7.65,30,30,19.5,82.25,100,0.5,0.5,6,-5,25,27
7.65,28.75,28.75,21.5,80.25,100,-2.5,-2.5,4,-4,25,29
6.3,27.25,23.5,23.5,78.25,100,-3,4,4,-4,25,29
5.4,26.25,25.5,40.5,76.25,65,-2,4,4,-4,-4,29
5.4,24.75,26.5,41.5,75.25,64,-3,2,2,-2,-2,31
5.4,22.75,26.5,41,75.25,64,-4,0,-1,0,0,33
4.05,26.5,26.5,41,100,64,0,0,0,25,0,33
2.7,26.5,40.75,40.75,100,64,0,-0.5,-0.5,25,0,33
1.8,26.5,40.75,100,100,100,0,0,25,25,25,33
1.8,25.5,39.25,100,100,100,-2,-3,25,25,25,35
1.8,24.5,38.25,100,100,100,-2,-2,25,25,25,35
1.8,23.5,36.75,100,100,100,-2,-3,25,25,25,35
1.8,22.25,35.5,100,100,100,-2.5,-2.5,25,25,25,35
1.8,22.25,35.5,100,100,100,0,0,25,25,25,33
1.8,22.25,35.5,100,100,100,0,0,25,25,25,33
1.8,22,35,100,100,100,-0.5,-1,25,25,25,33
1.8,22,34.25,100,100,100,0,-1.5,25,25,25,33
1.8,22,34,100,100,100,0,-0.5,25,25,25,33
1.8,22.5,34.25,100,100,100,1,0.5,25,25,25,31
1.8,23,34.5,100,100,100,1,0.5,25,25,25,31
1.8,24.5,35.25,100,100,100,3,1.5,25,25,25,29
1.8,25.5,35.5,100,100,100,2,0.5,25,25,25,29
1.8,26.75,35.5,100,100,100,2.5,0,25,25,25,29
1.8,27.5,35,100,100,100,1.5,-1,25,25,25,29
1.8,29.5,35.25,100,100,100,4,0.5,25,25,25,27
1.8,30,34.25,100,100,100,1,-2,25,25,25,29
1.8,30.5,33.75,100,100,100,1,-1,25,25,25,29
1.8,30.75,33,100,100,100,0.5,-1.5,25,25,25,29
1.8,31,32.75,100,100,100,0.5,-0.5,25,25,25,29
1.8,31.5,32.5,100,100,100,1,-0.5,25,25,25,29
1.8,32,32.75,100,100,100,1,0.5,25,25,25,29
1.8,32.25,32.5,100,100,100,0.5,-0.5,25,25,25,29
1.8,32,32.75,100,100,100,-0.5,0.5,25,25,25,29
1.8,33,34,100,100,100,2,2.5,25,25,25,27
1.8,32.75,34.75,100,100,100,-0.5,1.5,25,25,25,29
1.8,32,34,100,100,100,-1.5,-1.5,25,25,25,31
1.8,31.75,33.75,100,100,100,-0.5,-0.5,25,25,25,31
1.8,32.25,34,100,100,100,1,0.5,25,25,25,29
1.8,33.25,34.75,100,100,100,2,1.5,25,25,25,29
1.8,33.25,35,100,100,100,0,0.5,25,25,25,31
1.8,32.75,35,100,100,100,-1,0,25,25,25,31
1.8,32.75,35.5,100,100,100,0,1,25,25,25,31
1.8,33.25,36.25,100,100,100,1,1.5,25,25,25,31
1.8,33,36.25,100,100,100,-0.5,0,25,25,25,33
1.8,33,36.25,100,100,100,0,0,25,25,25,33
1.8,33,35.75,100,100,100,0,-1,25,25,25,33
1.8,32.5,35.75,100,100,100,-1,0,25,25,25,33
1.8,31.75,35.75,100,100,100,-1.5,0,25,25,25,33
1.8,30.5,35.25,100,100,100,-2.5,-1,25,25,25,33
1.8,29.75,35.25,100,100,100,-1.5,0,25,25,25,33
1.8,29.5,35.25,100,100,100,-0.5,0,25,25,25,33
1.8,28.75,35,100,100,100,-1.5,-0.5,25,25,25,33
1.8,27.75,34.25,100,100,100,-2,-1.5,25,25,25,33
1.8,26.5,34,100,100,100,-2.5,-0.5,25,25,25,33
1.8,25.75,34,100,100,100,-1.5,0,25,25,25,33
1.8,24.5,33.5,100,100,100,-2.5,-1,25,25,25,33
1.8,23.75,33.5,100,100,100,-1.5,0,25,25,25,33
1.8,23.75,34,100,100,100,0,1,25,25,25,31
1.8,23.25,35,100,100,100,-1,2,25,25,25,31
1.8,23.25,35.75,100,100,100,0,1.5,25,25,25,31
1.8,23.25,36.75,100,100,100,0,2,25,25,25,31
1.8,23.5,37.75,100,100,100,0.5,2,25,25,25,31
1.8,23.5,38.25,100,100,100,0,1,25,25,25,31
1.8,23.25,39.25,100,100,100,-0.5,2,25,25,25,31
1.8,21.5,39.25,100,100,100,-3.5,0,25,25,25,33
1.8,18.75,37.75,100,100,100,-5.5,-3,25,25,25,35
1.8,15.75,36.75,100,100,100,-6,-2,25,25,25,35
1.8,13,35.75,100,100,100,-5.5,-2,25,25,25,35
1.8,10.25,34.5,100,100,100,-5.5,-2.5,25,25,25,35
1.8,8,34.5,100,100,100,-4.5,0,25,25,25,33
1.8,5.25,34.5,100,100,100,-5.5,0,25,25,25,33
1.8,3,35.25,100,100,100,-4.5,1.5,25,25,25,31
1.8,0.25,36.25,100,100,100,-5.5,2,25,25,25,31
1.8,46.5,37.25,100,3,100,-6,2,25,6.5,25,31
1.8,43,36.75,100,7.75,100,-7,-1,25,9.5,25,33
1.8,40,36.75,100,12.25,100,-6,0,25,9,25,33
1.8,37.5,36.75,100,16.75,100,-5,0,25,9,25,33
1.8,35.5,36.25,100,21.75,100,-4,-1,25,10,25,33
1.8,34,36.25,100,26.25,100,-3,0,25,9,25,33
1.8,33,36.25,100,31.25,100,-2,0,25,10,25,33
1.8,32.5,36.25,100,36.25,100,-1,0,25,10,25,33
1.8,32.5,36.25,100,41,100,0,0,25,9.5,25,33
1.8,32.25,36.25,100,45.25,100,-0.5,0,25,8.5,25,33
1.8,31.5,36.25,100,49,100,-1.5,0,25,7.5,25,33
1.8,31.25,35.75,100,52.25,100,-0.5,-1,25,6.5,25,33
1.8,31.25,35.75,100,55,100,0,0,25,5.5,25,33
1.8,30.75,35.75,100,57.25,100,-1,0,25,4.5,25,33
1.8,30.75,35.75,100,59,100,0,0,25,3.5,25,33
1.8,30.5,35.75,100,60.25,100,-0.5,0,25,2.5,25,33
1.8,29.5,34.75,100,63,100,-2,-2,25,5.5,25,35
1.8,29,34.25,100,64.25,100,-1,-1,25,2.5,25,33
1.8,29,34.25,100,65,100,0,0,25,1.5,25,33
1.8,30,35.25,100,64.25,100,2,2,25,-1.5,25,31
1.8,30.5,35.75,100,64,100,1,1,25,-0.5,25,31
1.8,30.75,36.75,100,63.5,100,0.5,2,25,-1,25,31
1.8,30.5,37.5,100,62.75,100,-0.5,1.5,25,-1.5,25,31
1.8,29.25,37.5,100,62.75,100,-2.5,0,25,0,25,33
1.8,27.5,37.5,100,63.25,100,-3.5,0,25,1,25,33
1.8,24.5,36.5,100,64.75,100,-6,-2,25,3,25,35
1.8,22,35.25,100,66,100,-5,-2.5,25,2.5,25,35
1.8,19.5,34.25,100,67.5,100,-5,-2,25,3,25,35
1.8,16.75,32.75,100,68.75,100,-5.5,-3,25,2.5,25,35
1.8,13.75,31.5,100,70,100,-6,-2.5,25,2.5,25,35
1.8,10.25,30.5,100,71,100,-7,-2,25,2,25,35
1.8,6.25,29.5,100,72,100,-8,-2,25,2,25,35
1.8,1.75,28,100,73,100,-9,-3,25,2,25,35
1.8,32.75,26,100,3.25,100,-20,-4,25,10,25,35
1.8,23.25,23.5,100,8.75,100,-19,-5,25,11,25,35
1.8,14.25,20.5,100,14.75,100,-18,-6,25,12,25,35
1.8,5.75,17,100,21.25,100,-17,-7,25,13,25,35
1.8,74,13,100,2.25,100,-2,-8,25,16,25,35
1.8,73,8.5,100,9.75,100,-2,-9,25,15,25,35
1.8,72,3.5,100,16.75,100,-2,-10,25,14,25,35
1.8,71,52.5,100,23.25,100,-2,-7,25,13,25,35
1.8,70,49.5,100,29.25,100,-2,-6,25,12,25,35
1.8,69,47,100,34.75,100,-2,-5,25,11,25,35
1.8,68,45,100,39.75,100,-2,-4,25,10,25,35
3.15,67,43,43,44.25,29,-2,-4,-4,9,15,35
4.5,66,66,40.75,48.5,36,-2,-2,-4.5,8.5,14,35
5.4,95.75,65,39,13.25,42.5,-2,-2,-3.5,2,13,35
6.75,94.75,64,64,14.25,56.5,-2,-2,-2,2,8.5,35
8.1,93.75,93.75,63,15.75,60.25,-2,-2,-2,3,7.5,35
9,100,92.75,62,100,63.5,25,-2,-2,25,6.5,35
9,100,91.75,61,100,66.25,25,-2,-2,25,5.5,35
9,100,90.75,60,100,68.5,25,-2,-2,25,4.5,35
9,100,89.75,59,100,70.25,25,-2,-2,25,3.5,35
9,100,88.75,58,100,71.5,25,-2,-2,25,2.5,35
9,100,87.75,57,100,72.5,25,-2,-2,25,2,35
9,100,86.5,56,100,73.5,25,-2.5,-2,25,2,35
9,100,84.75,55,100,74.5,25,-3.5,-2,25,2,35
9,100,83,54,100,75.5,25,-3.5,-2,25,2,35
9,100,81.5,53,100,76.5,25,-3,-2,25,2,35
9,100,80.25,52,100,77.5,25,-2.5,-2,25,2,35
9,100,78.5,51,100,78.5,25,-3.5,-2,25,2,35
9,100,76.25,50,100,79.5,25,-4.5,-2,25,2,35
9,100,73.5,49,100,80.5,25,-5.5,-2,25,2,35
9,100,70.25,48,100,81.5,25,-6.5,-2,25,2,35
9,100,66.5,47,100,82.5,25,-7.5,-2,25,2,35
9,100,62.25,46,100,83.5,25,-8.5,-2,25,2,35
9,100,57.5,45,100,84.5,25,-9.5,-2,25,2,35
9,100,52.25,44,100,85.5,25,-10.5,-2,25,2,35
7.65,46.5,46.5,43,81,86.5,-11.5,-11.5,-2,3,2,35
6.3,38.5,42,42,82,87.5,-21,-2,-2,2,2,35
5.4,27.5,41,17,83,28,-22,-2,-11,2,12,35
5.4,16,40,12,84,34.5,-23,-2,-10,2,13,35
5.4,4,39,7,85,41.25,-24,-2,-10,2,13.5,35
5.4,17.5,38,1.75,8.5,48.25,-11.5,-2,-10.5,25,14,35
5.4,11.25,37,53.75,20.75,3.75,-12.5,-2,-5.5,24.5,11,35
5.4,5.5,36,51.5,32.5,9.5,-11.5,-2,-4.5,23.5,11.5,35
5.4,0.25,35,49,43.75,15.25,-10.5,-2,-5,22.5,11.5,35
6.75,79,34,34,4.5,95.5,-2,-2,-2,9.5,2,35
8.1,78,78,33,9.75,96.5,-2,-2,-2,10.5,2,35
9,100,77,32,100,97.5,25,-2,-2,25,2,35
9,100,76,31,100,98.5,25,-2,-2,25,2,35
9,100,75,30,100,99.5,25,-2,-2,25,2,35
9,100,74,29,100,100,25,-2,-2,25,25,35
9,100,73,28,100,100,25,-2,-2,25,25,35
9,100,72,27,100,100,25,-2,-2,25,25,35
9,100,71,26,100,100,25,-2,-2,25,25,35
9,100,70,25,100,100,25,-2,-2,25,25,35
9,100,68.5,24,100,100,25,-3,-2,25,25,35
9,100,67.5,23,100,100,25,-2,-2,25,25,35
9,100,66.5,22,100,100,25,-2,-2,25,25,35
9,100,65.5,21,100,100,25,-2,-2,25,25,35
9,100,64.5,20,100,100,25,-2,-2,25,25,35
9,100,63.5,19,100,100,25,-2,-2,25,25,35
9,100,62.5,18,100,100,25,-2,-2,25,25,35
9,100,61.5,17,100,100,25,-2,-2,25,25,35
9,100,60,16,100,100,25,-3,-2,25,25,35
9,100,58.75,15,100,100,25,-2.5,-2,25,25,35
9,100,57.25,14,100,100,25,-3,-2,25,25,35
9,100,55.75,13,100,100,25,-3,-2,25,25,35
9,100,53.75,12,100,100,25,-4,-2,25,25,35
9,100,51.5,10.5,100,100,25,-4.5,-3,25,25,35
9,100,49.75,8.5,100,100,25,-3.5,-4,25,25,35
9,100,47.5,6,100,100,25,-4.5,-5,25,25,35
9,100,45.75,3,100,100,25,-3.5,-6,25,25,35
9,100,44.5,25.25,100,0.5,25,-2.5,-20.5,25,7,35
9,100,43.5,15.5,100,4.5,25,-2,-19.5,25,8,35
9,100,42.5,6.25,100,9,25,-2,-18.5,25,9,35
9,100,41.5,37.5,100,2.75,25,-2,-20,25,18,35
9,100,40.25,27.25,100,11.25,25,-2.5,-20.5,25,17,35
9,100,39.25,17.5,100,19.75,25,-2,-19.5,25,17,35
9,100,38.25,8.25,100,27.75,25,-2,-18.5,25,16,35
7.65,37.25,37.25,68.25,100,0.5,-2,-2,-4,25,17.5,35
6.3,36.25,66.75,66.75,100,9.75,-2,-3,-3,25,18.5,35
5.4,35.25,65.75,87.75,100,1.5,-2,-2,-3,25,2.5,35
5.4,34,64.75,85.75,100,2.5,-2.5,-2,-4,25,2,35
5.4,33,63.75,83.75,100,3.5,-2,-2,-4,25,2,35
5.4,32,62.75,81.25,100,4.5,-2,-2,-5,25,2,35
5.4,30.5,61.75,79,100,5.5,-3,-2,-4.5,25,2,35
5.4,29.5,60.75,76.25,100,6.5,-2,-2,-5.5,25,2,35
5.4,28.5,59.75,73.25,100,7.5,-2,-2,-6,25,2,35
5.4,27,58.75,69.75,100,8.5,-3,-2,-7,25,2,35
5.4,26,57.75,66.25,100,9.75,-2,-2,-7,25,2.5,35
5.4,24.5,56.75,63,100,10.75,-3,-2,-6.5,25,2,35
5.4,22.75,55.75,59.25,100,11.75,-3.5,-2,-7.5,25,2,35
5.4,21,54.75,56,100,12.75,-3.5,-2,-6.5,25,2,35
5.4,19,53.75,52.5,100,13.75,-4,-2,-7,25,2,35
5.4,17.25,52.75,49.5,100,14.75,-3.5,-2,-6,25,2,35
5.4,15.25,51.75,47,100,16.25,-4,-2,-5,25,3,35
5.4,13.5,50.75,45,100,18.25,-3.5,-2,-4,25,4,35
5.4,11.5,49.75,42.5,100,20.5,-4,-2,-5,25,4.5,35
5.4,9,48.75,40.5,100,22.5,-5,-2,-4,25,4,35
5.4,6.5,47.75,39,100,25,-5,-2,-3,25,5,35
5.4,4,46.75,37.75,100,28,-5,-2,-2.5,25,6,35
5.4,1.75,45.75,36,100,30.75,-4.5,-2,-3.5,25,5.5,35
5.4,0,44.75,34.75,100,33.75,-3.5,-2,-2.5,25,6,35
5.4,69.75,43.75,33,2,36.5,-25,-2,-3.5,4,5.5,35
5.4,57.25,42.75,31,3.5,39.75,-25,-2,-4,3,6.5,35
5.4,44.75,41.75,28.5,5.5,42.75,-25,-2,-5,4,6,35
5.4,32.25,40.75,26.5,8,46,-25,-2,-4,5,6.5,35
5.4,19.75,39.75,25,11,49.25,-25,-2,-3,6,6.5,35
5.4,7,38.75,24,14.5,53,-25.5,-2,-2,7,7.5,35
5.4,22,37.75,22.75,5.75,56.75,-18.5,-2,-2.5,25.5,7.5,35
5.4,12.25,36.75,21.75,18.5,60,-19.5,-2,-2,25.5,6.5,35
5.4,3,36.75,21.25,27,62.5,-18.5,0,-1,8,5,33
5.4,31,36.75,20.25,6,65.25,-8.5,0,-2,18,5.5,33
5.4,27.25,36.75,19,15.25,67.5,-7.5,0,-2.5,18.5,4.5,33
5.4,24,36.75,17.5,24.25,69.25,-6.5,0,-3,18,3.5,33
5.4,21.25,36.75,15.75,32.75,71.5,-5.5,0,-3.5,17,4.5,33
5.4,19,36.75,14.25,40.75,73.25,-4.5,0,-3,16,3.5,33
5.4,17.25,36.75,13,48.25,74.5,-3.5,0,-2.5,15,2.5,33
5.4,15,35.75,11,56.25,76.25,-4.5,-2,-4,16,3.5,35
5.4,13.25,34.75,8.5,63.75,78,-3.5,-2,-5,15,3.5,35
5.4,12,33.75,5.5,70.75,79.25,-2.5,-2,-6,14,2.5,35
5.4,11,32.75,2,77.25,81,-2,-2,-7,13,3.5,35
5.4,10,31.75,52.5,83.25,2,-2,-2,-9,12,8,35
4.05,30.75,30.75,48.5,100,5.75,-2,-2,-8,25,7.5,35
2.7,29.75,45,45,100,10,-2,-7,-7,25,8.5,35
1.8,28.75,42,100,100,100,-2,-6,25,25,25,35
1.8,27.75,39.5,100,100,100,-2,-5,25,25,25,35
1.8,26.75,37.5,100,100,100,-2,-4,25,25,25,35
1.8,25.75,36,100,100,100,-2,-3,25,25,25,35
1.8,25.75,35,100,100,100,0,-2,25,25,25,33
1.8,25.75,33.5,100,100,100,0,-3,25,25,25,33
1.8,26.75,32.75,100,100,100,2,-1.5,25,25,25,31
1.8,28.75,33,100,100,100,4,0.5,25,25,25,29
1.8,29.75,32.5,100,100,100,2,-1,25,25,25,31
1.8,30.75,32.5,100,100,100,2,0,25,25,25,31
1.8,31.75,32.25,100,100,100,2,-0.5,25,25,25,31
3.15,32.75,32.5,32.5,100,65.25,2,0.5,0.5,25,5.5,31
4.5,33.75,33.75,33.25,100,67.5,2,2,1.5,25,4.5,31
5.4,12.5,34.75,33.5,100,69.25,2,2,0.5,25,3.5,31
5.4,13.5,35.75,33.25,100,70.5,2,2,-0.5,25,2.5,31
5.4,14.5,36.75,32.5,100,71.25,2,2,-1.5,25,1.5,31
5.4,15.25,37.75,31.25,100,71.5,1.5,2,-2.5,25,0.5,31
5.4,16.25,38.75,29.5,100,71.25,2,2,-3.5,25,-0.5,31
5.4,17.25,39.75,27.25,100,70.5,2,2,-4.5,25,-1.5,31
5.4,17.25,39.75,23.5,100,70.5,0,0,-7.5,25,0,33
5.4,16.25,38.75,14.25,100,71.75,-2,-2,-22.5,25,2.5,35
5.4,15.25,37.75,2.5,100,73.5,-2,-2,-23.5,25,3.5,35
5.4,14.25,36.75,6.25,100,9.75,-2,-2,-12.5,25,24.5,35
5.4,13.25,35.75,26.5,100,0.5,-2,-2,-15,25,13.5,35
5.4,12.25,34.75,19.5,100,7.75,-2,-2,-14,25,14.5,35
5.4,11.25,33.75,12.5,100,15.5,-2,-2,-14,25,15.5,35
5.4,10.25,32.75,6,100,23.75,-2,-2,-13,25,16.5,35
5.4,9.25,31.75,0,100,32.5,-2,-2,-12,25,17.5,35
4.05,30.75,30.75,71,100,5.5,-2,-2,-3,25,11,35
2.7,29.75,70,70,100,11.5,-2,-2,-2,25,12,35
1.8,28.75,69,100,100,100,-2,-2,25,25,25,35
1.8,27.75,68,100,100,100,-2,-2,25,25,25,35
1.8,26.75,67,100,100,100,-2,-2,25,25,25,35
1.8,25.75,66,100,100,100,-2,-2,25,25,25,35
1.8,24.75,65,100,100,100,-2,-2,25,25,25,35
1.8,23.75,64,100,100,100,-2,-2,25,25,25,35
1.8,22.75,63,100,100,100,-2,-2,25,25,25,35
1.8,21.75,62,100,100,100,-2,-2,25,25,25,35
1.8,20.75,61,100,100,100,-2,-2,25,25,25,35
1.8,19.75,60,100,100,100,-2,-2,25,25,25,35
1.8,18.75,59,100,100,100,-2,-2,25,25,25,35
1.8,17.75,58,100,100,100,-2,-2,25,25,25,35
1.8,16.75,57,100,100,100,-2,-2,25,25,25,35
1.8,15.75,56,100,100,100,-2,-2,25,25,25,35
1.8,14.75,55,100,100,100,-2,-2,25,25,25,35
1.8,13.75,53.75,100,100,100,-2,-2.5,25,25,25,35
1.8,12.75,52.75,100,100,100,-2,-2,25,25,25,35
1.8,11.5,51.5,100,100,100,-2.5,-2.5,25,25,25,35
1.8,9.75,50,100,100,100,-3.5,-3,25,25,25,35
1.8,8.5,49,100,100,100,-2.5,-2,25,25,25,35
1.8,7,48,100,100,100,-3,-2,25,25,25,35
1.8,5,47,100,100,100,-4,-2,25,25,25,35
1.8,2.5,45.75,100,100,100,-5,-2.5,25,25,25,35
1.8,30,44.75,100,0.5,100,-23,-2,25,6,25,35
1.8,19,43.25,100,4,100,-22,-3,25,7,25,35
1.8,8.5,41.25,100,8,100,-21,-4,25,8,25,35
3.15,53,38.75,38.75,1.5,100,-10,-5,-5,20,25,35
4.5,48,48,35.75,12,100,-10,-10,-6,21,25,35
5.4,50,42.75,32.25,32.5,100,-2,-10.5,-7,2.5,25,35
6.75,48.75,37.75,37.75,33.5,29,-2.5,-10,-10,2,12,35
8.1,47.75,47.75,33,35,35.25,-2,-2,-9.5,3,12.5,35
9,100,46.75,28.75,100,41,25,-2,-8.5,25,11.5,35
9,100,45.75,24.5,100,47,25,-2,-8.5,25,12,35
9,100,44.5,20.5,100,52.5,25,-2.5,-8,25,11,35
9,100,43.25,17,100,57.5,25,-2.5,-7,25,10,35
9,100,41.75,14,100,63,25,-3,-6,25,11,35
9,100,40.75,11.5,100,68,25,-2,-5,25,10,35
9,100,39.25,9.5,100,72.5,25,-3,-4,25,9,35
9,100,38.25,8,100,76.5,25,-2,-3,25,8,35
9,100,37,6.25,100,80,25,-2.5,-3.5,25,7,35
9,100,36,4.75,100,83,25,-2,-3,25,6,35
9,100,35,3,100,85.5,25,-2,-3.5,25,5,35
9,100,33.75,1.75,100,88.25,25,-2.5,-2.5,25,5.5,35
9,100,32.75,0.75,100,90.5,25,-2,-2,25,4.5,35
9,100,31.75,91.75,100,0.25,25,-2,-2,25,2,35
9,100,30.75,90.25,100,1.25,25,-2,-3,25,2,35
9,100,29.75,88.75,100,2.75,25,-2,-3,25,3,35
9,100,28.25,87.75,100,4.25,25,-3,-2,25,3,35
9,100,27.25,86.25,100,5.25,25,-2,-3,25,2,35
9,100,26,85,100,6.5,25,-2.5,-2.5,25,2.5,35
9,100,25,83.25,100,7.5,25,-2,-3.5,25,2,35
9,100,24,81,100,8.75,25,-2,-4.5,25,2.5,35
9,100,23,78.25,100,10.25,25,-2,-5.5,25,3,35
9,100,22,75,100,11.75,25,-2,-6.5,25,3,35
9,100,21,71.25,100,13.5,25,-2,-7.5,25,3.5,35
9,100,20,67,100,15,25,-2,-8.5,25,3,35
9,100,19,62.25,100,16,25,-2,-9.5,25,2,35
7.65,18,18,57,90.5,17.5,-2,-2,-10.5,2,3,35
6.3,17,51.25,51.25,91.5,19.5,-2,-11.5,-11.5,2,4,35
5.4,16,45,63.5,92.5,27,-2,-12.5,-4,2,2,35
4.05,38.25,38.25,61.25,25,28,-13.5,-13.5,-4.5,6,2,35
2.7,31,58.75,58.75,28.5,29.5,-14.5,-5,-5,7,3,35
1.8,23.25,56.75,100,32.25,100,-15.5,-4,25,7.5,25,35
1.8,15,54.5,100,36.5,100,-16.5,-4.5,25,8.5,25,35
1.8,6.25,52.75,100,41.25,100,-17.5,-3.5,25,9.5,25,35
1.8,16,51.25,100,3,100,-10,-3,25,18.5,25,35
1.8,11.5,49.5,100,12.75,100,-9,-3.5,25,19.5,25,35
1.8,7.5,47.75,100,23,100,-8,-3.5,25,20.5,25,35
1.8,4,46.5,100,33,100,-7,-2.5,25,20,25,35
1.8,1,44.75,100,43.5,100,-6,-3.5,25,21,25,35
1.8,100,43,100,1.5,100,25,-3.5,25,5,25,35
1.8,100,41.25,100,3.5,100,25,-3.5,25,4,25,35
1.8,100,39,100,5,100,25,-4.5,25,3,25,35
1.8,100,37,100,6,100,25,-4,25,2,25,35
1.8,100,34.5,100,7,100,25,-5,25,2,25,35
1.8,100,31.5,100,8,100,25,-6,25,2,25,35
3.15,100,28,28,9,76.5,25,-7,-7,2,3.5,35
4.5,100,100,24.75,10.5,77.75,25,25,-6.5,3,2.5,35
5.4,96.25,100,21,3,78.75,-2,25,-7.5,2,2,35
5.4,95.25,100,16.75,4,79.75,-2,25,-8.5,2,2,35
5.4,94.25,100,12,5,80.75,-2,25,-9.5,2,2,35
5.4,93.25,100,7.75,6,82.25,-2,25,-8.5,2,3,35
5.4,92.25,99.5,3.5,7,83.25,-2,-3.5,-8.5,2,2,35
5.4,91.25,97.5,55.75,8,1,-2,-4,-6,2,9,35
5.4,90.25,95.5,53,9,5,-2,-4,-5.5,2,8,35
5.4,89.25,94,50,10,9.5,-2,-3,-6,2,9,35
5.4,88.25,92.75,46.75,11,14,-2,-2.5,-6.5,2,9,35
5.4,87.25,91.75,43,12,18,-2,-2,-7.5,2,8,35
5.4,86.25,90.75,39.25,13,21.5,-2,-2,-7.5,2,7,35
5.4,85.25,89.25,35.25,14,25.5,-2,-3,-8,2,8,35
5.4,84.25,88.25,30.75,15,29.5,-2,-2,-9,2,8,35
5.4,83.25,86.75,26.75,16,33,-2,-3,-8,2,7,35
5.4,82.25,85.5,22.25,17,36.75,-2,-2.5,-9,2,7.5,35
5.4,81.25,84.5,17.5,18,40.25,-2,-2,-9.5,2,7,35
5.4,80.25,83.5,13.25,19,44,-2,-2,-8.5,2,7.5,35
5.4,79.25,82.5,9.5,20,48,-2,-2,-7.5,2,8,35
5.4,78.25,81.5,5.75,21,51.75,-2,-2,-7.5,2,7.5,35
5.4,76.75,80.5,1.5,22,55.75,-3,-2,-8.5,2,8,35
5.4,75.75,79.5,40.25,23,3.25,-2,-2,-20.5,2,9.5,35
5.4,74.75,78.5,29.5,24,8.5,-2,-2,-21.5,2,10.5,35
5.4,73.75,77.5,18.25,25.25,14.25,-2,-2,-22.5,2.5,11.5,35
5.4,72.25,76.5,6.5,26.25,20.5,-3,-2,-23.5,2,12.5,35
5.4,71.25,75.5,35.5,27.5,5,-2,-2,-8.5,2.5,23,35
5.4,70.25,74,31.75,28.5,16,-2,-3,-7.5,2,22,35
5.4,69.25,72.75,28.5,30,26.5,-2,-2.5,-6.5,3,21,35
5.4,68,71.75,25.75,31,36.5,-2.5,-2,-5.5,2,20,35
5.4,67,70.75,23.5,32.25,46,-2,-2,-4.5,2.5,19,35
5.4,66,69.75,21.75,33.25,55,-2,-2,-3.5,2,18,35
5.4,65,68.75,20.5,34.25,63.5,-2,-2,-2.5,2,17,35
5.4,64,67.75,18.75,35.25,71.5,-2,-2,-3.5,2,16,35
5.4,63,66.25,17.5,36.25,79,-2,-3,-2.5,2,15,35
5.4,61.5,65,16.25,37.25,86,-3,-2.5,-2.5,2,14,35
5.4,60.5,63.25,14.5,38.5,92.5,-2,-3.5,-3.5,2.5,13,35
5.4,59.25,61.5,13.25,39.5,98.5,-2.5,-3.5,-2.5,2,12,35
5.4,58.25,59.75,12.25,40.5,100,-2,-3.5,-2,2,25,35
5.4,57.25,58.5,11.25,41.5,100,-2,-2.5,-2,2,25,35
5.4,56.25,57.5,10.25,42.75,100,-2,-2,-2,2.5,25,35
5.4,55.25,56.5,9.25,43.75,100,-2,-2,-2,2,25,35
5.4,54.25,55.5,8,44.75,100,-2,-2,-2.5,2,25,35
5.4,53.25,54.5,7,45.75,100,-2,-2,-2,2,25,35
5.4,52.25,53,5.75,46.75,100,-2,-3,-2.5,2,25,35
5.4,51.25,52,4,47.75,100,-2,-2,-3.5,2,25,35
5.4,50.25,50.5,2,48.75,100,-2,-3,-4,2,25,35
5.4,49.25,48.5,0.5,50.25,100,-2,-4,-3,3,25,35
5.4,47.75,46,92.75,51.25,1,-3,-5,-3,2,3,35
5.4,46,43.75,91.75,52.5,3,-3.5,-4.5,-2,2.5,4,35
5.4,44,41,90.75,53.5,4.5,-4,-5.5,-2,2,3,35
5.4,41.5,37.75,89.25,54.5,6,-5,-6.5,-3,2,3,35
5.4,38.75,34,88,55.5,7.5,-5.5,-7.5,-2.5,2,3,35
4.05,29.75,29.75,86.25,100,8.5,-8.5,-8.5,-3.5,25,2,35
2.7,25,84.75,84.75,100,10,-9.5,-3,-3,25,3,35
1.8,19.75,82.75,100,100,100,-10.5,-4,25,25,25,35
1.8,14,80.5,100,100,100,-11.5,-4.5,25,25,25,35
1.8,7.75,78.75,100,100,100,-12.5,-3.5,25,25,25,35
1.8,1,77.5,100,100,100,-13.5,-2.5,25,25,25,35
1.8,30.25,76,100,6.25,100,-17,-3,25,14.5,25,35
1.8,22.25,74.25,100,14,100,-16,-3.5,25,15.5,25,35
1.8,14.5,73,100,22.25,100,-15.5,-2.5,25,16.5,25,35
1.8,7.25,72,100,31,100,-14.5,-2,25,17.5,25,35
1.8,45.5,71,100,0.25,100,-10,-2,25,15,25,35
1.8,41,69.5,100,7.5,100,-9,-3,25,14.5,25,35
1.8,37,68.5,100,15,100,-8,-2,25,15,25,35
1.8,33.5,67,100,22,100,-7,-3,25,14,25,35
1.8,30.5,65.25,100,29,100,-6,-3.5,25,14,25,35
1.8,28,63.5,100,35.75,100,-5,-3.5,25,13.5,25,35
1.8,26,62.25,100,42.25,100,-4,-2.5,25,13,25,35
1.8,24.5,60.75,100,48.25,100,-3,-3,25,12,25,35
1.8,23.5,59.5,100,53.75,100,-2,-2.5,25,11,25,35
1.8,22.5,58.5,100,58.75,100,-2,-2,25,10,25,35
1.8,21.5,57.5,100,63.25,100,-2,-2,25,9,25,35
1.8,20.5,56.5,100,67.25,100,-2,-2,25,8,25,35
1.8,19.5,55,100,70.75,100,-2,-3,25,7,25,35
1.8,18.5,53.5,100,73.75,100,-2,-3,25,6,25,35
1.8,17.5,52,100,76.25,100,-2,-3,25,5,25,35
1.8,16.5,50.75,100,78.25,100,-2,-2.5,25,4,25,35
1.8,15.5,49.25,100,79.75,100,-2,-3,25,3,25,35
1.8,14.5,47.25,100,80.75,100,-2,-4,25,2,25,35
1.8,13.5,45.5,100,82,100,-2,-3.5,25,2.5,25,35
1.8,13.5,44.5,100,82.75,100,0,-2,25,1.5,25,33
1.8,13,43,100,83,100,-1,-3,25,0.5,25,33
1.8,12,40.5,100,84.75,100,-2,-5,25,3.5,25,35
1.8,12,39.5,100,85,100,0,-2,25,0.5,25,33
1.8,11,38,100,86.75,100,-2,-3,25,3.5,25,35
1.8,10,36,100,88,100,-2,-4,25,2.5,25,35
1.8,8.5,33.5,100,89,100,-3,-5,25,2,25,35
1.8,7.5,32.25,100,89,100,-2,-2.5,25,0,25,33
1.8,7,32.25,100,88,100,-1,0,25,-2,25,31
1.8,6,32,100,87.5,100,-2,-0.5,25,-1,25,31
1.8,5,31.25,100,87.5,100,-2,-1.5,25,0,25,31
1.8,4.5,31.5,100,87,100,-1,0.5,25,-1,25,29
1.8,2.5,30.25,100,87,100,-4,-2.5,25,0,25,31
1.8,0,29.25,100,86.5,100,-5,-2,25,-1,25,31
1.8,28.75,28.5,100,3,100,-19,-1.5,25,6,25,31
1.8,18.75,26.75,100,7.5,100,-20,-3.5,25,9,25,33
1.8,8.25,24.5,100,13.5,100,-21,-4.5,25,12,25,35
3.15,66.25,21.75,21.75,1.75,84.75,-8.5,-5.5,-5.5,20,2,35
4.5,62.5,62.5,18.5,12.25,85.75,-7.5,-7.5,-6.5,21,2,35
5.4,62.75,59.25,14.75,44,86.75,-2,-6.5,-7.5,2,2,35
5.4,61.75,56.5,10.5,45,87.75,-2,-5.5,-8.5,2,2,35
6.75,60.75,54.25,54.25,46,41.25,-2,-4.5,-4.5,2,18.5,35
8.1,59.75,59.75,51.75,47.5,50,-2,-2,-5,3,17.5,35
9,100,58.75,49.75,100,58.25,25,-2,-4,25,16.5,35
9,100,57.75,48.25,100,66,25,-2,-3,25,15.5,35
9,100,56.75,46.5,100,73.25,25,-2,-3.5,25,14.5,35
9,100,55.75,45.25,100,80,25,-2,-2.5,25,13.5,35
9,100,54.75,43.5,100,86.25,25,-2,-3.5,25,12.5,35
9,100,53.75,42,100,92,25,-2,-3,25,11.5,35
9,100,52.75,40,100,97.25,25,-2,-4,25,10.5,35
9,100,51.75,38.5,100,100,25,-2,-3,25,25,35
9,100,50.75,37.25,100,100,25,-2,-2.5,25,25,35
9,100,49.75,35.75,100,100,25,-2,-3,25,25,35
9,100,48.75,34.75,100,100,25,-2,-2,25,25,35
9,100,47.75,33.75,100,100,25,-2,-2,25,25,35
9,100,46.75,32.75,100,100,25,-2,-2,25,25,35
9,100,45.75,31.25,100,100,25,-2,-3,25,25,35
9,100,44.75,30.25,100,100,25,-2,-2,25,25,35
9,100,43.75,29,100,100,25,-2,-2.5,25,25,35
9,100,42.75,27.75,100,100,25,-2,-2.5,25,25,35
9,100,41.75,26.75,100,100,25,-2,-2,25,25,35
9,100,40.75,25.75,100,100,25,-2,-2,25,25,35
9,100,39.75,24.75,100,100,25,-2,-2,25,25,35
9,100,38.5,23.5,100,100,25,-2.5,-2.5,25,25,35
9,100,36.75,22,100,100,25,-3.5,-3,25,25,35
9,100,35.75,22,100,100,25,-2,0,25,25,33
9,100,33.75,20.5,100,100,25,-4,-3,25,25,35
9,100,32.25,20.5,100,100,25,-3,0,25,25,33
7.65,30.25,30.25,20.5,77.25,100,-4,-4,0,0,25,33
6.3,27.75,20.5,20.5,77.25,100,-5,0,0,0,25,33
5.4,24.75,20.5,46,77.25,65,-6,0,-2,0,0,33
4.05,20.25,20.25,44.5,100,65,-0.5,-0.5,-3,25,0,33
2.7,20.25,43.25,43.25,100,65,0,-2.5,-2.5,25,0,33
1.8,20.25,41.5,100,100,100,0,-3.5,25,25,25,33
1.8,20.75,40.25,100,100,100,1,-2.5,25,25,25,31
1.8,21,38.5,100,100,100,0.5,-3.5,25,25,25,31
1.8,21.5,36.25,100,100,100,1,-4.5,25,25,25,31
3.15,22.25,33.5,33.5,100,61,1.5,-5.5,-5.5,25,-2,31
4.5,22.75,22.75,30.25,100,60.25,1,1,-6.5,25,-1.5,31
5.4,45.5,22.75,27,13,59.5,-0.5,0,-6.5,8,-1.5,31
6.75,45.75,22.25,22.25,16.75,100,0.5,-1,-1,7.5,25,31
8.1,46.5,46.5,21.25,21,100,1.5,1.5,-2,8.5,25,31
9,100,47.5,19.75,100,100,25,2,-3,25,25,31
9,100,47.5,16.75,100,100,25,0,-6,25,25,33
9,100,46.5,12.25,100,100,25,-2,-9,25,25,35
9,100,45.5,7.25,100,100,25,-2,-10,25,25,35
9,100,44.5,1.75,100,100,25,-2,-11,25,25,35
9,100,43.5,16.25,100,4.25,25,-2,-17,25,12,35
9,100,42.5,8.25,100,10.75,25,-2,-16,25,13,35
9,100,41.5,0.75,100,17.75,25,-2,-15,25,14,35
7.65,40.5,40.5,78.75,75.25,6.25,-2,-2,-2,9.5,14,35
6.3,39.5,77.75,77.75,79.5,13.75,-2,-2,-2,8.5,15,35
5.4,38.5,76.75,64,83.25,27.25,-2,-2,-2,7.5,5,35
5.4,37.5,75.75,62.75,86.5,29.25,-2,-2,-2.5,6.5,4,35
5.4,36.5,74.75,61.75,89.25,31,-2,-2,-2,5.5,3.5,35
5.4,35.5,73.75,60.5,91.5,33,-2,-2,-2.5,4.5,4,35
5.4,34.5,72.75,59.5,93.25,34.5,-2,-2,-2,3.5,3,35
5.4,33.5,71.75,58.5,94.5,36,-2,-2,-2,2.5,3,35
5.4,32.5,70.75,57.25,95.5,37.75,-2,-2,-2.5,2,3.5,35
5.4,31.5,69.75,56.25,96.5,39,-2,-2,-2,2,2.5,35
7.65,30.5,30.5,68.75,97.5,76.25,-2,-2,-2,2,10.5,35
9,100,29.5,67.75,100,81,25,-2,-2,25,9.5,35
9,100,28.5,66.75,100,85.25,25,-2,-2,25,8.5,35
9,100,27.5,65.75,100,89,25,-2,-2,25,7.5,35
9,100,26.5,64.75,100,92.25,25,-2,-2,25,6.5,35
9,100,25.5,63.75,100,95,25,-2,-2,25,5.5,35
9,100,24.5,62.75,100,97.25,25,-2,-2,25,4.5,35
9,100,23.5,61.75,100,99,25,-2,-2,25,3.5,35
9,100,22.25,60.75,100,100,25,-2.5,-2,25,25,35
9,100,21,59.75,100,100,25,-2.5,-2,25,25,35
9,100,19.5,58.25,100,100,25,-3,-3,25,25,35
9,100,18,57.25,100,100,25,-3,-2,25,25,35
9,100,16.25,55.75,100,100,25,-3.5,-3,25,25,35
9,100,14.25,54,100,100,25,-4,-3.5,25,25,35
9,100,12.75,51.75,100,100,25,-3,-4.5,25,25,35
9,100,10.75,49.25,100,100,25,-4,-5,25,25,35
9,100,8.25,46.5,100,100,25,-5,-5.5,25,25,35
9,100,5.25,43.25,100,100,25,-6,-6.5,25,25,35
9,100,1.75,39.5,100,100,25,-7,-7.5,25,25,35
7.65,44.5,44.5,35.25,2.25,100,-11.5,-11.5,-8.5,8,25,35
9,100,39.25,30.5,100,100,25,-10.5,-9.5,25,25,35
9,100,35.5,26.25,100,100,25,-7.5,-8.5,25,25,33
9,100,31.25,20.5,100,100,25,-8.5,-11.5,25,25,35
9,100,28.5,15.25,100,100,25,-5.5,-10.5,25,25,33
9,100,25.25,8.5,100,100,25,-6.5,-13.5,25,25,35
9,100,22.5,1.25,100,100,25,-5.5,-14.5,25,25,35
7.65,20.25,20.25,59.25,41.75,4.25,-4.5,-4.5,-6.5,14,21,35
6.3,18.5,56.5,56.5,48.5,14.75,-3.5,-5.5,-5.5,13.5,16.5,35
5.4,17.25,54.25,24.75,54.75,71.5,-2.5,-4.5,-4,12.5,2,35
5.4,16.25,52.5,22.25,60.5,72.5,-2,-3.5,-5,11.5,2,35
5.4,15.25,51.25,19.25,65.75,73.5,-2,-2.5,-6,10.5,2,35
5.4,13.75,50.25,15.75,70.5,74.5,-3,-2,-7,9.5,2,35
5.4,12.5,49.25,11.75,74.75,75.5,-2.5,-2,-8,8.5,2,35
5.4,11,48.25,7.25,78.5,76.75,-3,-2,-9,7.5,2.5,35
5.4,9.5,47.25,2.25,81.75,78.5,-3,-2,-10,6.5,3.5,35
5.4,8,46.25,49.5,84.5,2.5,-3,-2,-7,5.5,9.5,35
5.4,6.75,45.25,46.5,86.75,7.25,-2.5,-2,-6,4.5,9.5,35
5.4,5.5,44.25,44,88.5,11.75,-2.5,-2,-5,3.5,9,35
5.4,4.5,43.25,42,90.5,15.75,-2,-2,-4,4,8,35
5.4,3.5,42.25,40.5,92,19.25,-2,-2,-3,3,7,35
5.4,2.5,41.25,39.5,93.75,23,-2,-2,-2,3.5,7.5,35
5.4,1.5,40.25,38,95,27.25,-2,-2,-3,2.5,8.5,35
5.4,0.25,39.25,36.25,96,31,-2.5,-2,-3.5,2,7.5,35
5.4,95,38.25,34.25,0.75,34.25,-2,-2,-4,2,6.5,35
5.4,94,37.25,32,2,37.5,-2,-2,-4.5,2.5,6.5,35
5.4,93,36.25,30.25,3,40.75,-2,-2,-3.5,2,6.5,35
5.4,92,35.25,28.75,4,44,-2,-2,-3,2,6.5,35
5.4,91,34.25,27.75,5,47,-2,-2,-2,2,6,35
5.4,90,33.25,26.25,6,50.25,-2,-2,-3,2,6.5,35
5.4,89,32.25,24.75,7,54,-2,-2,-3,2,7.5,35
5.4,88,31.25,23.25,8,57.75,-2,-2,-3,2,7.5,35
6.75,87,30.25,30.25,9,100,-2,-2,-2,2,25,35
8.1,86,86,29.25,10.5,100,-2,-2,-2,3,25,35
9,100,85,28.25,100,100,25,-2,-2,25,25,35
9,100,84,27.25,100,100,25,-2,-2,25,25,35
9,100,83,26.25,100,100,25,-2,-2,25,25,35
9,100,82,25.25,100,100,25,-2,-2,25,25,35
9,100,81,23.75,100,100,25,-2,-3,25,25,35
9,100,80,22,100,100,25,-2,-3.5,25,25,35
9,100,79,20.25,100,100,25,-2,-3.5,25,25,35
9,100,78,18.25,100,100,25,-2,-4,25,25,35
9,100,77,16,100,100,25,-2,-4.5,25,25,35
9,100,76,14,100,100,25,-2,-4,25,25,35
9,100,75,12.5,100,100,25,-2,-3,25,25,35
9,100,74,10.5,100,100,25,-2,-4,25,25,35
9,100,73,8,100,100,25,-2,-5,25,25,35
9,100,72,5,100,100,25,-2,-6,25,25,35
9,100,71,1.5,100,100,25,-2,-7,25,25,35
9,100,70,40,100,2.5,25,-2,-13.5,25,8,35
9,100,69,32.75,100,7,25,-2,-14.5,25,9,35
9,100,68,25.75,100,12,25,-2,-14,25,10,35
9,100,67,19,100,17.5,25,-2,-13.5,25,11,35
9,100,66,12.5,100,23.5,25,-2,-13,25,12,35
9,100,65,5.75,100,30,25,-2,-13.5,25,13,35
9,100,64,56,100,1,25,-2,-7.5,25,13.5,35
9,100,63,52.75,100,7.75,25,-2,-6.5,25,13.5,35
9,100,62,50,100,14.25,25,-2,-5.5,25,13,35
9,100,61,47.75,100,20.25,25,-2,-4.5,25,12,35
9,100,60,45.25,100,25.75,25,-2,-5,25,11,35
9,100,59,42.5,100,31.5,25,-2,-5.5,25,11.5,35
9,100,58,39.5,100,36.75,25,-2,-6,25,10.5,35
9,100,57,36.75,100,41.5,25,-2,-5.5,25,9.5,35
9,100,56,33.75,100,45.75,25,-2,-6,25,8.5,35
9,100,55,30.25,100,50.5,25,-2,-7,25,9.5,35
9,100,54,27.25,100,54.75,25,-2,-6,25,8.5,35
9,100,53,24.5,100,58.5,25,-2,-5.5,25,7.5,35
9,100,52,22,100,61.75,25,-2,-5,25,6.5,35
9,100,51,19.75,100,65,25,-2,-4.5,25,6.5,35
9,100,50,17,100,68,25,-2,-5.5,25,6,35
9,100,49,14.25,100,70.75,25,-2,-5.5,25,5.5,35
9,100,48,11.25,100,73.25,25,-2,-6,25,5,35
9,100,47,8.5,100,75.75,25,-2,-5.5,25,5,35
9,100,46,6,100,77.75,25,-2,-5,25,4,35
9,100,45,3,100,79.25,25,-2,-6,25,3,35
9,100,43.5,65.75,100,0.5,25,-3,-10,25,7,35
9,100,42.5,61.25,100,3.75,25,-2,-9,25,6.5,35
7.65,41.5,41.5,57.25,100,6.5,-2,-2,-8,25,5.5,35
6.3,40.25,53.75,53.75,100,9.75,-2.5,-7,-7,25,6.5,35
5.4,39.25,50.75,2.75,100,100,-2,-6,-11,25,25,35
5.4,37.75,48.25,5.5,100,3.25,-3,-5,-18.5,25,12,35
4.05,46.25,46.25,67.5,22.5,3.25,-4,-4,-2,9.5,17.5,35
2.7,44,66.5,66.5,27.25,12.5,-4.5,-2,-2,9.5,18.5,35
1.8,42.25,65.5,100,31.5,100,-3.5,-2,25,8.5,25,35
1.8,40.5,64.5,100,35.75,100,-3.5,-2,25,8.5,25,35
1.8,39.25,63.5,100,39.75,100,-2.5,-2,25,8,25,35
1.8,38.25,62.5,100,43.75,100,-2,-2,25,8,25,35
1.8,37.25,61.5,100,47.25,100,-2,-2,25,7,25,35
1.8,36.25,60.5,100,50.25,100,-2,-2,25,6,25,35
1.8,35,59.5,100,52.75,100,-2.5,-2,25,5,25,35
1.8,33.25,58.5,100,55,100,-3.5,-2,25,4.5,25,35
1.8,32,57.5,100,56.75,100,-2.5,-2,25,3.5,25,35
1.8,30.25,56.5,100,59,100,-3.5,-2,25,4.5,25,35
1.8,29,55,100,61.5,100,-2.5,-3,25,5,25,35
1.8,28,54,100,63.5,100,-2,-2,25,4,25,35
1.8,26.75,52.5,100,65,100,-2.5,-3,25,3,25,35
1.8,25.25,51.5,100,66.5,100,-3,-2,25,3,25,35
1.8,24.25,50.25,100,67.75,100,-2,-2.5,25,2.5,25,35
1.8,23.25,48.5,100,69.25,100,-2,-3.5,25,3,25,35
1.8,22,46.5,100,70.5,100,-2.5,-4,25,2.5,25,35
1.8,21,44.5,100,71.5,100,-2,-4,25,2,25,35
1.8,19.5,42.75,100,72.5,100,-3,-3.5,25,2,25,35
1.8,18.5,41.25,100,73.75,100,-2,-3,25,2.5,25,35
1.8,17.5,40,100,75.25,100,-2,-2.5,25,3,25,35
1.8,16.25,39,100,76.5,100,-2.5,-2,25,2.5,25,35
1.8,15.25,38,100,77.5,100,-2,-2,25,2,25,35
1.8,14.25,36.5,100,79,100,-2,-3,25,3,25,35
1.8,14.25,35.5,100,79.25,100,0,-2,25,0.5,25,33
1.8,15.25,35,100,79,100,2,-1,25,-0.5,25,31
1.8,15.75,34,100,79,100,1,-2,25,0,25,31
1.8,15.75,32.5,100,78.5,100,0,-3,25,-1,25,31
1.8,17,31.5,100,76.5,100,2.5,-2,25,-4,25,29
1.8,18.75,31,100,73.75,100,3.5,-1,25,-5.5,25,27
1.8,21,31,100,70.5,100,4.5,0,25,-6.5,25,25
1.8,23.75,31.5,100,65.75,100,5.5,1,25,-9.5,25,23
1.8,27,32.5,100,60,100,6.5,2,25,-11.5,25,21
1.8,28.75,32.75,100,55,100,3.5,0.5,25,-10,25,23
1.8,31,34,100,49,100,4.5,2.5,25,-12,25,21
1.8,31.75,34.25,100,44.25,100,1.5,0.5,25,-9.5,25,23
1.8,31,33,100,40.75,100,-1.5,-2.5,25,-7,25,25
1.8,28.75,31.25,100,38,100,-4.5,-3.5,25,-5.5,25,27
1.8,27,30.25,100,34.75,100,-3.5,-2,25,-6.5,25,25
1.8,24.75,29.75,100,32,100,-4.5,-1,25,-5.5,25,25
1.8,22,29.75,100,29.75,100,-5.5,0,25,-4.5,25,25
1.8,18.75,30.25,100,28,100,-6.5,1,25,-3.5,25,25
1.8,15,31.25,100,26.75,100,-7.5,2,25,-2.5,25,25
1.8,9.75,31.75,100,27,100,-10.5,1,25,0.5,25,27
1.8,4,32.75,100,27.75,100,-11.5,2,25,1.5,25,27
1.8,27,33.25,100,3.25,100,-3.5,1,25,14.5,25,29
1.8,25.75,34.25,100,11,100,-2.5,2,25,15.5,25,29
1.8,25,35.75,100,18.5,100,-1.5,3,25,15,25,29
1.8,23.75,36,100,26.5,100,-2.5,0.5,25,16,25,31
1.8,23,36.75,100,34,100,-1.5,1.5,25,15,25,31
1.8,22.75,37.75,100,41,100,-0.5,2,25,14,25,31
1.8,23,38.5,100,47.5,100,0.5,1.5,25,13,25,31
1.8,22.75,37.75,100,54.5,100,-0.5,-1.5,25,14,25,33
1.8,22.75,37.5,100,61,100,0,-0.5,25,13,25,33
1.8,21.75,36.25,100,68,100,-2,-2.5,25,14,25,35
1.8,21.75,35.5,100,73.5,100,0,-1.5,25,11,25,33
1.8,20.75,34.25,100,79.5,100,-2,-2.5,25,12,25,35
1.8,20.75,34.25,100,84,100,0,0,25,9,25,33
1.8,20.75,34.25,100,88,100,0,0,25,8,25,33
1.8,20.75,34,100,91.5,100,0,-0.5,25,7,25,33
1.8,20.75,34,100,94.5,100,0,0,25,6,25,33
1.8,20.75,33.75,100,97,100,0,-0.5,25,5,25,33
1.8,20.75,33.75,100,99,100,0,0,25,4,25,33
1.8,20.75,33.75,100,100,100,0,0,25,25,25,33
1.8,20.75,33.5,100,100,100,0,-0.5,25,25,25,33
1.8,20.75,33.5,100,100,100,0,0,25,25,25,33
1.8,20.75,33.5,100,100,100,0,0,25,25,25,33
1.8,20.75,33.5,100,100,100,0,0,25,25,25,33
1.8,20.75,33.5,100,100,100,0,0,25,25,25,33
1.8,20.75,33.5,100,100,100,0,0,25,25,25,33
1.8,20.75,33.5,100,100,100,0,0,25,25,25,33
1.8,20.75,33.5,100,100,100,0,0,25,25,25,33
1.8,20.75,33.5,100,100,100,0,0,25,25,25,33
1.8,20.75,33.5,100,100,100,0,0,25,25,25,33
1.8,20.75,33.5,100,100,100,0,0,25,25,25,33
1.8,20.75,33.5,100,100,100,0,0,25,25,25,33
1.8,20.75,33.5,100,100,100,0,0,25,25,25,33
1.8,20.75,33.5,100,100,100,0,0,25,25,25,33
1.8,20.75,33.5,100,100,100,0,0,25,25,25,33
1.8,20.75,33.5,100,100,100,0,0,25,25,25,33
1.8,20.75,33.5,100,100,100,0,0,25,25,25,33
1.8,20.75,33.5,100,100,100,0,0,25,25,25,33
1.8,20.75,33.5,100,100,100,0,0,25,25,25,33
1.8,20.75,33.5,100,100,100,0,0,25,25,25,33
1.8,20.75,33.5,100,100,100,0,0,25,25,25,33
1.8,20.75,33.5,100,100,100,0,0,25,25,25,33
1.8,20.5,33.5,100,100,100,-0.5,0,25,25,25,33
1.8,20.5,33.5,100,100,100,0,0,25,25,25,33
1.8,20.25,33.5,100,100,100,-0.5,0,25,25,25,33
1.8,19.5,33.5,100,100,100,-1.5,0,25,25,25,33
1.8,18.5,33.5,100,100,100,-2,0,25,25,25,33
1.8,18,33.5,100,100,100,-1,0,25,25,25,33
1.8,17,33.5,100,100,100,-2,0,25,25,25,33
1.8,15.5,33.5,100,100,100,-3,0,25,25,25,33
1.8,13.5,33.5,100,100,100,-4,0,25,25,25,33
1.8,11,33.5,100,100,100,-5,0,25,25,25,33
1.8,8,33.5,100,100,100,-6,0,25,25,25,33
1.8,3.5,32.5,100,100,100,-9,-2,25,25,25,35
1.8,44,31.5,100,1.5,100,-9,-2,25,10,25,35
3.15,40,30.5,30.5,7,85.5,-8,-2,-2,11,2,35
4.5,36.5,36.5,29.5,13,86.5,-7,-7,-2,12,2,35
5.4,74.75,33.5,28.5,51.25,87.5,-2,-6,-2,3.5,2,35
6.75,73.75,31,31,52.5,26.5,-2,-5,-5,2.5,14,35
8.1,72.75,72.75,29,53.5,33,-2,-2,-4,2,13,35
9,100,71.75,27.5,100,39,25,-2,-3,25,12,35
9,100,70.25,26.5,100,45.5,25,-3,-2,25,13,35
9,100,69,25.5,100,51.5,25,-2.5,-2,25,12,35
9,100,68,24.5,100,57,25,-2,-2,25,11,35
9,100,66.75,23.5,100,62,25,-2.5,-2,25,10,35
9,100,65.75,22.5,100,66.5,25,-2,-2,25,9,35
9,100,64.25,21.5,100,70.5,25,-3,-2,25,8,35
9,100,62.5,20.5,100,74,25,-3.5,-2,25,7,35
9,100,60.5,19.5,100,77,25,-4,-2,25,6,35
9,100,59,18.5,100,79.5,25,-3,-2,25,5,35
9,100,57.5,17.5,100,81.5,25,-3,-2,25,4,35
9,100,56.25,16.5,100,83,25,-2.5,-2,25,3,35
9,100,54.5,15.5,100,84,25,-3.5,-2,25,2,35
9,100,52.25,14.5,100,85,25,-4.5,-2,25,2,35
9,100,49.5,13,100,86,25,-5.5,-3,25,2,35
9,100,47.25,12,100,86,25,-4.5,-2,25,0,33
9,100,43.5,9.5,100,87,25,-7.5,-5,25,2,35
9,100,39.25,7.25,100,88,25,-8.5,-4.5,25,2,35
9,100,35.5,6,100,88.25,25,-7.5,-2.5,25,0.5,33
9,100,32.25,5.25,100,87.75,25,-6.5,-1.5,25,-1,31
9,100,29.5,5.75,100,86.5,25,-5.5,1,25,-2.5,29
9,100,27.25,7.25,100,84,25,-4.5,3,25,-5,27
9,100,25.5,9.25,100,80.5,25,-3.5,4,25,-7,25
9,100,24.25,11.75,100,75.5,25,-2.5,5,25,-10,23
7.65,22.5,22.5,13.75,60.75,70.5,-3.5,-3.5,4,-9,-10,23
6.3,20.25,15.25,15.25,56.5,65.5,-4.5,3,3,-8.5,-10,23
5.4,17.5,16.25,39.5,51.75,100,-5.5,2,10,-9.5,25,23
4.05,16.75,16.75,44.5,56.25,100,1,1,10,-9.5,25,23
2.7,16.75,49.5,49.5,52,100,0,10,10,-8.5,25,23
1.8,16.25,54.5,100,47.75,100,-1,10,25,-8.5,25,23
1.8,15,58.5,100,44.75,100,-2.5,8,25,-6,25,25
1.8,13.25,61.5,100,43.25,100,-3.5,6,25,-3,25,27
1.8,10.75,63.5,100,43.25,100,-5,4,25,0,25,29
1.8,7.75,64.5,100,44.75,100,-6,2,25,3,25,31
1.8,3.75,64.5,100,47.75,100,-8,0,25,6,25,33
1.8,60.25,63.5,100,1.5,100,-3.5,-2,25,10.5,25,35
1.8,58,62.5,100,6.25,100,-4.5,-2,25,9.5,25,35
1.8,56.25,61.5,100,10.5,100,-3.5,-2,25,8.5,25,35
1.8,55,60.5,100,14.25,100,-2.5,-2,25,7.5,25,35
1.8,53.75,59.5,100,17.75,100,-2.5,-2,25,7,25,35
1.8,52.25,58.5,100,21.75,100,-3,-2,25,8,25,35
1.8,51.25,57.5,100,25.75,100,-2,-2,25,8,25,35
1.8,50.25,56.5,100,30.25,100,-2,-2,25,9,25,35
1.8,49,55.5,100,34.25,100,-2.5,-2,25,8,25,35
1.8,48,54.5,100,37.75,100,-2,-2,25,7,25,35
1.8,47,53.5,100,40.75,100,-2,-2,25,6,25,35
1.8,46,52.5,100,43.25,100,-2,-2,25,5,25,35
1.8,44.5,51.5,100,45.25,100,-3,-2,25,4,25,35
1.8,43.5,50.5,100,46.75,100,-2,-2,25,3,25,35
1.8,42,49.5,100,47.75,100,-3,-2,25,2,25,35
1.8,41,48.5,100,48.75,100,-2,-2,25,2,25,35
1.8,39.5,47.5,100,50.25,100,-3,-2,25,3,25,35
1.8,38.5,46.5,100,51.5,100,-2,-2,25,2.5,25,35
1.8,37.5,45.5,100,53.25,100,-2,-2,25,3.5,25,35
1.8,36.25,44.5,100,55,100,-2.5,-2,25,3.5,25,35
1.8,35.25,43.5,100,56.5,100,-2,-2,25,3,25,35
1.8,34,42.5,100,58,100,-2.5,-2,25,3,25,35
1.8,32.75,41.5,100,60,100,-2.5,-2,25,4,25,35
1.8,31.75,40.25,100,62.5,100,-2,-2.5,25,5,25,35
1.8,30.75,38.75,100,64.5,100,-2,-3,25,4,25,35
1.8,29.75,36.75,100,66,100,-2,-4,25,3,25,35
1.8,29.25,35.75,100,67,100,-1,-2,25,2,25,33
1.8,28.25,35.25,100,67.5,100,-2,-1,25,1,25,33
1.8,26.75,35.25,100,67.75,100,-3,0,25,0.5,25,33
1.8,24.75,35.25,100,68,100,-4,0,25,0.5,25,33
1.8,22.25,35.25,100,68,100,-5,0,25,0,25,33
1.8,19.25,35.25,100,68,100,-6,0,25,0,25,33
1.8,14.75,33.75,100,69,100,-9,-3,25,2,25,35
1.8,10.75,33.5,100,69.25,100,-8,-0.5,25,0.5,25,33
1.8,5.25,31.75,100,70.25,100,-11,-3.5,25,2,25,35
1.8,39.75,29.5,100,0.75,100,-8,-4.5,25,12,25,35
3.15,36.25,26.75,26.75,7.25,100,-7,-5.5,-5.5,13,25,35
4.5,33.25,33.25,23.5,14.25,100,-6,-6,-6.5,14,25,35
5.4,40.75,30.75,19.75,13.25,100,-8.5,-5,-7.5,10,25,35
5.4,37,28.75,15.5,17.75,100,-7.5,-4,-8.5,9,25,35
5.4,33.75,27.25,10.75,22,100,-6.5,-3,-9.5,8.5,25,35
5.4,31,26.25,5.5,26.25,100,-5.5,-2,-10.5,8.5,25,35
5.4,28.75,25.25,46.75,31,0.25,-4.5,-2,-8,9.5,11.5,35
4.05,24.25,24.25,43.25,59,6,-2,-2,-7,13.5,11.5,35
2.7,23,40.25,40.25,65.25,12.25,-2.5,-6,-6,12.5,12.5,35
1.8,22,37.75,100,71,100,-2,-5,25,11.5,25,35
1.8,22,36.75,100,75.25,100,0,-2,25,8.5,25,33
1.8,22,36.25,100,79,100,0,-1,25,7.5,25,33
1.8,21.75,36.25,100,82.25,100,-0.5,0,25,6.5,25,33
1.8,21.75,35.75,100,85,100,0,-1,25,5.5,25,33
1.8,21.5,35.75,100,87.25,100,-0.5,0,25,4.5,25,33
1.8,21.5,35.75,100,89,100,0,0,25,3.5,25,33
1.8,21.5,35.75,100,90.25,100,0,0,25,2.5,25,33
1.8,21.5,35.75,100,91,100,0,0,25,1.5,25,33
1.8,21,35.5,100,91.25,100,-1,-0.5,25,0.5,25,33
1.8,21,35.5,100,91.25,100,0,0,25,0,25,33
1.8,20.5,35.25,100,91.25,100,-1,-0.5,25,0,25,33
1.8,20.5,35.25,100,91.25,100,0,0,25,0,25,33
1.8,21.5,36.25,100,90.25,100,2,2,25,-2,25,31
1.8,22.5,37.25,100,89.25,100,2,2,25,-2,25,31
1.8,23.5,37.75,100,88.25,100,2,1,25,-2,25,31
1.8,24.5,38.5,100,87.25,100,2,1.5,25,-2,25,31
1.8,25.5,38.75,100,86.25,100,2,0.5,25,-2,25,31
1.8,25.5,37.5,100,86.25,100,0,-2.5,25,0,25,33
1.8,25.5,36,100,86.25,100,0,-3,25,0,25,33
1.8,26.5,35,100,85.25,100,2,-2,25,-2,25,31
1.8,26.5,32.75,100,85.25,100,0,-4.5,25,0,25,33
1.8,26.5,30.5,100,85.25,100,0,-4.5,25,0,25,33
1.8,26.5,28.5,100,85.25,100,0,-4,25,0,25,33
1.8,26.5,26.25,100,85.25,100,0,-4.5,25,0,25,33
1.8,25.5,22.75,100,86.25,100,-2,-7,25,2,25,35
1.8,24.5,18.75,100,87.25,100,-2,-8,25,2,25,35
1.8,24.5,15.25,100,87.25,100,0,-7,25,0,25,33
3.15,24.5,11.25,11.25,87.25,85.75,0,-8,-8,0,0,33
4.5,24.5,24.5,6.75,87.25,85.75,0,0,-9,0,0,33
4.5,23.5,23.5,0.75,88.25,86.75,-2,-2,-12,2,2,35
4.5,22.5,22.5,9.25,89.25,5.75,-2,-2,-20.5,2,13,35
3.15,21.5,65,65,90.25,1.5,-2,-5,-5,2,21.5,35
1.8,20.5,63,100,91.25,100,-2,-4,25,2,25,35
1.8,19.5,61.5,100,92.25,100,-2,-3,25,2,25,35
1.8,18.5,60.5,100,93.25,100,-2,-2,25,2,25,35
1.8,17.5,59.5,100,94.25,100,-2,-2,25,2,25,35
1.8,16.5,58.5,100,95.25,100,-2,-2,25,2,25,35
1.8,15.5,57.5,100,96.25,100,-2,-2,25,2,25,35
1.8,14.5,56.5,100,97.25,100,-2,-2,25,2,25,35
1.8,13.5,55.5,100,98.25,100,-2,-2,25,2,25,35
1.8,12.5,54.5,100,99.25,100,-2,-2,25,2,25,35
1.8,11.5,53.5,100,100,100,-2,-2,25,25,25,35
1.8,10.5,52.5,100,100,100,-2,-2,25,25,25,35
1.8,9.5,51.5,100,100,100,-2,-2,25,25,25,35
1.8,8.5,50.5,100,100,100,-2,-2,25,25,25,35
1.8,7.5,49.5,100,100,100,-2,-2,25,25,25,35
1.8,6.5,48.5,100,100,100,-2,-2,25,25,25,35
1.8,5.5,47.5,100,100,100,-2,-2,25,25,25,35
1.8,4.5,46.5,100,100,100,-2,-2,25,25,25,35
1.8,3.5,45.25,100,100,100,-2,-2.5,25,25,25,35
1.8,2.5,43.75,100,100,100,-2,-3,25,25,25,35
1.8,1.5,42.25,100,100,100,-2,-3,25,25,25,35
1.8,0.5,40.5,100,100,100,-2,-3.5,25,25,25,35
1.8,98.75,38.75,100,0.5,100,-2,-3.5,25,2,25,35
1.8,97.5,37,100,1.5,100,-2.5,-3.5,25,2,25,35
1.8,95.75,35.5,100,3,100,-3.5,-3,25,3,25,35
1.8,94,33.75,100,4,100,-3.5,-3.5,25,2,25,35
1.8,92.5,32.5,100,5,100,-3,-2.5,25,2,25,35
1.8,91,31.5,100,6,100,-3,-2,25,2,25,35
1.8,89.5,30,100,7,100,-3,-3,25,2,25,35
1.8,87.5,28,100,8,100,-4,-4,25,2,25,35
3.15,85,25.5,25.5,9.25,100,-5,-5,-5,2.5,25,35
4.5,82,82,22.5,11,100,-6,-6,-6,3.5,25,35
5.4,76.75,78.5,19,17.25,100,-4,-7,-7,2,25,35
5.4,74.25,74.5,15,18.5,100,-5,-8,-8,2.5,25,35
5.4,72.25,70,10.5,20,100,-4,-9,-9,3,25,35
5.4,70.5,65,5.5,21.75,100,-3.5,-10,-10,3.5,25,35
5.4,68.75,60.5,0,24,100,-3.5,-9,-11,4.5,25,35
4.05,56,56,56.25,32,0.25,-9,-9,-3.5,9.5,18.5,35
2.7,51.5,55,55,36.25,10,-9,-2.5,-2.5,8.5,19.5,35
1.8,47.5,53.5,100,40,100,-8,-3,25,7.5,25,35
1.8,43,52.5,100,43.25,100,-9,-2,25,6.5,25,35
1.8,38.5,51.5,100,46,100,-9,-2,25,5.5,25,35
1.8,33.5,50.25,100,49.25,100,-10,-2.5,25,6.5,25,35
1.8,29,48.5,100,52.5,100,-9,-3.5,25,6.5,25,35
1.8,25,47.25,100,55.5,100,-8,-2.5,25,6,25,35
1.8,21.5,46.25,100,58.25,100,-7,-2,25,5.5,25,35
1.8,18.5,44.75,100,61.25,100,-6,-3,25,6,25,35
1.8,16,43.75,100,63.75,100,-5,-2,25,5,25,35
1.8,14,42.5,100,66.75,100,-4,-2.5,25,6,25,35
1.8,11.5,40.75,100,70.25,100,-5,-3.5,25,7,25,35
1.8,9.5,39.5,100,74.25,100,-4,-2.5,25,8,25,35
1.8,8,38.25,100,77.75,100,-3,-2.5,25,7,25,35
1.8,6.5,37.25,100,80.75,100,-3,-2,25,6,25,35
1.8,4.5,35.75,100,83.25,100,-4,-3,25,5,25,35
1.8,4,35.75,100,85.25,100,-1,0,25,4,25,33
1.8,4,35.75,100,86.75,100,0,0,25,3,25,33
1.8,3.5,35.5,100,87.75,100,-1,-0.5,25,2,25,33
1.8,3.5,35.5,100,88.5,100,0,0,25,1.5,25,33
1.8,3.5,35,100,89.75,100,0,-1,25,2.5,25,33
1.8,2,34,100,91.5,100,-3,-2,25,3.5,25,35
1.8,2,34,100,91.75,100,0,0,25,0.5,25,33
1.8,2,34,100,91.75,100,0,0,25,0,25,33
1.8,1.5,34,100,92.25,100,-1,0,25,1,25,33
1.8,0.5,32.75,100,93.75,100,-2,-2.5,25,3,25,35
1.8,0,32.5,100,93.75,100,-1,-0.5,25,0,25,33
1.8,1,33.5,100,92.75,100,2,2,25,-2,25,31
1.8,2,34.5,100,91.75,100,2,2,25,-2,25,31
1.8,3,35.5,100,90.75,100,2,2,25,-2,25,31
1.8,4,36.5,100,90.25,100,2,2,25,-1,25,31
1.8,5,37.5,100,89.25,100,2,2,25,-2,25,31
1.8,6,38.25,100,88.25,100,2,1.5,25,-2,25,31
1.8,6,38,100,88.25,100,0,-0.5,25,0,25,33
1.8,5,37,100,89.75,100,-2,-2,25,3,25,35
1.8,4,35.75,100,90.75,100,-2,-2.5,25,2,25,35
1.8,4,35.75,100,90.75,100,0,0,25,0,25,33
1.8,4,35.25,100,91,100,0,-1,25,0.5,25,33
1.8,4,35.25,100,91,100,0,0,25,0,25,33
1.8,3,34.25,100,92,100,-2,-2,25,2,25,35
1.8,3,33.75,100,92.5,100,0,-1,25,1,25,33
1.8,3,33.75,100,92.5,100,0,0,25,0,25,33
1.8,4,34.75,100,91.5,100,2,2,25,-2,25,31
1.8,5,35.25,100,90.5,100,2,1,25,-2,25,31
1.8,6,36.25,100,89.5,100,2,2,25,-2,25,31
1.8,7,37.25,100,88.5,100,2,2,25,-2,25,31
1.8,8,38.25,100,87.5,100,2,2,25,-2,25,31
1.8,9,39.25,100,86.5,100,2,2,25,-2,25,31
1.8,10,40.25,100,85.5,100,2,2,25,-2,25,31
1.8,11,41.25,100,84.75,100,2,2,25,-1.5,25,31
1.8,12,42.25,100,83.75,100,2,2,25,-2,25,31
1.8,13,43.25,100,83,100,2,2,25,-1.5,25,31
1.8,14,44.25,100,82.25,100,2,2,25,-1.5,25,31
1.8,15,45.25,100,81.25,100,2,2,25,-2,25,31
1.8,16,46.25,100,80.25,100,2,2,25,-2,25,31
1.8,17,47.25,100,79.25,100,2,2,25,-2,25,31
1.8,18,48.25,100,78.25,100,2,2,25,-2,25,31
1.8,19,49.25,100,77.25,100,2,2,25,-2,25,31
1.8,20,50.25,100,76.5,100,2,2,25,-1.5,25,31
1.8,21,51.25,100,75.5,100,2,2,25,-2,25,31
1.8,22,52.25,100,75,100,2,2,25,-1,25,31
1.8,23,53.25,100,74,100,2,2,25,-2,25,31
1.8,24,54.25,100,73,100,2,2,25,-2,25,31
1.8,24,54.25,100,73.25,100,0,0,25,0.5,25,33
1.8,23,53.25,100,74.5,100,-2,-2,25,2.5,25,35
1.8,22,52.25,100,76.25,100,-2,-2,25,3.5,25,35
1.8,21,51.25,100,77.5,100,-2,-2,25,2.5,25,35
1.8,20,50.25,100,78.5,100,-2,-2,25,2,25,35
1.8,19,49.25,100,80,100,-2,-2,25,3,25,35
1.8,18,48.25,100,81,100,-2,-2,25,2,25,35
1.8,17,47.25,100,82.25,100,-2,-2,25,2.5,25,35
1.8,16,46.25,100,83.25,100,-2,-2,25,2,25,35
1.8,15,45.25,100,84.25,100,-2,-2,25,2,25,35
1.8,14,44.25,100,85.25,100,-2,-2,25,2,25,35
1.8,13,43.25,100,86.25,100,-2,-2,25,2,25,35
1.8,12,42.25,100,87.25,100,-2,-2,25,2,25,35
1.8,11,41.25,100,88.25,100,-2,-2,25,2,25,35
1.8,10,40.25,100,89.25,100,-2,-2,25,2,25,35
1.8,9,39.25,100,90.25,100,-2,-2,25,2,25,35
1.8,8,38.25,100,91.25,100,-2,-2,25,2,25,35
1.8,7,37.25,100,92.25,100,-2,-2,25,2,25,35
1.8,6,36.25,100,93.25,100,-2,-2,25,2,25,35
1.8,6,36.25,100,93.25,100,0,0,25,0,25,33
1.8,6,36.25,100,93.25,100,0,0,25,0,25,33
1.8,6,36.25,100,93.25,100,0,0,25,0,25,33
1.8,6,36.25,100,93.25,100,0,0,25,0,25,33
1.8,6,36.25,100,93.25,100,0,0,25,0,25,33
1.8,6,36.25,100,93.25,100,0,0,25,0,25,33
1.8,6,36.25,100,93.25,100,0,0,25,0,25,33
1.8,5.5,36.25,100,93.25,100,-1,0,25,0,25,33
1.8,5.5,36.25,100,93.75,100,0,0,25,1,25,33
1.8,5.5,36.25,100,93.75,100,0,0,25,0,25,33
1.8,5.5,36.25,100,93.75,100,0,0,25,0,25,33
1.8,5.25,36.25,100,93.75,100,-0.5,0,25,0,25,33
1.8,5.25,36.25,100,93.75,100,0,0,25,0,25,33
1.8,5.25,36.25,100,93.75,100,0,0,25,0,25,33
1.8,5.25,36.25,100,93.75,100,0,0,25,0,25,33
1.8,5.25,36.25,100,94.25,100,0,0,25,1,25,33
1.8,5.25,36.25,100,94.25,100,0,0,25,0,25,33
1.8,4.75,36.25,100,94.25,100,-1,0,25,0,25,33
1.8,4.75,35.75,100,94.75,100,0,-1,25,1,25,33
1.8,4.75,35.75,100,94.75,100,0,0,25,0,25,33
1.8,4.75,35.75,100,94.75,100,0,0,25,0,25,33
1.8,4.75,35.25,100,94.75,100,0,-1,25,0,25,33
1.8,4.25,35.25,100,94.75,100,-1,0,25,0,25,33
1.8,4,35.25,100,94.75,100,-0.5,0,25,0,25,33
1.8,2.25,34.25,100,96,100,-3.5,-2,25,2.5,25,35
1.8,1,34.25,100,96,100,-2.5,0,25,0,25,33
1.8,30.75,32.75,100,1.75,100,-25.5,-3,25,5.5,25,35
1.8,18.5,31.75,100,5,100,-24.5,-2,25,6.5,25,35
1.8,6.75,30.5,100,8.75,100,-23.5,-2.5,25,7.5,25,35
3.15,49.75,29.5,29.5,4.5,93.5,-9.5,-2,-2,22.5,2,35
4.5,45.5,45.5,28.5,16.25,94.5,-8.5,-8.5,-2,23.5,2,35
5.4,93.5,41.75,27.5,14.75,95.5,-2,-7.5,-2,2,2,35
6.75,92.5,38.5,38.5,15.75,28.75,-2,-6.5,-6.5,2,11.5,35
8.1,91.5,91.5,35,17.25,34,-2,-2,-7,3,10.5,35
9,100,90.5,32,100,39,25,-2,-6,25,10,35
9,100,89.5,29.5,100,43.75,25,-2,-5,25,9.5,35
9,100,88.5,27,100,48.75,25,-2,-5,25,10,35
9,100,87.5,25,100,53.25,25,-2,-4,25,9,35
9,100,86.5,22.75,100,57.25,25,-2,-4.5,25,8,35
9,100,85.5,21,100,60.75,25,-2,-3.5,25,7,35
9,100,84.5,19.25,100,64.75,25,-2,-3.5,25,8,35
9,100,83.5,18,100,68.25,25,-2,-2.5,25,7,35
9,100,82.5,16.25,100,71.25,25,-2,-3.5,25,6,35
9,100,81.5,15,100,73.75,25,-2,-2.5,25,5,35
9,100,80,14,100,76.25,25,-3,-2,25,5,35
9,100,78.5,12.75,100,78.25,25,-3,-2.5,25,4,35
9,100,76.75,11.75,100,80,25,-3.5,-2,25,3.5,35
9,100,74.5,10.5,100,81.75,25,-4.5,-2.5,25,3.5,35
9,100,72.75,9.5,100,83.75,25,-3.5,-2,25,4,35
9,100,70.5,8.5,100,85.25,25,-4.5,-2,25,3,35
9,100,68.75,7.5,100,86.75,25,-3.5,-2,25,3,35
9,100,66.75,6.5,100,88.75,25,-4,-2,25,4,35
9,100,64.25,5.5,100,90.25,25,-5,-2,25,3,35
9,100,62.25,4.5,100,92,25,-4,-2,25,3.5,35
9,100,60.75,3.5,100,93.25,25,-3,-2,25,2.5,35
9,100,58.75,2.5,100,94.25,25,-4,-2,25,2,35
9,100,57.25,1.5,100,95.25,25,-3,-2,25,2,35
9,100,55.75,0.5,100,96.75,25,-3,-2,25,3,35
9,100,54.75,68.5,100,1,25,-2,-12,25,3,35
9,100,53.75,62,100,2.75,25,-2,-13,25,3.5,35
9,100,52.75,55,100,4,25,-2,-14,25,2.5,35
9,100,51.5,47.5,100,5.75,25,-2.5,-15,25,3.5,35
9,100,49.75,39.5,100,8,25,-3.5,-16,25,4.5,35
9,100,48.5,31,100,10.75,25,-2.5,-17,25,5.5,35
9,100,47.5,22,100,14,25,-2,-18,25,6.5,35
9,100,46.25,12.5,100,17.75,25,-2.5,-19,25,7.5,35
9,100,45,2.5,100,22,25,-2.5,-20,25,8.5,35
9,100,43.5,19,100,8,25,-3,-10,25,21,35
9,100,42.5,14.5,100,19,25,-2,-9,25,22,35
9,100,41.5,10.5,100,30,25,-2,-8,25,22,35
9,100,40.5,7,100,40.5,25,-2,-7,25,21,35
9,100,39.5,4,100,50.5,25,-2,-6,25,20,35
9,100,38.25,1.5,100,58,25,-2.5,-5,25,14.5,35
9,100,37.25,100,100,0.5,25,-2,25,25,4,35
9,100,36,100,100,2,25,-2.5,25,25,3,35
9,100,35,100,100,3,25,-2,25,25,2,35
9,100,34,100,100,4,25,-2,25,25,2,35
9,100,33,100,100,5,25,-2,25,25,2,35
9,100,32,100,100,6,25,-2,25,25,2,35
9,100,30.75,100,100,7,25,-2.5,25,25,2,35
9,100,29.75,100,100,8,25,-2,25,25,2,35
7.65,28.25,28.25,100,100,9,-3,-3,25,25,2,35
6.3,27.25,100,100,100,10.5,-2,25,25,25,3,35
5.4,26,100,36,100,56.5,-2.5,25,-3.5,25,3.5,35
5.4,25,100,34,100,58.5,-2,25,-4,25,4,35
5.4,24,100,32.5,100,60.75,-2,25,-3,25,4.5,35
5.4,23,100,30.75,100,62.5,-2,25,-3.5,25,3.5,35
5.4,22,100,28.5,100,64,-2,25,-4.5,25,3,35
5.4,21,100,26.75,100,66,-2,25,-3.5,25,4,35
5.4,20,100,24.75,100,68.25,-2,25,-4,25,4.5,35
5.4,18.5,96.5,23,100,70,-3,-8.5,-3.5,25,3.5,35
5.4,17.5,91.75,21.75,100,71.75,-2,-9.5,-2.5,25,3.5,35
5.4,16.5,86.5,20.75,100,73.5,-2,-10.5,-2,25,3.5,35
5.4,15.5,80.75,19.75,100,75,-2,-11.5,-2,25,3,35
5.4,14.5,74.5,18.5,100,77,-2,-12.5,-2.5,25,4,35
5.4,14.5,68.75,17.75,100,77.5,0,-11.5,-1.5,25,1,33
5.4,15.5,63.5,17.5,100,77.5,2,-10.5,-0.5,25,0,31
5.4,17.5,58.75,18.25,100,76,4,-9.5,1.5,25,-3,29
5.4,18,52.5,17.5,100,75,1,-12.5,-1.5,25,-2,31
5.4,20,46.75,17.25,100,73.25,4,-11.5,-0.5,25,-3.5,29
5.4,21,39.5,16,100,72.5,2,-14.5,-2.5,25,-1.5,31
5.4,22,31.75,14.5,100,71.75,2,-15.5,-3,25,-1.5,31
5.4,23,23.5,13.25,100,70.75,2,-16.5,-2.5,25,-2,31
6.75,24,14.75,14.75,100,71,2,-17.5,-17.5,25,2,31
8.1,25,25,6,100,71.75,2,2,-17.5,25,1.5,31
8.1,26,26,36,100,3.25,2,2,-13,25,18.5,31
8.1,25.5,25.5,28,100,13,-1,-1,-16,25,19.5,33
9,100,25.5,20,100,22.25,25,0,-16,25,18.5,33
9,100,24.25,10.5,100,33,25,-2.5,-19,25,21.5,35
9,100,23.25,1,100,43.25,25,-2,-19,25,20.5,35
7.65,22,22,45,100,8,-2.5,-2.5,-10.5,25,18,35
6.3,21,40.25,40.25,100,17.5,-2,-9.5,-9.5,25,19,35
5.4,19.75,36,65.25,100,15,-2.5,-8.5,-2,25,8.5,35
4.05,32.25,32.25,64,35,18.75,-7.5,-7.5,-2.5,17,7.5,35
2.7,29,63,63,43,23,-6.5,-2,-2,16,8.5,35
1.8,26.25,61.75,100,50.5,100,-5.5,-2.5,25,15,25,35
1.8,24,60.75,100,57.5,100,-4.5,-2,25,14,25,35
1.8,22.25,59.75,100,64,100,-3.5,-2,25,13,25,35
1.8,21,58.75,100,70,100,-2.5,-2,25,12,25,35
1.8,20,57.25,100,75.5,100,-2,-3,25,11,25,35
1.8,19,56.25,100,80.5,100,-2,-2,25,10,25,35
1.8,18,55.25,100,85,100,-2,-2,25,9,25,35
1.8,17,54.25,100,89,100,-2,-2,25,8,25,35
1.8,16,53,100,92.5,100,-2,-2.5,25,7,25,35
1.8,15,51.25,100,95.5,100,-2,-3.5,25,6,25,35
1.8,14,49.25,100,98,100,-2,-4,25,5,25,35
1.8,13,47.75,100,100,100,-2,-3,25,25,25,35
1.8,12,46,100,100,100,-2,-3.5,25,25,25,35
1.8,11,44.75,100,100,100,-2,-2.5,25,25,25,35
1.8,10,43.25,100,100,100,-2,-3,25,25,25,35
1.8,9,42.25,100,100,100,-2,-2,25,25,25,35
1.8,8,41,100,100,100,-2,-2.5,25,25,25,35
1.8,7,40,100,100,100,-2,-2,25,25,25,35
1.8,5.75,39,100,100,100,-2.5,-2,25,25,25,35
1.8,4.25,37.5,100,100,100,-3,-3,25,25,25,35
1.8,3.25,36.5,100,100,100,-2,-2,25,25,25,35
1.8,2.75,36.5,100,100,100,-1,0,25,25,25,33
1.8,2,36.5,100,100,100,-1.5,0,25,25,25,33
1.8,1,36.5,100,100,100,-2,0,25,25,25,33
1.8,0.5,36.5,100,100,100,-1,0,25,25,25,33
1.8,46.25,36.5,100,0.5,100,-17.5,0,25,2,25,33
1.8,37,36.5,100,2,100,-18.5,0,25,3,25,33
1.8,26.25,35.5,100,5,100,-21.5,-2,25,6,25,35
1.8,16,35.25,100,7.5,100,-20.5,-0.5,25,5,25,33
1.8,5.5,35.25,100,10.5,100,-21,0,25,6,25,33
1.8,32.75,35.25,100,5,100,-11,0,25,21,25,33
1.8,26.75,34.25,100,16,100,-12,-2,25,22,25,35
1.8,20.25,33.25,100,24.5,100,-13,-2,25,11,25,35
1.8,15.25,33.25,100,29.5,100,-10,0,25,10,25,33
1.8,9.75,32,100,36,100,-11,-2.5,25,13,25,35
1.8,4.75,31,100,42.5,100,-10,-2,25,13,25,35
1.8,0.25,30,100,48.75,100,-9,-2,25,12.5,25,35
1.8,74.75,28.75,100,4.75,100,-5.5,-2.5,25,10,25,35
3.15,72.5,27.75,27.75,9.25,94.75,-4.5,-2,-2,9,2,35
4.5,69.75,69.75,26.75,14.25,95.75,-5.5,-5.5,-2,10,2,35
5.4,47.75,67.5,25.75,39.5,96.75,-4.5,-4.5,-2,2,2,35
5.4,45,65.75,24.75,40.5,97.75,-5.5,-3.5,-2,2,2,35
5.4,42.75,63.75,23.75,41.5,98.75,-4.5,-4,-2,2,2,35
5.4,40.25,62.25,22.75,43,99.75,-5,-3,-2,3,2,35
5.4,37.25,60.25,21.75,44.75,100,-6,-4,-2,3.5,25,35
5.4,34.25,58.75,20.75,47,100,-6,-3,-2,4.5,25,35
5.4,31.5,57.75,19.5,49.25,100,-5.5,-2,-2.5,4.5,25,35
5.4,28.75,56.5,18.5,51,100,-5.5,-2.5,-2,3.5,25,35
5.4,26.5,55.5,17,53.25,100,-4.5,-2,-3,4.5,25,35
5.4,24.75,54,16,55,100,-3.5,-3,-2,3.5,25,35
5.4,23.5,52.25,15,56.5,100,-2.5,-3.5,-2,3,25,35
5.4,22.5,50.75,13.75,58.5,100,-2,-3,-2.5,4,25,35
5.4,21.5,48.75,12.75,60.5,100,-2,-4,-2,4,25,35
5.4,20.25,46.25,11.75,63,100,-2.5,-5,-2,5,25,35
5.4,18.5,44.25,10.5,65.25,100,-3.5,-4,-2.5,4.5,25,35
5.4,16.75,42,9.5,67.75,100,-3.5,-4.5,-2,5,25,35
5.4,15,39.75,8.5,70.25,100,-3.5,-4.5,-2,5,25,35
5.4,13,37,7.5,72.25,100,-4,-5.5,-2,4,25,35
5.4,11.5,33.75,6.5,74.25,100,-3,-6.5,-2,4,25,35
5.4,10,30,5,75.75,100,-3,-7.5,-3,3,25,35
5.4,8,25.75,4,77,100,-4,-8.5,-2,2.5,25,35
5.4,6.5,21,3,78.5,100,-3,-9.5,-2,3,25,35
5.4,5.5,15.75,1.5,79.5,100,-2,-10.5,-3,2,25,35
5.4,4.5,10,83.75,80.5,0.5,-2,-11.5,-9.5,2,4,35
5.4,3.5,3.75,78.5,81.5,2,-2,-12.5,-10.5,2,3,35
5.4,2.5,15.25,72.75,82.5,3.5,-2,-18,-11.5,2,3,35
5.4,1.5,5.75,66.5,83.5,4.75,-2,-19,-12.5,2,2.5,35
5.4,0.5,75.5,59.75,84.5,5.75,-2,-2,-13.5,2,2,35
5.4,96.5,74.5,52.5,0.5,7.25,-2,-2,-14.5,2,3,35
5.4,95.5,73.5,44.75,1.5,9.25,-2,-2,-15.5,2,4,35
5.4,94.5,72.5,36.5,2.5,11.75,-2,-2,-16.5,2,5,35
5.4,93.5,71.5,27.75,3.5,14.75,-2,-2,-17.5,2,6,35
5.4,92.25,70.5,18.5,5,18.25,-2.5,-2,-18.5,3,7,35
5.4,91.25,69.5,8.75,6,22.25,-2,-2,-19.5,2,8,35
5.4,89.75,68.5,39,7.5,0.5,-3,-2,-7.5,3,18.5,35
6.75,88.75,67.5,67.5,8.5,81.25,-2,-2,-2,2,16,35
8.1,87.75,87.75,66.5,10,88.75,-2,-2,-2,3,15,35
9,100,86.75,65.5,100,95.75,25,-2,-2,25,14,35
9,100,85.5,64.5,100,100,25,-2.5,-2,25,25,35
9,100,84.5,63.5,100,100,25,-2,-2,25,25,35
9,100,83.5,62.5,100,100,25,-2,-2,25,25,35
9,100,82.5,61.5,100,100,25,-2,-2,25,25,35
9,100,81.5,60.5,100,100,25,-2,-2,25,25,35
9,100,80.5,59.5,100,100,25,-2,-2,25,25,35
9,100,79.5,58.5,100,100,25,-2,-2,25,25,35
9,100,78.25,57.5,100,100,25,-2.5,-2,25,25,35
9,100,76.5,56.5,100,100,25,-3.5,-2,25,25,35
9,100,74.75,55.5,100,100,25,-3.5,-2,25,25,35
9,100,73,54.5,100,100,25,-3.5,-2,25,25,35
9,100,70.75,53.5,100,100,25,-4.5,-2,25,25,35
9,100,69,52.5,100,100,25,-3.5,-2,25,25,35
9,100,67.75,51.5,100,100,25,-2.5,-2,25,25,35
9,100,66.25,50.5,100,100,25,-3,-2,25,25,35
9,100,64.75,49.5,100,100,25,-3,-2,25,25,35
9,100,63.75,48.5,100,100,25,-2,-2,25,25,35
9,100,62.25,47.25,100,100,25,-3,-2.5,25,25,35
9,100,60.5,45.5,100,100,25,-3.5,-3.5,25,25,35
9,100,58.25,43.25,100,100,25,-4.5,-4.5,25,25,35
9,100,56.5,40.5,100,100,25,-3.5,-5.5,25,25,35
9,100,55,37.25,100,100,25,-3,-6.5,25,25,35
9,100,53.5,33.5,100,100,25,-3,-7.5,25,25,35
9,100,52.25,29.25,100,100,25,-2.5,-8.5,25,25,35
9,100,51,24.5,100,100,25,-2.5,-9.5,25,25,35
9,100,49.25,19.25,100,100,25,-3.5,-10.5,25,25,35
9,100,48,13.5,100,100,25,-2.5,-11.5,25,25,35
9,100,46.25,6,100,100,25,-3.5,-18,25,25,35
9,100,44.5,1.5,100,3.5,25,-3.5,-11.5,25,19,35
9,100,42.75,45.5,100,4.5,25,-3.5,-14,25,12,35
9,100,41.25,38.5,100,11,25,-3,-14,25,13,35
9,100,39.25,32,100,18,25,-4,-13,25,14,35
9,100,37.5,26,100,25,25,-3.5,-12,25,14,35
7.65,35.25,35.25,20.5,96.75,32.5,-4.5,-4.5,-11,2,15,35
9,100,33.5,15.5,100,40.25,25,-3.5,-10,25,15.5,35
9,100,32.25,12,100,46.75,25,-2.5,-7,25,13,33
9,100,32.5,10,100,52,25,0.5,-4,25,10.5,31
9,100,33.25,8.5,100,56.75,25,1.5,-3,25,9.5,31
9,100,34.25,7.5,100,61,25,2,-2,25,8.5,31
9,100,35.25,7,100,64.75,25,2,-1,25,7.5,31
9,100,35.25,6,100,69,25,0,-2,25,8.5,33
9,100,34.25,4.5,100,73.75,25,-2,-3,25,9.5,35
9,100,33.75,4.5,100,77,25,-1,0,25,6.5,33
9,100,34.25,5.25,100,78.75,25,1,1.5,25,3.5,31
9,100,34.25,6.25,100,80,25,0,2,25,2.5,31
9,100,34.75,7.25,100,80.75,25,1,2,25,1.5,31
9,100,35.75,7.75,100,81.75,25,2,1,25,2,31
9,100,36.75,8.75,100,82.25,25,2,2,25,1,31
9,100,37.75,9.75,100,82.25,25,2,2,25,0,31
9,100,38.75,10.75,100,82.25,25,2,2,25,0,31
9,100,38.25,10.75,100,83.5,25,-1,0,25,2.5,33
9,100,38.25,10.75,100,84.25,25,0,0,25,1.5,33
9,100,38.25,10.25,100,84.5,25,0,-1,25,0.5,33
9,100,38.25,10.25,100,85,25,0,0,25,1,33
9,100,38.25,9.75,100,85.25,25,0,-1,25,0.5,33
9,100,38.25,9.75,100,85.25,25,0,0,25,0,33
9,100,36.75,8.75,100,86.5,25,-3,-2,25,2.5,35
9,100,35,7.75,100,87.5,25,-3.5,-2,25,2,35
9,100,34.75,7.25,100,87.5,25,-0.5,-1,25,0,33
9,100,34.25,6.25,100,87.5,25,-1,-2,25,0,33
9,100,34,4.75,100,87.5,25,-0.5,-3,25,0,33
9,100,33.75,3.75,100,88,25,-0.5,-2,25,1,33
9,100,34,4.25,100,87.75,25,0.5,1,25,-0.5,31
9,100,34.75,6,100,87,25,1.5,3.5,25,-1.5,29
9,100,35,7.25,100,85.75,25,0.5,2.5,25,-2.5,29
9,100,35.75,9.5,100,83.5,25,1.5,4.5,25,-4.5,27
9,100,37,13.25,100,80,25,2.5,7.5,25,-7,25
9,100,36.75,16.25,100,77.5,25,-0.5,6,25,-5,27
9,100,36,19.25,100,75,25,-1.5,6,25,-5,27
9,100,33.75,21.25,100,73.25,25,-4.5,4,25,-3.5,29
9,100,31,23.25,100,71.75,25,-5.5,4,25,-3,29
7.65,27.75,27.75,25,68.25,70.25,-6.5,-6.5,3.5,-2.5,-3,29
6.3,24,26.25,26.25,66.5,68.5,-7.5,2.5,2.5,-3.5,-3.5,29
6.3,18.75,27,27,65.5,67.5,-10.5,1.5,1.5,-2,-2,31
5.4,13,27.75,49,64.5,50.5,-11.5,1.5,2,-2,-2,31
5.4,5.75,27.5,49,64.75,50.5,-14.5,-0.5,0,0.5,0,33
5.4,5.5,26.25,48,3,51.5,-13.5,-2.5,-2,17.5,2,35
5.4,88.25,25.25,47,0.75,52.5,-2,-2,-2,12.5,2,35
6.75,87.25,24.25,24.25,6.5,70.75,-2,-2,-2,11.5,3.5,35
8.1,86.25,86.25,23.25,12.75,72,-2,-2,-2,12.5,2.5,35
9,100,85.25,21.75,100,73,25,-2,-3,25,2,35
9,100,84.25,19.75,100,74,25,-2,-4,25,2,35
9,100,83.25,17.25,100,75,25,-2,-5,25,2,35
9,100,82.25,15.25,100,76.5,25,-2,-4,25,3,35
9,100,81.25,12.75,100,78.25,25,-2,-5,25,3.5,35
9,100,80.25,10.75,100,80.25,25,-2,-4,25,4,35
9,100,79.25,8.5,100,82,25,-2,-4.5,25,3.5,35
9,100,78.25,6.75,100,84.25,25,-2,-3.5,25,4.5,35
9,100,77.25,5.25,100,87,25,-2,-3,25,5.5,35
9,100,76.25,3.5,100,89.25,25,-2,-3.5,25,4.5,35
9,100,75.25,2,100,91,25,-2,-3,25,3.5,35
9,100,74.25,0.25,100,92.75,25,-2,-3.5,25,3.5,35
9,100,73.25,92.25,100,1.25,25,-2,-3.5,25,3,35
9,100,72.25,91,100,2.25,25,-2,-2.5,25,2,35
9,100,71.25,90,100,3.25,25,-2,-2,25,2,35
9,100,70.25,88.5,100,4.25,25,-2,-3,25,2,35
9,100,69.25,87.5,100,5.75,25,-2,-2,25,3,35
9,100,68.25,86.25,100,7.75,25,-2,-2.5,25,4,35
7.65,67.25,67.25,84.75,99,9.25,-2,-2,-3,2,3,35
6.3,66.25,83.75,83.75,100,11.25,-2,-2,-2,25,4,35
5.4,64.75,82.75,21,100,76,-3,-2,-2.5,25,2,35
5.4,62.75,81.25,19.25,100,77,-4,-3,-3.5,25,2,35
5.4,60.25,80.25,17.75,100,78,-5,-2,-3,25,2,35
5.4,57.25,79.25,16.5,100,79.5,-6,-2,-2.5,25,3,35
5.4,53.75,77.75,15.5,100,81.5,-7,-3,-2,25,4,35
5.4,49.75,76.75,14.5,100,83,-8,-2,-2,25,3,35
5.4,45.25,75.5,13,100,84,-9,-2.5,-3,25,2,35
5.4,40.25,74.5,11,100,85,-10,-2,-4,25,2,35
5.4,34.75,73.25,8.5,100,86.5,-11,-2.5,-5,25,3,35
5.4,28.75,72.25,5.5,100,87.5,-12,-2,-6,25,2,35
5.4,22.25,71.25,2,100,89,-13,-2,-7,25,3,35
5.4,15.25,70,22.5,100,2,-14,-2.5,-19.5,25,8,35
5.4,7.75,69,12.25,100,6.5,-15,-2,-20.5,25,9,35
5.4,28.75,68,2.5,0.25,11.5,-9.5,-2,-19.5,16,10,35
5.4,23.75,66.5,59,8.75,6.75,-10,-3,-3.5,17,18.5,35
5.4,19.25,65.5,57.75,17.75,15.5,-9,-2,-2.5,18,17.5,35
5.4,15.25,64.5,56.75,26.75,23.75,-8,-2,-2,18,16.5,35
5.4,11.75,63.5,55.75,36.25,31.5,-7,-2,-2,19,15.5,35
5.4,8,62.5,54.75,45.75,38.75,-7.5,-2,-2,19,14.5,35
5.4,4.75,61.5,53.75,54.75,45.5,-6.5,-2,-2,18,13.5,35
5.4,1.75,60.5,52.75,63.25,51.75,-6,-2,-2,17,12.5,35
5.4,83,59.5,51.75,1.75,57.5,-5.5,-2,-2,7,11.5,35
5.4,80.75,58.5,50.75,4.75,62.75,-4.5,-2,-2,6,10.5,35
6.75,78.25,57.5,57.5,7.75,86.25,-5,-2,-2,6,2,35
8.1,75.25,75.25,56.5,11.25,87.25,-6,-6,-2,7,2,35
9,100,72.5,55.5,100,88.25,25,-5.5,-2,25,2,35
9,100,69.25,54.5,100,89.25,25,-6.5,-2,25,2,35
9,100,66.25,53.5,100,90.25,25,-6,-2,25,2,35
9,100,63.5,52.5,100,91.25,25,-5.5,-2,25,2,35
9,100,60.75,51.5,100,92.25,25,-5.5,-2,25,2,35
9,100,58.25,50.5,100,93.25,25,-5,-2,25,2,35
9,100,55.75,49.5,100,94.25,25,-5,-2,25,2,35
9,100,53.5,48.5,100,95.25,25,-4.5,-2,25,2,35
9,100,51,47.5,100,96.25,25,-5,-2,25,2,35
9,100,48.5,46.5,100,97.25,25,-5,-2,25,2,35
9,100,46.5,45.5,100,98.25,25,-4,-2,25,2,35
9,100,45,44.5,100,99.25,25,-3,-2,25,2,35
9,100,43.5,43.5,100,100,25,-3,-2,25,25,35
9,100,41.5,42.5,100,100,25,-4,-2,25,25,35
9,100,39.75,41.5,100,100,25,-3.5,-2,25,25,35
7.65,37.75,37.75,40.5,84.5,100,-4,-4,-2,4,25,35
6.3,35.25,39.5,39.5,86,100,-5,-2,-2,3,25,35
5.4,32.75,38.5,30.75,87,98.75,-5,-2,-2,2,2,35
5.4,29.75,37.5,29.75,88,99.75,-6,-2,-2,2,2,35
5.4,26.25,36.5,28.75,89,100,-7,-2,-2,2,25,35
5.4,22.25,35.5,27.75,90,100,-8,-2,-2,2,25,35
5.4,17.75,34.5,26.75,91,100,-9,-2,-2,2,25,35
5.4,12.75,33.5,25.75,92,100,-10,-2,-2,2,25,35
5.4,7.25,32.5,24.75,93,100,-11,-2,-2,2,25,35
5.4,1.25,31.5,23.75,94,100,-12,-2,-2,2,25,35
6.75,59.5,30.5,30.5,3.5,100,-8.5,-2,-2,20.5,25,35
8.1,55.75,55.75,29.5,12.25,100,-7.5,-7.5,-2,14,25,35
9,100,51.5,28.5,100,100,25,-8.5,-2,25,25,35
9,100,47.75,27.5,100,100,25,-7.5,-2,25,25,35
9,100,44,26.5,100,100,25,-7.5,-2,25,25,35
9,100,40.5,25.5,100,100,25,-7,-2,25,25,35
9,100,37.5,24.5,100,100,25,-6,-2,25,25,35
9,100,34.5,23.5,100,100,25,-6,-2,25,25,35
9,100,32.75,23.5,100,100,25,-3.5,0,25,25,33
9,100,31.5,24.5,100,100,25,-2.5,2,25,25,31
9,100,31.25,26.5,100,100,25,-0.5,4,25,25,29
9,100,31.25,28.5,100,100,25,0,4,25,25,29
9,100,32,31.5,100,100,25,1.5,6,25,25,27
9,100,31.25,33.5,100,100,25,-1.5,4,25,25,29
7.65,30.5,30.5,35.5,82,100,-1.5,-1.5,4,2.5,25,29
6.3,29.5,37.5,37.5,82.75,100,-2,4,4,1.5,25,29
5.4,29,39,25.75,83,100,-1,3,0,0.5,25,29
5.4,27.5,40,24.25,83.75,100,-3,2,-3,1.5,25,31
5.4,25.75,40.75,23,84,100,-3.5,1.5,-2.5,0.5,25,31
5.4,24,41.75,21.75,83.75,100,-3.5,2,-2.5,-0.5,25,31
5.4,22,42.75,21,83,100,-4,2,-1.5,-1.5,25,31
5.4,19.5,43.25,20.5,82,100,-5,1,-1,-2,25,31
5.4,16.75,44,19.75,81,100,-5.5,1.5,-1.5,-2,25,31
5.4,14.5,44.5,19.25,80.5,100,-4.5,1,-1,-1,25,31
5.4,12.75,45.25,18.75,80,100,-3.5,1.5,-1,-1,25,31
5.4,11.5,46.25,18.75,80,78,-2.5,2,0,0,-2,31
5.4,10.75,47,18.5,79.5,77.5,-1.5,1.5,-0.5,-1,-1,31
5.4,9.75,47.75,18.5,79.5,77,-2,1.5,0,0,-1,31
5.4,9.25,48.75,19,79.25,77,-1,2,1,-0.5,0,31
5.4,9.25,49.25,19.75,79,76.5,0,1,1.5,-0.5,-1,31
5.4,9.25,49.25,20.25,79.25,75.5,0,0,1,0.5,-2,31
5.4,9.75,48.75,20.75,79.25,74.5,1,-1,1,0,-2,31
5.4,9.75,47.75,21.75,79.25,73.5,0,-2,2,0,-2,31
5.4,10,46.25,22.25,79.5,73,0.5,-3,1,0.5,-1,31
5.4,10.5,44.25,22.75,79.75,72.75,1,-4,1,0.5,-0.5,31
5.4,10.75,40.75,22.75,80.5,72,0.5,-17.5,0,1.5,-1.5,31
5.4,11.5,31.5,22.75,80.75,71.5,1.5,-18.5,0,0.5,-1,31
5.4,11.75,21.75,22.25,80.5,70.5,0.5,-19.5,-1,-0.5,-2,31
4.05,11.5,11.5,22,80,69.5,-20.5,-20.5,-0.5,-2,-2,31
4.05,0,0,21.25,80.25,69.5,-23,-23,-1.5,0.5,0,33
4.05,29.75,29.75,21,10.5,69,-4.5,-4.5,-0.5,21,-1,31
4.05,28,28,21.25,20,68,-3.5,-3.5,0.5,19,-2,29
5.4,15.75,25.75,22,74.75,67.25,3,-4.5,1.5,-4,-1.5,29
5.4,16,22.5,21.75,74.25,68,0.5,-6.5,-0.5,-1,1.5,31
5.4,17.75,20,22.25,73,67.25,3.5,-5,1,-2.5,-1.5,29
5.4,19,17.5,23.25,72,66.25,2.5,-5,2,-2,-2,29
5.4,21.75,16.5,25.5,69.75,64.5,5.5,-2,4.5,-4.5,-3.5,27
4.05,16,16,28,65.5,62.25,-1,-1,5,11,-4.5,27
2.7,16,30.25,30.25,70.5,60.5,0,4.5,4.5,10,-3.5,27
1.8,16.5,32.75,100,75,100,1,5,25,9,25,27
1.8,16.5,34,100,78.75,100,0,2.5,25,5,25,29
1.8,17,34.75,100,80.75,100,1,1.5,25,4,25,29
1.8,16,34,100,83.25,100,-2,-1.5,25,5,25,31
1.8,15.5,33.75,100,85.25,100,-1,-0.5,25,4,25,31
1.8,15.5,34,100,86.75,100,0,0.5,25,3,25,31
1.8,16,34.5,100,87.75,100,1,1,25,2,25,31
1.8,16,34.75,100,88.25,100,0,0.5,25,1,25,31
1.8,16.5,35.5,100,88.25,100,1,1.5,25,0,25,31
1.8,17.5,36.5,100,87.75,100,2,2,25,-1,25,31
1.8,18.25,37.25,100,86.75,100,1.5,1.5,25,-2,25,31
1.8,18.25,36.5,100,86.75,100,0,-1.5,25,0,25,33
1.8,17.75,36.25,100,86.75,100,-1,-0.5,25,0,25,33
1.8,16.75,36.25,100,86.75,100,-2,0,25,0,25,33
1.8,17.25,37.25,100,85.75,100,1,2,25,-2,25,31
1.8,17.25,38.25,100,84.75,100,0,2,25,-2,25,31
1.8,16.75,38,100,84.75,100,-1,-0.5,25,0,25,33
1.8,16,38,100,84.75,100,-1.5,0,25,0,25,33
1.8,14.75,37,100,85.75,100,-2.5,-2,25,2,25,35
1.8,13.5,35.75,100,86.75,100,-2.5,-2.5,25,2,25,35
1.8,12.5,34.5,100,87.75,100,-2,-2.5,25,2,25,35
1.8,12,33.75,100,87.75,100,-1,-1.5,25,0,25,33
1.8,11.5,33.5,100,87.75,100,-1,-0.5,25,0,25,33
1.8,11.5,33.5,100,87.75,100,0,0,25,0,25,33
1.8,12,34.25,100,86.75,100,1,1.5,25,-2,25,31
1.8,12.75,35.25,100,85.75,100,1.5,2,25,-2,25,31
1.8,13.5,36.25,100,84.75,100,1.5,2,25,-2,25,31
1.8,14,37.25,100,83.75,100,1,2,25,-2,25,31
1.8,14,38,100,82.75,100,0,1.5,25,-2,25,31
1.8,12.5,38,100,82.75,100,-3,0,25,0,25,33
1.8,9.5,37,100,83.75,100,-6,-2,25,2,25,35
1.8,6,36,100,84.75,100,-7,-2,25,2,25,35
1.8,3,35.75,100,85,100,-6,-0.5,25,0.5,25,33
1.8,42,35.75,100,0.5,100,-11,0,25,7,25,33
1.8,37,35.5,100,4.5,100,-10,-0.5,25,8,25,33
1.8,32.5,35.5,100,9,100,-9,0,25,9,25,33
1.8,28.5,35.5,100,14,100,-8,0,25,10,25,33
1.8,25,35.5,100,19.5,100,-7,0,25,11,25,33
1.8,22,35.5,100,24.75,100,-6,0,25,10.5,25,33
1.8,19.5,35.5,100,30.5,100,-5,0,25,11.5,25,33
1.8,17.5,35.25,100,36.5,100,-4,-0.5,25,12,25,33
1.8,16,35.25,100,42.5,100,-3,0,25,12,25,33
1.8,15,34.75,100,48.75,100,-2,-1,25,12.5,25,33
1.8,14.5,34.75,100,54.5,100,-1,0,25,11.5,25,33
1.8,14.5,34.75,100,59.75,100,0,0,25,10.5,25,33
1.8,14.5,34.75,100,64.5,100,0,0,25,9.5,25,33
1.8,14.5,34.75,100,68.75,100,0,0,25,8.5,25,33
1.8,14.25,34.75,100,72.5,100,-0.5,0,25,7.5,25,33
1.8,14.25,34.75,100,75.75,100,0,0,25,6.5,25,33
1.8,14.25,34.75,100,78.5,100,0,0,25,5.5,25,33
1.8,13.75,34.75,100,80.75,100,-1,0,25,4.5,25,33
1.8,13.75,34.75,100,82.5,100,0,0,25,3.5,25,33
1.8,13.75,34.75,100,83.75,100,0,0,25,2.5,25,33
1.8,13.75,34.75,100,84.5,100,0,0,25,1.5,25,33
1.8,13.75,34.75,100,84.75,100,0,0,25,0.5,25,33
1.8,13.5,34.75,100,84.75,100,-0.5,0,25,0,25,33
1.8,13.5,34.75,100,84.75,100,0,0,25,0,25,33
1.8,13.5,34.75,100,85.25,100,0,0,25,1,25,33
1.8,13.5,34.75,100,85.25,100,0,0,25,0,25,33
1.8,13,34.75,100,85.5,100,-1,0,25,0.5,25,33
1.8,13,34.75,100,85.5,100,0,0,25,0,25,33
1.8,13,34.75,100,86,100,0,0,25,1,25,33
1.8,13,34.75,100,86,100,0,0,25,0,25,33
1.8,12.5,34.75,100,86.25,100,-1,0,25,0.5,25,33
1.8,12.5,34.75,100,86.25,100,0,0,25,0,25,33
1.8,12.5,34.75,100,86.25,100,0,0,25,0,25,33
1.8,12.5,34.75,100,86.25,100,0,0,25,0,25,33
1.8,12.5,34.75,100,86.5,100,0,0,25,0.5,25,33
1.8,12.25,34.75,100,86.5,100,-0.5,0,25,0,25,33
1.8,11.75,34.75,100,87,100,-1,0,25,1,25,33
1.8,11.5,34.75,100,87,100,-0.5,0,25,0,25,33
1.8,11.5,34.75,100,87,100,0,0,25,0,25,33
1.8,11.25,34.75,100,87,100,-0.5,0,25,0,25,33
1.8,11.25,34.75,100,87,100,0,0,25,0,25,33
1.8,11,34.75,100,87,100,-0.5,0,25,0,25,33
1.8,10.75,34.75,100,87,100,-0.5,0,25,0,25,33
1.8,10,34.75,100,87,100,-1.5,0,25,0,25,33
1.8,9.25,34.75,100,87,100,-1.5,0,25,0,25,33
1.8,8,34.75,100,87,100,-2.5,0,25,0,25,33
1.8,6.75,34.75,100,87.25,100,-2.5,0,25,0.5,25,33
1.8,4.5,33.75,100,88.25,100,-4.5,-2,25,2,25,35
1.8,1.75,32.75,100,89.25,100,-5.5,-2,25,2,25,35
1.8,57.75,31.75,100,1.5,100,-7,-2,25,6.5,25,35
1.8,54.75,30.75,100,4.25,100,-6,-2,25,5.5,25,35
1.8,52.25,29.75,100,6.75,100,-5,-2,25,5,25,35
3.15,49.75,28.75,28.75,9.75,88.75,-5,-2,-2,6,2,35
4.5,47.75,47.75,27.75,13.25,89.75,-4,-4,-2,7,2,35
5.4,51.5,45.75,26.75,35.25,90.75,-2.5,-4,-2,8,2,35
5.4,50,44,25.75,38.75,91.75,-3,-3.5,-2,7,2,35
6.75,49,42.5,42.5,41.75,26.75,-2,-3,-3,6,10,35
8.1,48,48,41.5,44.75,31.75,-2,-2,-2,6,10,35
9,100,46.5,40,100,36.75,25,-3,-3,25,10,35
9,100,45.5,38,100,41.25,25,-2,-4,25,9,35
9,100,44.25,36.5,100,45.25,25,-2.5,-3,25,8,35
9,100,43.25,34.5,100,48.75,25,-2,-4,25,7,35
9,100,41.75,33,100,52,25,-3,-3,25,6.5,35
9,100,40.75,32,100,54.75,25,-2,-2,25,5.5,35
9,100,39.5,31,100,57.5,25,-2.5,-2,25,5.5,35
9,100,38.5,30,100,59.75,25,-2,-2,25,4.5,35
9,100,37.5,28.75,100,62,25,-2,-2.5,25,4.5,35
9,100,36.25,27,100,64.5,25,-2.5,-3.5,25,5,35
9,100,36,26.75,100,65.5,25,-0.5,-0.5,25,2,33
9,100,35.25,26.75,100,66,25,-1.5,0,25,1,33
9,100,35,26.5,100,66.25,25,-0.5,-0.5,25,0.5,33
9,100,34.5,25.75,100,66.5,25,-1,-1.5,25,0.5,33
9,100,34.5,25.5,100,66.5,25,0,-0.5,25,0,33
9,100,34.5,25.5,100,66.75,25,0,0,25,0.5,33
9,100,34.25,25,100,67.25,25,-0.5,-1,25,1,33
9,100,34.75,26,100,66.25,25,1,2,25,-2,31
9,100,35.5,27,100,65.25,25,1.5,2,25,-2,31
9,100,37,28.75,100,63.25,25,3,3.5,25,-4,29
9,100,37,29.25,100,62.5,25,0,1,25,-1.5,31
9,100,36.75,30.25,100,61.75,25,-0.5,2,25,-1.5,31
9,100,35.25,30.25,100,62.5,25,-3,0,25,1.5,33
9,100,33.5,30.25,100,63.25,25,-3.5,0,25,1.5,33
9,100,31.75,30.25,100,63.75,25,-3.5,0,25,1,33
9,100,29.75,30.25,100,64.5,25,-4,0,25,1.5,33
9,100,27.5,30,100,64.75,25,-4.5,-0.5,25,0.5,33
9,100,25.25,30,100,65,25,-4.5,0,25,0.5,33
9,100,22.5,29,100,66.75,25,-5.5,-2,25,3.5,35
9,100,19.25,27.75,100,68,25,-6.5,-2.5,25,2.5,35
7.65,16.5,16.5,26.5,82.25,69,-5.5,-5.5,-2.5,2,2,35
7.65,14.25,14.25,26,82.75,69,-4.5,-4.5,-1,1,0,33
6.3,12.5,25,25,82.75,69.5,-3.5,-2,-2,0,1,33
6.3,11,24.25,24.25,83,70,-3,-1.5,-1.5,0.5,1,33
6.3,10.5,24,24,82,69.25,-1,-0.5,-0.5,-2,-1.5,31
5.4,10.5,23.5,6.5,81,100,0,-1,-0.5,-2,25,31
5.4,11.5,24,7.75,79,100,2,1,2.5,-4,25,29
5.4,13.25,25,10.25,76.5,100,3.5,2,5,-5,25,27
5.4,16.5,27.5,13.25,72.5,100,6.5,5,6,-8,25,25
5.4,20.75,31.5,17.75,67.75,100,8.5,8,9,-9.5,25,23
5.4,24.5,34,20.75,63.75,100,7.5,5,6,-8,25,25
5.4,27,35.25,22.75,61.25,75,5,2.5,4,-5,-6,27
5.4,30,37,25.25,58.25,72,6,3.5,5,-6,-6,27
5.4,31.5,37.75,27,56.5,70.5,3,1.5,3.5,-3.5,-3,29
5.4,32,37.5,27.75,55.5,69.5,1,-0.5,1.5,-2,-2,31
5.4,32.5,37,28.75,54.75,68.5,1,-1,2,-1.5,-2,31
5.4,32,35,28.25,54.75,68.75,-1,-4,-1,0,0.5,33
5.4,30,31.5,26.25,55.75,70.25,-4,-7,-4,2,3,35
5.4,28.5,29.5,25,55.75,70.25,-3,-4,-2.5,0,0,33
4.05,27.5,27.5,24,58.5,70.75,-4,-4,-2,6.5,1,33
5.4,26.5,26,23.25,56.75,71.75,-2,-3,-1.5,1,2,33
5.4,25.25,24.75,22.25,57.75,72.25,-2.5,-2.5,-2,2,1,33
6.75,23.75,23.5,23.5,58.25,66.25,-3,-2.5,-2.5,1,4.5,33
5.4,22,22.75,21.75,58.75,72.75,-3.5,-1.5,0,1,1,33
4.05,21.75,21.75,21.75,70.75,72.75,-2,-2,0,4,0,33
4.05,22.25,22.25,22.75,72.25,72,1,1,2,3,-1.5,31
5.4,18.75,23.25,23.5,56.75,71.25,-0.5,2,1.5,-2,-1.5,31
5.4,19,25.25,25.5,54.75,69.5,0.5,4,4,-4,-3.5,29
5.4,20.75,28,28.5,52.25,67.25,3.5,5.5,6,-5,-4.5,27
5.4,23,31,31.25,50,64.5,4.5,6,5.5,-4.5,-5.5,27
5.4,24.75,32.75,33,48.25,62.5,3.5,3.5,3.5,-3.5,-4,29
5.4,26.25,34.75,34.5,46.75,60.5,3,4,3,-3,-4,29
5.4,27.5,36.75,35.5,45.75,59,2.5,4,2,-2,-3,29
5.4,28.25,37.75,35.25,45.25,59,1.5,2,-0.5,-1,0,31
5.4,28.25,37.75,34.5,46,59.5,0,0,-1.5,1.5,1,33
5.4,28,37.75,34.25,46.75,60.25,-0.5,0,-0.5,1.5,1.5,33
5.4,27.25,37.75,34.25,47.75,61.25,-1.5,0,0,2,2,33
5.4,27,37.25,33.75,48.25,61.75,-0.5,-1,-1,1,1,33
5.4,26.5,36.5,33,48.75,62,-1,-1.5,-1.5,1,0.5,33
5.4,25.5,35.25,31,50,63.25,-2,-2.5,-4,2.5,2.5,35
5.4,25.5,34.5,30.25,50.25,63.25,0,-1.5,-1.5,0.5,0,33
5.4,26.25,35.25,30.25,49.25,62.25,1.5,1.5,0,-2,-2,31
5.4,27.25,35.75,29.75,48.25,61.75,2,1,-1,-2,-1,31
5.4,28.25,36,28.75,47.25,61,2,0.5,-2,-2,-1.5,31
5.4,28.75,35.75,27.25,46.75,60,1,-0.5,-3,-1,-2,31
5.4,30.75,36.25,26.75,45.75,58.25,4,1,-1,-2,-3.5,29
5.4,32.25,37,26.75,44.25,56.25,3,1.5,0,-3,-4,29
5.4,34.25,38.25,27.25,42.25,54.25,4,2.5,1,-4,-4,29
5.4,35.25,38.5,27,41.75,53.25,2,0.5,-0.5,-1,-2,31
7.65,36.25,36.25,38.75,41.75,69.75,2,2,0.5,0,-2,31
9,100,37.25,39.5,100,68.75,25,2,1.5,25,-2,31
9,100,38.25,40.5,100,67.75,25,2,2,25,-2,31
9,100,39.25,41.25,100,66.75,25,2,1.5,25,-2,31
9,100,39.75,41.5,100,65.75,25,1,0.5,25,-2,31
9,100,40.75,42,100,64.75,25,2,1,25,-2,31
9,100,41.5,42,100,63.75,25,1.5,0,25,-2,31
9,100,42.25,41.75,100,62.75,25,1.5,-0.5,25,-2,31
9,100,42.75,41.25,100,61.75,25,1,-1,25,-2,31
9,100,43,41.25,100,60.75,25,0.5,0,25,-2,31
9,100,42.75,41.5,100,59.75,25,-0.5,0.5,25,-2,31
9,100,42.75,41.25,100,58.75,25,0,-0.5,25,-2,31
9,100,43.25,40.5,100,57.75,25,1,-1.5,25,-2,31
9,100,43.5,40,100,57,25,0.5,-1,25,-1.5,31
9,100,44,39.25,100,56,25,1,-1.5,25,-2,31
9,100,44,38.5,100,55,25,0,-1.5,25,-2,31
9,100,44.5,38.25,100,54,25,1,-0.5,25,-2,31
9,100,45,38,100,53,25,1,-0.5,25,-2,31
9,100,45.25,37.75,100,52,25,0.5,-0.5,25,-2,31
9,100,45,36.75,100,52.5,25,-0.5,-2,25,1,33
9,100,44,34.75,100,53.75,25,-2,-4,25,2.5,35
9,100,43.5,34,100,53.75,25,-1,-1.5,25,0,33
9,100,41.5,32,100,54.75,25,-4,-4,25,2,35
9,100,39,30.25,100,55.75,25,-5,-3.5,25,2,35
9,100,37,29,100,56,25,-4,-2.5,25,0.5,33
9,100,35,27.5,100,56.75,25,-4,-3,25,1.5,33
9,100,33.5,26.5,100,56.25,25,-3,-2,25,-1,31
9,100,31.75,25.75,100,55.5,25,-3.5,-1.5,25,-1.5,31
9,100,29.75,25.25,100,54.5,25,-4,-1,25,-2,31
7.65,28.25,28.25,25.25,54.25,53.5,-3,-3,0,0.5,-2,31
6.3,27.25,24.75,24.75,54,52.5,-2,-1,-1,-0.5,-2,31
5.4,26.5,24.25,40.5,54,47.5,-1.5,-1,2,0,-2,31
4.05,23.25,23.25,41.5,50.5,46.5,-2,-2,2,-2,-2,31
2.7,22.75,42.5,42.5,49.5,46,-1,2,2,-2,-1,31
1.8,21.75,43.5,100,48.5,100,-2,2,25,-2,25,31
1.8,20.25,43.5,100,48.5,100,-3,0,25,0,25,33
1.8,17.75,42.5,100,49.5,100,-5,-2,25,2,25,35
1.8,15.5,41.5,100,50.5,100,-4.5,-2,25,2,25,35
1.8,13.5,40.5,100,51.5,100,-4,-2,25,2,25,35
1.8,11.5,39.5,100,53,100,-4,-2,25,3,25,35
1.8,9.25,38.5,100,54,100,-4.5,-2,25,2,25,35
1.8,7,37.5,100,55.5,100,-4.5,-2,25,3,25,35
1.8,4.5,36.5,100,57.5,100,-5,-2,25,4,25,35
1.8,3.5,36.5,100,58.25,100,-2,0,25,1.5,25,33
1.8,3,36.5,100,59.5,100,-1,0,25,2.5,25,33
1.8,2,35.5,100,61.75,100,-2,-2,25,4.5,25,35
1.8,0.5,34.5,100,63.5,100,-3,-2,25,3.5,25,35
1.8,92.75,33.5,100,0.5,100,-2.5,-2,25,2,25,35
1.8,91.75,32.5,100,1.75,100,-2,-2,25,2.5,25,35
1.8,90.75,31.5,100,3,100,-2,-2,25,2.5,25,35
1.8,89.75,30.5,100,4,100,-2,-2,25,2,25,35
1.8,88.75,29.5,100,5,100,-2,-2,25,2,25,35
1.8,87.75,28.5,100,6.25,100,-2,-2,25,2.5,25,35
1.8,86.25,27.5,100,7.25,100,-3,-2,25,2,25,35
1.8,85.25,26.5,100,8.75,100,-2,-2,25,3,25,35
3.15,84.25,25.5,25.5,9.75,87.25,-2,-2,-2,2,2,35
4.5,83.25,83.25,24.5,11.25,88.25,-2,-2,-2,3,2,35
5.4,73.5,82.25,23.5,22.75,89.25,-3,-2,-2,2,2,35
5.4,71.5,81,22.5,23.75,90.25,-4,-2.5,-2,2,2,35
5.4,69,80,21.5,25.25,91.25,-5,-2,-2,3,2,35
5.4,66,79,20.5,26.75,92.25,-6,-2,-2,3,2,35
5.4,62.5,78,19.5,28.75,93.25,-7,-2,-2,4,2,35
5.4,58.5,77,18.5,31,94.25,-8,-2,-2,4.5,2,35
5.4,54,76,17.5,33.5,95.25,-9,-2,-2,5,2,35
5.4,49,75,16.5,36,96.25,-10,-2,-2,5,2,35
5.4,43.5,74,15.5,38.75,97.25,-11,-2,-2,5.5,2,35
5.4,37.5,73,14.5,41,98.25,-12,-2,-2,4.5,2,35
5.4,31,72,13.5,43.25,99.25,-13,-2,-2,4.5,2,35
5.4,24,71,12,45,100,-14,-2,-3,3.5,25,35
5.4,16.75,70,11,46.25,100,-14.5,-2,-2,2.5,25,35
5.4,9.25,69,10,48,100,-15,-2,-2,3.5,25,35
5.4,1.5,68,9,50.25,100,-15.5,-2,-2,4.5,25,35
5.4,55.25,67,8,6,100,-4,-2,-2,15,25,35
5.4,53.75,66,7,13,100,-3,-2,-2,14,25,35
5.4,52.5,65,6,19.5,100,-2.5,-2,-2,13,25,35
5.4,51.25,64,5,25.5,100,-2.5,-2,-2,12,25,35
5.4,49.75,63,4,31,100,-3,-2,-2,11,25,35
5.4,48.5,62,3,36,100,-2.5,-2,-2,10,25,35
5.4,47.25,61,2,40.5,100,-2.5,-2,-2,9,25,35
5.4,46.25,60,1,44.5,100,-2,-2,-2,8,25,35
5.4,44.75,59,0,48,100,-3,-2,-2,7,25,35
5.4,43.5,58,92.5,51,1,-2.5,-2,-3.5,6,2,35
5.4,41.75,57,90.5,53.5,2,-3.5,-2,-4,5,2,35
5.4,39.75,56,89,55.5,3,-4,-2,-3,4,2,35
5.4,37.75,55,87,57,4,-4,-2,-4,3,2,35
5.4,35.25,54,84.75,58.75,5,-5,-2,-4.5,3.5,2,35
5.4,33.25,53,83,60.75,6,-4,-2,-3.5,4,2,35
5.4,31.75,52,81,62.25,7.5,-3,-2,-4,3,3,35
4.05,51,51,79.5,97.25,8.5,-2,-2,-3,2,2,35
2.7,50,78.5,78.5,98.25,10,-2,-2,-2,2,3,35
1.8,49,77.5,100,99.25,100,-2,-2,25,2,25,35
1.8,48,76,100,100,100,-2,-3,25,25,25,35
1.8,47,74.25,100,100,100,-2,-3.5,25,25,25,35
1.8,46,72.25,100,100,100,-2,-4,25,25,25,35
1.8,45,70,100,100,100,-2,-4.5,25,25,25,35
1.8,44,68.25,100,100,100,-2,-3.5,25,25,25,35
1.8,43,66.25,100,100,100,-2,-4,25,25,25,35
1.8,42,64.5,100,100,100,-2,-3.5,25,25,25,35
1.8,41,62.5,100,100,100,-2,-4,25,25,25,35
1.8,40,60,100,100,100,-2,-5,25,25,25,35
1.8,39,57.75,100,100,100,-2,-4.5,25,25,25,35
1.8,38,55.75,100,100,100,-2,-4,25,25,25,35
1.8,37,54.25,100,100,100,-2,-3,25,25,25,35
1.8,36,52.25,100,100,100,-2,-4,25,25,25,35
1.8,35,49.75,100,100,100,-2,-5,25,25,25,35
1.8,34,46.75,100,100,100,-2,-6,25,25,25,35
1.8,33,43.25,100,100,100,-2,-7,25,25,25,35
1.8,32,39.25,100,100,100,-2,-8,25,25,25,35
1.8,31,34.75,100,100,100,-2,-9,25,25,25,35
1.8,31,30.75,100,100,100,0,-8,25,25,25,33
1.8,30,25.25,100,100,100,-2,-11,25,25,25,35
1.8,29,19.25,100,100,100,-2,-12,25,25,25,35
3.15,28,12.75,12.75,100,88,-2,-13,-13,25,2,35
4.5,27,27,5.75,100,89,-2,-2,-14,25,2,35
5.4,30,26,34.25,60.75,1.75,-3,-2,-10.5,3.5,15,35
6.75,28.5,25,25,63,100,-3,-2,-2,4.5,25,35
8.1,26.5,26.5,24,65.25,100,-4,-4,-2,4.5,25,35
8.1,25,25,24,66.75,100,-3,-3,0,3,25,33
8.1,22,22,23,68.75,100,-6,-6,-2,4,25,35
8.1,19.5,19.5,23,69.75,100,-5,-5,0,2,25,33
8.1,16.5,16.5,23,71,100,-6,-6,0,2.5,25,33
6.75,13,23,23,72.5,100,-7,0,0,3,25,33
6.75,8,22,22,75.5,100,-10,-2,-2,6,25,35
5.4,3.25,21,12.75,78.5,71.25,-9.5,-2,-3,6,14,35
5.4,52.75,20,11.75,1,77.75,-8.5,-2,-2,8.5,13,35
5.4,48.25,19,10.75,4.75,83.75,-9,-2,-2,7.5,12,35
6.75,43.25,18,18,9,100,-10,-2,-2,8.5,25,35
6.75,39.25,18,18,12.75,100,-8,0,0,7.5,25,33
8.1,35,35,17.75,17,100,-8.5,-8.5,-0.5,8.5,25,33
8.1,31.75,31.75,18.75,20.75,100,-6.5,-6.5,2,7.5,25,31
8.1,29.25,29.25,20.25,24,100,-5,-5,3,6.5,25,29
8.1,27.25,27.25,22.25,27.75,100,-4,-4,4,7.5,25,29
8.1,25.25,25.25,24.25,32,100,-4,-4,4,8.5,25,29
6.75,23.5,25.75,25.75,36.25,100,-3.5,3,3,8.5,25,29
5.4,21.75,27,19.75,40,96.25,-3.5,2.5,4,7.5,-3,29
5.4,21,29.5,22.75,42.25,93.25,-1.5,5,6,4.5,-6,27
5.4,20.75,32,25.25,44.25,90.25,-0.5,5,5,4,-6,27
5.4,20.75,34.25,28.25,46.25,87.25,0,4.5,6,4,-6,27
5.4,21,36,31.25,48.75,84.25,0.5,3.5,6,5,-6,27
5.4,19.75,37,33.25,51.75,82.25,-2.5,2,4,6,-4,29
5.4,17.75,36.75,34,55.25,81.25,-4,-0.5,1.5,7,-2,31
5.4,14.25,35.75,34,59.25,81.25,-7,-2,0,8,0,33
5.4,10.25,33.25,33,64,82.25,-8,-5,-2,9.5,2,35
5.4,6.75,30.5,31.5,68.75,83.25,-7,-5.5,-3,9.5,2,35
4.05,27.5,27.5,30.5,100,84.25,-6,-6,-2,25,2,35
2.7,25,29.5,29.5,100,85.25,-5,-2,-2,25,2,35
4.05,23,23,28,100,86.25,-4,-4,-3,25,2,35
5.4,78.75,21,27,7.75,87.25,-3.5,-4,-2,6.5,2,35
6.75,77.5,19.25,19.25,10.5,100,-2.5,-3.5,-3.5,5.5,25,35
8.1,76.5,76.5,18,13.75,100,-2,-2,-2.5,6.5,25,35
9,100,75,16.25,100,100,25,-3,-3.5,25,25,35
9,100,73.75,14.75,100,100,25,-2.5,-3,25,25,35
9,100,72.75,12.75,100,100,25,-2,-4,25,25,35
9,100,71.75,10.5,100,100,25,-2,-4.5,25,25,35
9,100,70.5,8.75,100,100,25,-2.5,-3.5,25,25,35
9,100,69.5,7.5,100,100,25,-2,-2.5,25,25,35
9,100,68,6.25,100,100,25,-3,-2.5,25,25,35
9,100,66,4.5,100,100,25,-4,-3.5,25,25,35
9,100,63.5,2.25,100,100,25,-5,-4.5,25,25,35
9,100,60.5,0.5,100,100,25,-6,-3.5,25,25,35
9,100,57,82.75,100,1.5,25,-7,-2,25,4,35
9,100,53,81.75,100,3.25,25,-8,-2,25,3.5,35
9,100,48.5,80.5,100,4.5,25,-9,-2.5,25,2.5,35
9,100,43.5,79.5,100,6.25,25,-10,-2,25,3.5,35
9,100,38,78.5,100,7.75,25,-11,-2,25,3,35
7.65,32,32,77.5,82.25,8.75,-12,-12,-2,4,2,35
6.3,25.5,76,76,83.75,10.25,-13,-3,-3,3,3,35
5.4,18.5,75,7,84.75,100,-14,-2,-2,2,25,35
5.4,11,73.5,6,85.75,100,-15,-3,-2,2,25,35
5.4,3,71.5,5,86.75,100,-16,-4,-2,2,25,35
5.4,38.25,69,4,5.25,100,-7,-5,-2,16.5,25,35
5.4,35.25,66,3,13,100,-6,-6,-2,15.5,25,35
5.4,32.75,62.5,2,21.25,100,-5,-7,-2,16.5,25,35
5.4,30.75,58.5,1,29.5,100,-4,-8,-2,16.5,25,35
5.4,29.25,54,0,37.25,100,-3,-9,-2,15.5,25,35
5.4,28.25,49,98.5,44.5,1,-2,-10,-2,14.5,2,35
5.4,27.25,43.5,97.5,51.25,2,-2,-11,-2,13.5,2,35
5.4,26.25,37.5,96.5,57.5,3,-2,-12,-2,12.5,2,35
5.4,25.25,31,95.5,63.25,4,-2,-13,-2,11.5,2,35
5.4,24.25,24,94.5,68.5,5,-2,-14,-2,10.5,2,35
6.75,22.75,16.5,16.5,73.25,67.75,-3,-15,-15,9.5,9,35
8.1,21.5,21.5,8.75,77.5,71.75,-2.5,-2.5,-15.5,8.5,8,35
8.1,19.75,19.75,1.25,81.25,75.5,-3.5,-3.5,-15,7.5,7.5,35
6.75,17.75,53.5,53.5,84.5,6.75,-4,-4.5,-4.5,6.5,16,35
5.4,16.25,51.75,89.5,87.25,10,-3,-3.5,-2,5.5,2,35
4.05,50.5,50.5,88.5,24.25,11,-2.5,-2.5,-2,18,2,35
2.7,49,87.5,87.5,32.75,12.5,-3,-2,-2,17,3,35
1.8,48,86.5,100,40.75,100,-2,-2,25,16,25,35
1.8,47,85.5,100,48.25,100,-2,-2,25,15,25,35
1.8,46,84.5,100,55.25,100,-2,-2,25,14,25,35
1.8,45,83.5,100,61.75,100,-2,-2,25,13,25,35
1.8,44,82.5,100,67.75,100,-2,-2,25,12,25,35
1.8,43,81.5,100,73.25,100,-2,-2,25,11,25,35
1.8,42,80.5,100,78.25,100,-2,-2,25,10,25,35
1.8,41,79.5,100,82.75,100,-2,-2,25,9,25,35
1.8,40,78.5,100,86.75,100,-2,-2,25,8,25,35
1.8,39,77.5,100,90.25,100,-2,-2,25,7,25,35
1.8,37.75,76.5,100,93.25,100,-2.5,-2,25,6,25,35
1.8,36.75,75.5,100,95.75,100,-2,-2,25,5,25,35
1.8,35.25,74.5,100,97.75,100,-3,-2,25,4,25,35
1.8,33.75,73.5,100,99.25,100,-3,-2,25,3,25,35
1.8,32.75,72.5,100,100,100,-2,-2,25,25,25,35
1.8,31.75,71.5,100,100,100,-2,-2,25,25,25,35
1.8,30.25,70.5,100,100,100,-3,-2,25,25,25,35
1.8,29.25,69.25,100,100,100,-2,-2.5,25,25,25,35
1.8,28.25,67.75,100,100,100,-2,-3,25,25,25,35
1.8,27.25,66.25,100,100,100,-2,-3,25,25,25,35
1.8,26.25,65,100,100,100,-2,-2.5,25,25,25,35
1.8,24.75,63.5,100,100,100,-3,-3,25,25,25,35
1.8,23.75,62,100,100,100,-2,-3,25,25,25,35
1.8,22.75,60.75,100,100,100,-2,-2.5,25,25,25,35
1.8,21.75,59.25,100,100,100,-2,-3,25,25,25,35
1.8,20.25,57.25,100,100,100,-3,-4,25,25,25,35
1.8,18.5,55.5,100,100,100,-3.5,-3.5,25,25,25,35
1.8,16.5,53.75,100,100,100,-4,-3.5,25,25,25,35
1.8,14,51.75,100,100,100,-5,-4,25,25,25,35
1.8,11,50,100,100,100,-6,-3.5,25,25,25,35
1.8,8,48,100,100,100,-6,-4,25,25,25,35
1.8,4.5,45.75,100,100,100,-7,-4.5,25,25,25,35
1.8,1.5,43.75,100,100,100,-6,-4,25,25,25,35
1.8,82,41.5,100,1.5,100,-7.5,-4.5,25,6,25,35
1.8,78.25,39.5,100,4.25,100,-7.5,-4,25,5.5,25,35
1.8,74,37,100,7.5,100,-8.5,-5,25,6.5,25,35
3.15,69.75,34,34,10.5,97.75,-8.5,-6,-6,6,2,35
4.5,66,66,30.5,14,98.75,-7.5,-7.5,-7,7,2,35
5.4,29,62.75,27.5,65.5,99.75,-3.5,-6.5,-6,3,2,35
5.4,27.25,60,24,66.75,100,-3.5,-5.5,-7,2.5,25,35
5.4,26,57.75,20,67.75,100,-2.5,-4.5,-8,2,25,35
5.4,24.75,55,15.5,68.75,100,-2.5,-5.5,-9,2,25,35
5.4,23.5,52.75,11,69.75,100,-2.5,-4.5,-9,2,25,35
5.4,22.5,51,6,70.75,100,-2,-3.5,-10,2,25,35
5.4,21.5,49,0.5,71.75,100,-2,-4,-11,2,25,35
5.4,20.5,47.5,58.25,72.75,5.5,-2,-3,-6,2,12,35
4.05,45.5,45.5,55.75,61.5,11.25,-4,-4,-5,11.5,11.5,35
2.7,44,53.75,53.75,66.75,17.5,-3,-4,-4,10.5,12.5,35
1.8,42.5,51.25,100,71.5,100,-3,-5,25,9.5,25,35
1.8,41.5,49.25,100,75.75,100,-2,-4,25,8.5,25,35
1.8,40.5,47.75,100,79.5,100,-2,-3,25,7.5,25,35
1.8,39,46,100,82.75,100,-3,-3.5,25,6.5,25,35
1.8,38,44.5,100,85.5,100,-2,-3,25,5.5,25,35
1.8,37,43,100,87.75,100,-2,-3,25,4.5,25,35
1.8,35.5,41.25,100,89.5,100,-3,-3.5,25,3.5,25,35
1.8,34.5,39,100,90.75,100,-2,-4.5,25,2.5,25,35
1.8,33.5,36.5,100,91.75,100,-2,-5,25,2,25,35
1.8,33.5,35,100,91.75,100,0,-3,25,0,25,33
1.8,33.5,33.75,100,91.75,100,0,-2.5,25,0,25,33
1.8,33.5,32.5,100,91.75,100,0,-2.5,25,0,25,33
1.8,34.25,32.5,100,90.75,100,1.5,0,25,-2,25,31
3.15,34.75,32.5,32.5,89.75,84.25,1,0,0,-2,0.5,31
4.5,35.75,35.75,33,88.75,84,2,2,1,-2,-0.5,31
5.4,46,36.75,33.5,18,83.25,0.5,2,1,5,-1.5,31
5.4,45,36.5,33.5,22,83.25,-2,-0.5,0,8,0,33
5.4,43,35.5,32,27,84.25,-4,-2,-3,10,2,35
6.75,41.5,34,34,32.5,89.75,-3,-3,-3,11,2,35
8.1,40.5,40.5,33,38.25,90.75,-2,-2,-2,11.5,2,35
9,100,39.25,32,100,91.75,25,-2.5,-2,25,2,35
9,100,38.25,31,100,92.75,25,-2,-2,25,2,35
9,100,37,29.5,100,93.75,25,-2.5,-3,25,2,35
9,100,36,28.5,100,94.75,25,-2,-2,25,2,35
9,100,36,28.5,100,94.75,25,0,0,25,0,33
9,100,36.75,29.25,100,93.75,25,1.5,1.5,25,-2,31
9,100,37.75,30.25,100,92.75,25,2,2,25,-2,31
9,100,38.75,31.25,100,91.75,25,2,2,25,-2,31
9,100,39.75,32.25,100,90.75,25,2,2,25,-2,31
9,100,39.5,32.25,100,90.75,25,-0.5,0,25,0,33
9,100,39.5,32.25,100,90.75,25,0,0,25,0,33
9,100,39.25,32.25,100,90.75,25,-0.5,0,25,0,33
9,100,39,32.25,100,90.75,25,-0.5,0,25,0,33
9,100,37.25,31.25,100,91.75,25,-3.5,-2,25,2,35
9,100,37,31.25,100,91.75,25,-0.5,0,25,0,33
9,100,37,31.25,100,91.75,25,0,0,25,0,33
9,100,36,30.25,100,92.75,25,-2,-2,25,2,35
9,100,35,29.25,100,93.75,25,-2,-2,25,2,35
9,100,35,29.25,100,93.75,25,0,0,25,0,33
9,100,34.75,29.25,100,93.75,25,-0.5,0,25,0,33
9,100,34.25,29.25,100,93.75,25,-1,0,25,0,33
9,100,34.25,30.25,100,92.75,25,0,2,25,-2,31
9,100,34.25,31.25,100,91.75,25,0,2,25,-2,31
9,100,35.25,33.25,100,89.75,25,2,4,25,-4,29
9,100,36.5,35.25,100,87.75,25,2.5,4,25,-4,29
9,100,36.5,36.25,100,86.75,25,0,2,25,-2,31
9,100,36,37.25,100,85.75,25,-1,2,25,-2,31
9,100,34.25,37.25,100,85.75,25,-3.5,0,25,0,33
9,100,32,36.25,100,86.75,25,-4.5,-2,25,2,35
7.65,29.25,29.25,35.25,78.25,87.75,-5.5,-5.5,-2,3.5,2,35
6.3,27,34.25,34.25,79.5,88.75,-4.5,-2,-2,2.5,2,35
5.4,25.25,32.75,58.25,80.5,39,-3.5,-3,-2.5,2,3,35
4.05,31.75,31.75,57.25,90.75,40,-2,-2,-2,2,2,35
2.7,30.75,56.25,56.25,91.75,41.5,-2,-2,-2,2,3,35
1.8,29.5,55.25,100,92.75,100,-2.5,-2,25,2,25,35
1.8,28.5,54.25,100,93.75,100,-2,-2,25,2,25,35
1.8,27.5,53.25,100,94.75,100,-2,-2,25,2,25,35
1.8,26.25,52.25,100,95.75,100,-2.5,-2,25,2,25,35
1.8,25.25,50.75,100,96.75,100,-2,-3,25,2,25,35
1.8,24.25,49.75,100,97.75,100,-2,-2,25,2,25,35
1.8,23.25,48.75,100,98.75,100,-2,-2,25,2,25,35
1.8,22.25,47.75,100,99.75,100,-2,-2,25,2,25,35
1.8,21.25,46.25,100,100,100,-2,-3,25,25,25,35
1.8,20.25,45.25,100,100,100,-2,-2,25,25,25,35
