5.4,97,37,100,100,100,25,25,-13,-3,25,25
5.4,89,34,100,100,100,25,27,-16,-6,25,25
5.4,79.75,29.5,100,100,100,25,29,-18.5,-9,25,25
5.4,70,23.5,100,100,100,25,31,-19.5,-12,25,25
5.4,59.75,16,100,100,94,-13,33,-20.5,-15,25,25
5.4,49,7,100,100,87,-14,35,-21.5,-18,25,25
5.4,38.75,8.5,100,2.5,80.25,-13.5,35,-20.5,-14,25,19
5.4,29,2,100,12.5,73.25,-14,35,-19.5,-13,25,20
4.05,66,100,100,4,66,-14.5,35,-14.5,25,25,12
2.7,59,100,100,10.5,100,25,35,-14,25,25,13
1.8,52.5,100,100,100,100,25,35,-13,25,25,25
1.8,45.75,100,100,100,100,25,35,-13.5,25,25,25
1.8,38.5,100,100,100,100,25,35,-14.5,25,25,25
1.8,31.5,100,100,100,100,25,35,-14,25,25,25
1.8,25,100,100,100,100,25,35,-13,25,25,25
1.8,18.75,100,100,100,100,25,35,-12.5,25,25,25
1.8,12.5,100,100,100,100,25,35,-12.5,25,25,25
1.8,6.75,100,100,100,100,25,35,-11.5,25,25,25
1.8,1.5,100,100,100,100,25,35,-10.5,25,25,25
1.8,72.75,100,4,100,100,25,35,-4.5,25,11,25
1.8,71,100,9,100,100,25,35,-3.5,25,10,25
1.8,69.75,100,13.5,100,99.5,-2,35,-2.5,25,9,25
1.8,68.75,100,17.5,100,98.5,-2,35,-2,25,8,25
1.8,67.5,100,21,100,97.5,-2,35,-2.5,25,7,25
1.8,66,100,24,100,96.5,-2,35,-3,25,6,25
1.8,65,100,26.5,100,95.5,-2,35,-2,25,5,25
1.8,64,100,28.5,100,94.5,-2,35,-2,25,4,25
1.8,63,100,30,100,93.5,-2,35,-2,25,3,25
1.8,61.5,100,31.5,100,92.5,-2,35,-3,25,3,25
1.8,60.5,100,33.5,100,91.25,-2.5,35,-2,25,4,25
1.8,59.5,100,35,100,89.75,-3,35,-2,25,3,25
1.8,58.5,100,37,100,88.25,-3,35,-2,25,4,25
1.8,57.5,100,38.5,100,87.25,-2,35,-2,25,3,25
1.8,56.25,100,40.25,100,86.25,-2,35,-2.5,25,3.5,25
1.8,54.75,100,41.5,100,85,-2.5,35,-3,25,2.5,25
1.8,53,100,43,100,83.5,-3,35,-3.5,25,3,25
1.8,51.5,100,45,100,82.25,-2.5,35,-3,25,4,25
1.8,49.5,100,46.5,100,80.5,-3.5,35,-4,25,3,25
1.8,47,100,48.5,100,78.25,-4.5,35,-5,25,4,25
1.8,44.75,100,50,100,75.5,-5.5,35,-4.5,25,3,25
1.8,42.25,100,52,100,72.25,-6.5,35,-5,25,4,25
1.8,39.25,100,53.5,100,68.5,-7.5,35,-6,25,3,25
1.8,36.25,100,55,100,64.25,-8.5,35,-6,25,3,25
1.8,33.25,100,56,100,59.5,-9.5,35,-6,25,2,25
1.8,31,100,56.25,100,55.25,-8.5,33,-4.5,25,0.5,25
1.8,27.25,100,57.5,100,49.5,-11.5,35,-7.5,25,2.5,25
1.8,25,100,58,100,44.25,-10.5,33,-4.5,25,1,25
1.8,23.25,100,57.75,100,39.5,-9.5,31,-3.5,25,-0.5,25
1.8,22.5,100,57,100,35.25,-8.5,29,-1.5,25,-1.5,25
1.8,22,100,56.25,100,29,-19,29,-1,25,-1.5,25
1.8,22.5,100,54.75,100,20.5,-17,27,1,25,-3,25
3.15,22.5,12,53,100,12,-17,27,0,-17,-3.5,25
4.5,22.75,3.5,51.5,100,22.75,0.5,27,0.5,-17,-3,25
5.4,20,10.5,16.5,5,23.5,1.5,27,-8,-11.5,-1.5,17
5.4,14.5,3.25,17.25,14.5,23.75,0.5,29,-11,-14.5,1.5,19
5.4,8.5,32.75,19.5,5.5,23.25,-1,31,-12,-7.5,4.5,17.5
5.4,1.5,28.5,23.25,15.5,22.25,-2,33,-14,-8.5,7.5,20
6.75,64.5,20.75,5,53.75,20.75,-3,33,-0.5,-3,13,3
8.1,64.5,19,12,54.75,64.5,0,33,0,-3.5,14,2
9,100,17.75,100,55.75,64.5,0,33,25,-2.5,25,2
9,100,15,100,57.75,63.5,-2,35,25,-5.5,25,4
9,100,12.25,100,59.5,62.5,-2,35,25,-5.5,25,3.5
9,100,9.25,100,61.25,61.5,-2,35,25,-6,25,3.5
9,100,6.5,100,63.25,60.5,-2,35,25,-5.5,25,4
9,100,3.5,100,65,59.5,-2,35,25,-6,25,3.5
9,100,0.25,100,66.75,58.5,-2,35,25,-6.5,25,3.5
9,100,78.25,100,2.5,57.5,-2,35,25,-2,25,5.5
9,100,77.25,100,4.75,56.5,-2,35,25,-2,25,4.5
9,100,76.25,100,7.5,55.5,-2,35,25,-2,25,5.5
7.65,54.5,75.25,88.5,10.75,54.5,-2,35,-2,-2,9.5,6.5
6.3,53.5,73.75,92.75,14.5,73.75,-3,35,-2,-3,8.5,7.5
5.4,52.5,97.5,96.5,0.75,72,-3.5,35,-2,-2,7.5,2.5
5.4,51.5,96.5,99.75,1.75,70.5,-3,35,-2,-2,6.5,2
5.4,50.5,95.5,100,2.75,68.75,-3.5,35,-2,-2,25,2
5.4,49.5,94.5,100,3.75,67.5,-2.5,35,-2,-2,25,2
5.4,48.5,93.5,100,4.75,65.75,-3.5,35,-2,-2,25,2
5.4,47.5,92.5,100,5.75,64,-3.5,35,-2,-2,25,2
5.4,46.5,91.5,100,6.75,62,-4,35,-2,-2,25,2
5.4,45.5,90.25,100,8,60,-4,35,-2,-2.5,25,2.5
4.05,57.5,88.5,65.25,9,57.5,-5,35,-5,-3.5,11.5,2
2.7,55,86.25,70.5,10.5,86.25,-4.5,35,-5,-4.5,10.5,3
1.8,52,100,75.25,100,83.5,-5.5,35,-6,25,9.5,25
1.8,48.5,100,79.5,100,80.25,-6.5,35,-7,25,8.5,25
1.8,44.5,100,83.25,100,76.5,-7.5,35,-8,25,7.5,25
1.8,40,100,86.5,100,72.25,-8.5,35,-9,25,6.5,25
1.8,35,100,89.25,100,67.5,-9.5,35,-10,25,5.5,25
1.8,29.5,100,91.5,100,62.25,-10.5,35,-11,25,4.5,25
1.8,23.5,100,93.25,100,56.5,-11.5,35,-12,25,3.5,25
1.8,17,100,94.5,100,50.25,-12.5,35,-13,25,2.5,25
1.8,10,100,95.5,100,43.5,-13.5,35,-14,25,2,25
1.8,2.5,100,96.5,100,36.25,-14.5,35,-15,25,2,25
3.15,37,28.5,5.5,57.5,28.5,-15.5,35,-8.5,-15.5,16,11.5
4.5,33.25,20.25,14,62.75,33.25,-7.5,35,-7.5,-16.5,17,10.5
4.5,31,12.5,22,66.5,31,-4.5,33,-4.5,-15.5,16,7.5
4.5,30.25,5.25,28.5,68.75,30.25,-1.5,31,-1.5,-14.5,13,4.5
5.4,33.5,33.75,100,2.5,30,-0.5,31,2,-8,25,15.5
6.75,34.5,30.25,100,40.5,30.25,0.5,31,2,0.5,25,11.5
8.1,35.5,31,100,45.75,35.5,2,31,2,1.5,25,10.5
9,100,32,100,50.5,36.5,2,31,25,2,25,9.5
9,100,33,100,54.75,37.5,2,31,25,2,25,8.5
9,100,34,100,58.5,38.5,2,31,25,2,25,7.5
7.65,39.5,35,100,61.75,39.5,2,31,2,2,25,6.5
6.3,40.5,36,100,64.5,36,2,31,2,2,25,5.5
5.4,41.5,3.25,100,60.75,37,2,31,2,-6.5,25,11.5
4.05,38,0.5,68.5,66,38,2,31,2,-5.5,3.5,10.5
2.7,39,75,69.75,2.75,75,-2,31,2,-2,2.5,6.5
1.8,40,100,70.5,100,74.25,-1.5,31,2,25,1.5,25
1.8,41,100,70.75,100,73.75,-1,31,2,25,0.5,25
1.8,42,100,70.5,100,73.5,-0.5,31,2,25,-0.5,25
1.8,43,100,69.75,100,73.25,-0.5,31,2,25,-1.5,25
1.8,44,100,68.75,100,73,-0.5,31,2,25,-2,25
1.8,45,100,67.75,100,72.5,-1,31,2,25,-2,25
1.8,46,100,66.75,100,72.5,0,31,2,25,-2,25
1.8,47,100,65.75,100,72.5,0,31,2,25,-2,25
1.8,48,100,64.75,100,73,1,31,2,25,-2,25
1.8,49,100,63.75,100,74,2,31,2,25,-2,25
1.8,50,100,62.75,100,74.75,1.5,31,2,25,-2,25
1.8,50.75,100,61.75,100,75.75,2,31,1.5,25,-2,25
1.8,51.5,100,60.75,100,76.75,2,31,1.5,25,-2,25
1.8,51.75,100,59.75,100,77.25,1,31,0.5,25,-2,25
1.8,50.75,100,59.75,100,76.75,-1,33,-2,25,0,25
1.8,49,100,60.75,100,75,-3.5,35,-3.5,25,2,25
1.8,47.75,100,61.75,100,73.75,-2.5,35,-2.5,25,2,25
1.8,46.75,100,62.75,100,72.5,-2.5,35,-2,25,2,25
1.8,45.25,100,63.75,100,71,-3,35,-3,25,2,25
1.8,43.25,100,64.75,100,69,-4,35,-4,25,2,25
1.8,40.75,100,65.75,100,67.5,-3,35,-5,25,2,25
1.8,37.75,100,66.75,100,66.5,-2,35,-6,25,2,25
1.8,34.25,100,67.75,100,65.25,-2.5,35,-7,25,2,25
1.8,30.25,100,68.75,100,64.25,-2,35,-8,25,2,25
1.8,25.75,100,70,100,63.25,-2,35,-9,25,2.5,25
1.8,20.75,100,71,100,62.25,-2,35,-10,25,2,25
1.8,15.25,100,72,100,61.25,-2,35,-11,25,2,25
1.8,9.25,100,73,100,60.25,-2,35,-12,25,2,25
1.8,1,100,74,100,59,-2.5,35,-17,25,2,25
3.15,69.25,57.25,3.25,94.5,57.25,-3.5,35,-4,-3.5,12,2
4.5,67.75,56,9.75,95.5,67.75,-3,35,-3,-2.5,13,2
5.4,40.25,55,100,96.5,66.75,-2,35,-2,-2,25,2
5.4,39.25,53.5,100,97.5,65.75,-2,35,-2,-3,25,2
5.4,37.75,52.5,100,98.5,64.75,-2,35,-3,-2,25,2
5.4,35.75,51,100,99.5,63.75,-2,35,-4,-3,25,2
5.4,33.25,50,100,100,62.75,-2,35,-5,-2,25,25
5.4,30.25,49,100,100,61.75,-2,35,-6,-2,25,25
5.4,26.75,48,100,100,60.75,-2,35,-7,-2,25,25
5.4,22.75,47,100,100,59.75,-2,35,-8,-2,25,25
5.4,18.25,46,100,100,58.75,-2,35,-9,-2,25,25
5.4,13.25,45,100,100,57.75,-2,35,-10,-2,25,25
5.4,7.75,44,100,100,56.75,-2,35,-11,-2,25,25
5.4,1.75,43,100,100,55.75,-2,35,-12,-2,25,25
5.4,49.75,42,4.5,100,54.75,-2,35,-6,-2,12.5,25
5.4,47.25,41,11,100,53.75,-2,35,-5,-2,13,25
5.4,45.25,40,17.75,100,52.75,-2,35,-4,-2,13.5,25
5.4,43.75,39,25,100,51.75,-2,35,-3,-2,14.5,25
5.4,42.25,38,31.75,100,50.75,-2,35,-3,-2,13.5,25
5.4,40.75,37,38,100,49.75,-2,35,-3,-2,12.5,25
5.4,39,36,43.75,100,48.75,-2,35,-3.5,-2,11.5,25
5.4,36.75,35,49,100,47.75,-2,35,-4.5,-2,10.5,25
5.4,34.5,34,53.75,100,46.75,-2,35,-4.5,-2,9.5,25
5.4,31.75,33,58,100,45.75,-2,35,-5.5,-2,8.5,25
5.4,28.75,32,61.75,100,44.5,-2.5,35,-6,-2,7.5,25
5.4,26,31,65,100,43.25,-2.5,35,-5.5,-2,6.5,25
5.4,23.25,30,67.75,100,41.75,-3,35,-5.5,-2,5.5,25
5.4,20,29,70,100,40.75,-2,35,-6.5,-2,4.5,25
5.4,16.5,28,72,100,39.75,-2,35,-7,-2,4,25
5.4,13,27,73.75,100,38.75,-2,35,-7,-2,3.5,25
5.4,9.5,26,75,100,37.75,-2,35,-7,-2,2.5,25
5.4,6,25,76,100,36.5,-2.5,35,-7,-2,2,25
5.4,2,24,77,100,35.25,-2.5,35,-8,-2,2,25
5.4,46.5,23,1.5,100,33.5,-3.5,35,-19,-2,7,25
5.4,36.5,22,5.5,100,31.25,-4.5,35,-20,-2,8,25
5.4,26.75,20.75,10,100,28.5,-5.5,35,-19.5,-2.5,9,25
5.4,16.5,19.75,15,100,25.25,-6.5,35,-20.5,-2,10,25
5.4,6.75,18.75,20.5,100,21.5,-7.5,35,-19.5,-2,11,25
6.75,65,17.25,2.5,100,17.25,-8.5,35,-2,-8.5,18.5,25
8.1,64,12.5,12.25,100,64,-2,35,-2,-9.5,19.5,25
9,100,7.25,100,100,63,-2,35,25,-10.5,25,25
9,100,1,100,100,62,-2,35,25,-23.5,25,25
9,100,35,100,4.75,61,-2,35,25,-12.5,25,12.5
9,100,29.25,100,11.5,60,-2,35,25,-11.5,25,13.5
9,100,24,100,18.75,59,-2,35,25,-10.5,25,14.5
9,100,19.25,100,25.5,58,-2,35,25,-9.5,25,13.5
9,100,15,100,32.5,57,-2,35,25,-8.5,25,14
9,100,11.25,100,39.25,56,-2,35,25,-7.5,25,13.5
9,100,8,100,46.5,55,-2,35,25,-6.5,25,14.5
9,100,5.25,100,53.5,54,-2,35,25,-5.5,25,14
9,100,3,100,60.25,53,-2,35,25,-4.5,25,13.5
9,100,1.25,100,67.5,52,-2,35,25,-3.5,25,14.5
9,100,0,100,74.25,51,-2,35,25,-2.5,25,13.5
9,100,100,100,1,50,-2,35,25,25,25,2
9,100,100,100,2,49,-2,35,25,25,25,2
9,100,100,100,3,48,-2,35,25,25,25,2
9,100,100,100,4,47,-2,35,25,25,25,2
9,100,100,100,5,46,-2,35,25,25,25,2
9,100,100,100,6,45,-2,35,25,25,25,2
9,100,99.5,100,7,44,-2,35,25,-4,25,2
9,100,97,100,8,43,-2,35,25,-5,25,2
7.65,42,94,100,9,42,-2,35,-2,-6,25,2
6.3,41,90.5,100,10.5,90.5,-7,35,-2,-7,25,3
5.4,40,48.5,100,21.25,86.5,-8,35,-2,-3,25,3
5.4,39,47,100,22.75,82,-9,35,-2,-3,25,3
5.4,38,46,100,23.75,77,-10,35,-2,-2,25,2
5.4,36.5,44.75,100,24.75,71.5,-11,35,-3,-2.5,25,2
4.05,65.5,43.75,25.5,26,65.5,-12,35,-12,-2,8,2.5
2.7,56,42.75,29,27.75,42.75,-2,35,-23.5,-2,7,3.5
1.8,43.75,100,32,100,41.75,-2,35,-24.5,25,6,25
1.8,31.25,100,35.5,100,40.25,-3,35,-25,25,7,25
1.8,18.75,100,38.5,100,39,-2.5,35,-25,25,6,25
1.8,6.25,100,42,100,37.25,-3.5,35,-25,25,7,25
1.8,21.5,100,6,100,35,-4.5,35,-15,25,24.5,25
1.8,13.5,100,18.75,100,32.25,-5.5,35,-16,25,25.5,25
1.8,6,100,31,100,29,-6.5,35,-15,25,24.5,25
1.8,77.25,100,1,100,25.25,-7.5,35,-2,25,14,25
3.15,75.75,21,7.5,54,21,-8.5,35,-3,-8.5,13,5.5
4.5,73.75,16.25,14.5,57,73.75,-4,35,-4,-9.5,14,6
5.4,45.5,11,2.5,59.5,71.75,-4,35,-7,-10.5,11.5,5
5.4,42.5,5.25,8.5,62.5,70.25,-3,35,-6,-11.5,12,6
5.4,40,45.25,14,1,68.75,-3,35,-5,-10,11,12.5
5.4,38,40.75,19.75,7.75,67.75,-2,35,-4,-9,11.5,13.5
5.4,36.5,36.75,25.75,14.25,66.25,-3,35,-3,-8,12,13
5.4,35.5,33.25,31.75,21,65,-2.5,35,-2,-7,12,13.5
5.4,34.5,30.25,38.25,27.25,64,-2,35,-2,-6,13,12.5
5.4,33.5,27.75,44.25,34,63,-2,35,-2,-5,12,13.5
5.4,32.5,25.75,49.75,40.25,61.5,-3,35,-2,-4,11,12.5
5.4,31.5,24.25,54.75,47,60.5,-2,35,-2,-3,10,13.5
5.4,30.5,22.25,59.25,53.25,59.5,-2,35,-2,-4,9,12.5
5.4,29.5,20.75,63.25,59,58.5,-2,35,-2,-3,8,11.5
5.4,28.5,18.75,66.75,64.25,57.5,-2,35,-2,-4,7,10.5
5.4,27.5,17.25,69.75,69,56.25,-2.5,35,-2,-3,6,9.5
5.4,26.5,15.75,72.25,73.25,55.25,-2,35,-2,-3,5,8.5
5.4,25.5,14.75,74.25,77,54.25,-2,35,-2,-2,4,7.5
5.4,24.5,13.25,75.75,80.25,53,-2.5,35,-2,-3,3,6.5
5.4,23.5,12.25,76.75,83,51.25,-3.5,35,-2,-2,2,5.5
5.4,22.5,11.25,77.75,85.25,49.75,-3,35,-2,-2,2,4.5
5.4,21.5,10,78.75,87,48.25,-3,35,-2,-2.5,2,3.5
5.4,20.5,9,79.75,88.25,47.25,-2,35,-2,-2,2,2.5
5.4,19.5,8,80.75,89.25,45.75,-3,35,-2,-2,2,2
5.4,18.5,7,81.75,90.5,43.75,-4,35,-2,-2,2,2.5
5.4,18.5,6.5,81.75,90.5,42.25,-3,33,0,-1,0,0
5.4,18.5,5.5,81.75,90.5,40.25,-4,33,0,-2,0,0
5.4,19.5,6,80.75,89.5,38.75,-3,31,2,1,-2,-2
5.4,20.5,7,79.75,89,36.75,-4,31,2,2,-2,-1
5.4,20.5,6.5,79.75,90,33.25,-7,33,0,-1,0,2
5.4,20.5,6.5,79.75,90.5,29.25,-8,33,0,0,0,1
5.4,20.5,6.5,79.75,90.5,24.75,-9,33,0,0,0,0
5.4,20.5,6.25,79.75,90.75,19.75,-10,33,0,-0.5,0,0.5
6.75,20.5,14.25,79.75,100,14.25,-11,33,0,-11,0,25
8.1,20.5,8.25,80,100,20.5,0,33,0,-12,0.5,25
9,100,1.75,100,100,20.5,0,33,25,-13,25,25
9,100,25.75,100,5.25,20.5,0,33,25,-18.5,25,14
9,100,15,100,13.75,19.5,-2,35,25,-21.5,25,17
9,100,4,100,22.75,18.25,-2.5,35,25,-22,25,18
7.65,16.5,39.5,83.75,6.5,16.5,-3.5,35,-3.5,-6,2,21
6.3,15,37,84.75,17.5,37,-5,35,-3,-5,2,22
6.3,13.25,35,85.75,28.25,35,-4,35,-3.5,-4,2,21.5
5.4,11,91.25,86.75,2.5,33.5,-3,35,-4.5,-4,2,2.5
5.4,8.5,89.5,87.75,3.5,32.5,-2,35,-5,-3.5,2,2
5.4,6.5,87.75,88.75,4.5,31.5,-2,35,-4,-3.5,2,2
5.4,4.25,86.5,90.25,6,30.5,-2,35,-4.5,-2.5,3,3
5.4,2,84.75,91.75,8,29.5,-2,35,-4.5,-3.5,3,4
4.05,28.5,82.5,82.25,10.25,28.5,-2,35,-2,-4.5,15.5,4.5
2.7,27.5,80,89.5,13,80,-5,35,-2,-5,14.5,5.5
1.8,26.5,100,96.25,100,77,-6,35,-2,25,13.5,25
1.8,25.5,100,100,100,73.75,-6.5,35,-2,25,25,25
1.8,24.5,100,100,100,70.25,-7,35,-2,25,25,25
1.8,23.5,100,100,100,67,-6.5,35,-2,25,25,25
1.8,22.5,100,100,100,63.5,-7,35,-2,25,25,25
1.8,21.5,100,100,100,60,-7,35,-2,25,25,25
1.8,20.5,100,100,100,57,-6,35,-2,25,25,25
1.8,19.5,100,100,100,53.5,-7,35,-2,25,25,25
1.8,18.5,100,100,100,50.5,-6,35,-2,25,25,25
1.8,17.5,100,100,100,47.25,-6.5,35,-2,25,25,25
1.8,16.5,100,100,100,44.5,-5.5,35,-2,25,25,25
1.8,15.5,100,100,100,41.5,-6,35,-2,25,25,25
1.8,14.5,100,100,100,38.25,-6.5,35,-2,25,25,25
1.8,14.5,100,100,100,35.5,-5.5,33,0,25,25,25
1.8,15,100,100,100,34,-3,31,1,25,25,25
1.8,16.5,100,100,100,33.25,-1.5,29,3,25,25,25
3.15,17.75,33,100,71.75,33,-0.5,29,2.5,-0.5,25,-1
1.8,18.75,100,100,100,32.75,-0.5,29,2,25,25,25
1.8,20,100,100,100,32.25,-1,29,2.5,25,25,25
1.8,20.75,100,100,100,32.25,0,29,1.5,25,25,25
1.8,21,100,100,100,32.75,1,29,0.5,25,25,25
1.8,21.75,100,100,100,34.25,3,27,1.5,25,25,25
1.8,22,100,100,100,35.75,3,27,0.5,25,25,25
1.8,20.75,100,100,100,35.75,0,29,-2.5,25,25,25
1.8,19,100,100,100,35.25,-1,29,-3.5,25,25,25
1.8,15.75,100,100,100,33.5,-3.5,31,-6.5,25,25,25
1.8,11,100,100,100,30.5,-6,33,-9.5,25,25,25
1.8,5.75,100,100,100,27.5,-6,33,-10.5,25,25,25
1.8,7.75,100,1,100,23,-9,35,-17,25,13.5,25
1.8,74.25,100,0.25,100,18,-10,35,-3,25,16,25
3.15,72.75,12.75,7.75,70.75,12.75,-10.5,35,-3,-10.5,15,2
4.5,70.75,7,15.75,72.25,70.75,-4,35,-4,-11.5,16,3
4.5,69.25,1.75,24.25,74.25,69.25,-3,35,-3,-10.5,17,4
5.4,90.5,80.5,6.75,3,68.25,-2,35,-2.5,-3,2,9.5
5.4,89.5,79,8,7.25,67.25,-2,35,-2,-3,2.5,8.5
6.75,88.5,66.25,9,51,66.25,-2,35,-2,-2,2,17.5
8.1,87.25,65.25,10.5,59.25,87.25,-2.5,35,-2.5,-2,3,16.5
9,100,63.75,100,67,86,-2.5,35,25,-3,25,15.5
9,100,61.75,100,74.25,85,-2,35,25,-4,25,14.5
9,100,60.25,100,81,83.5,-3,35,25,-3,25,13.5
9,100,59.25,100,87.25,82.5,-2,35,25,-2,25,12.5
9,100,58.25,100,93,81,-3,35,25,-2,25,11.5
9,100,57,100,98.25,80,-2,35,25,-2.5,25,10.5
9,100,55.25,100,100,78.75,-2.5,35,25,-3.5,25,25
9,100,54,100,100,77.75,-2,35,25,-2.5,25,25
9,100,52.75,100,100,76.25,-3,35,25,-2.5,25,25
9,100,51.25,100,100,74.5,-3.5,35,25,-3,25,25
9,100,50.25,100,100,72.75,-3.5,35,25,-2,25,25
9,100,49.25,100,100,71.5,-2.5,35,25,-2,25,25
9,100,48.25,100,100,70.5,-2,35,25,-2,25,25
9,100,47.25,100,100,69.5,-2,35,25,-2,25,25
9,100,46,100,100,68.5,-2,35,25,-2.5,25,25
9,100,45,100,100,67.5,-2,35,25,-2,25,25
9,100,44,100,100,66.25,-2.5,35,25,-2,25,25
9,100,43,100,100,64.5,-3.5,35,25,-2,25,25
9,100,42,100,100,62.25,-4.5,35,25,-2,25,25
9,100,41,100,100,59.5,-5.5,35,25,-2,25,25
9,100,39.5,100,100,56.25,-6.5,35,25,-3,25,25
9,100,38.5,100,100,52.5,-7.5,35,25,-2,25,25
9,100,37.5,100,100,48.25,-8.5,35,25,-2,25,25
9,100,36.5,100,100,43.5,-9.5,35,25,-2,25,25
9,100,35.5,100,100,38.25,-10.5,35,25,-2,25,25
7.65,32.5,34.5,87.25,100,32.5,-11.5,35,-11.5,-2,2,25
6.3,26.25,33.25,88.25,100,33.25,-2.5,35,-12.5,-2.5,2,25
5.4,19.5,43.75,89.25,51.75,31.5,-3.5,35,-13.5,-3.5,2,2
5.4,12.25,42.25,90.25,53,30.25,-2.5,35,-14.5,-3,2,2.5
5.4,4.25,40.5,91.25,54,29.25,-2,35,-18,-3.5,2,2
6.75,63,28.25,2.75,100,28.25,-2,35,-6.5,-2,14.5,25
8.1,60.25,27.25,10.5,100,60.25,-5.5,35,-5.5,-2,15.5,25
9,100,26.25,100,100,57,-6.5,35,25,-2,25,25
9,100,25.25,100,100,54.25,-5.5,35,25,-2,25,25
9,100,24.25,100,100,52,-4.5,35,25,-2,25,25
9,100,23.25,100,100,50.25,-3.5,35,25,-2,25,25
9,100,21.75,100,100,48.25,-4,35,25,-3,25,25
9,100,20.75,100,100,46.75,-3,35,25,-2,25,25
9,100,19.25,100,100,45,-3.5,35,25,-3,25,25
9,100,18.25,100,100,43.75,-2.5,35,25,-2,25,25
9,100,17,100,100,42.5,-2.5,35,25,-2.5,25,25
9,100,16,100,100,40.75,-3.5,35,25,-2,25,25
9,100,15,100,100,39.5,-2.5,35,25,-2,25,25
9,100,14,100,100,38.5,-2,35,25,-2,25,25
9,100,12.5,100,100,37.5,-2,35,25,-3,25,25
9,100,11.5,100,100,36.5,-2,35,25,-2,25,25
9,100,11.5,100,100,36.5,0,33,25,0,25,25
9,100,11.5,100,100,36.5,0,33,25,0,25,25
9,100,11,100,100,36.25,-0.5,33,25,-1,25,25
9,100,11,100,100,35.5,-1.5,33,25,0,25,25
9,100,10,100,100,33.5,-4,35,25,-2,25,25
9,100,10,100,100,32.5,-2,33,25,0,25,25
9,100,11,100,100,32.25,-0.5,31,25,2,25,25
9,100,13,100,100,33.25,2,29,25,4,25,25
9,100,15,100,100,34.5,2.5,29,25,4,25,25
9,100,17,100,100,36.25,3.5,29,25,4,25,25
9,100,18.5,100,100,37.5,2.5,29,25,3,25,25
9,100,20.5,100,100,38.25,1.5,29,25,4,25,25
9,100,22.5,100,100,38.5,0.5,29,25,4,25,25
9,100,23,100,100,37.25,-2.5,31,25,1,25,25
9,100,24,100,100,35.5,-3.5,31,25,2,25,25
9,100,24,100,100,32.25,-6.5,33,25,0,25,25
7.65,28.5,24,100,100,28.5,-7.5,33,-7.5,0,25,25
6.3,20,24,100,100,24,0,33,-18.5,0,25,25
5.4,10.25,62.25,100,34.25,24,0,33,-19.5,0,25,0.5
4.05,23.5,62.25,100,34.25,23.5,-1,33,-1,0,25,0
2.7,23.5,62.25,100,34.75,62.25,0,33,0,0,25,1
1.8,23,100,100,100,61.75,-1,33,-1,25,25,25
1.8,22,100,100,100,60.75,-2,35,-2,25,25,25
1.8,21,100,100,100,59.25,-3,35,-2,25,25,25
1.8,19.75,100,100,100,58.25,-2,35,-2.5,25,25,25
1.8,18.75,100,100,100,57.25,-2,35,-2,25,25,25
1.8,17.75,100,100,100,56,-2.5,35,-2,25,25,25
1.8,16.75,100,100,100,54.75,-2.5,35,-2,25,25,25
1.8,15.25,100,100,100,53.75,-2,35,-3,25,25,25
1.8,14.25,100,100,100,52.25,-3,35,-2,25,25,25
1.8,13.25,100,100,100,51.25,-2,35,-2,25,25,25
1.8,12.25,100,100,100,49.75,-3,35,-2,25,25,25
1.8,10.75,100,100,100,48.75,-2,35,-3,25,25,25
1.8,9.75,100,100,100,47.5,-2.5,35,-2,25,25,25
1.8,8.75,100,100,100,46.5,-2,35,-2,25,25,25
1.8,7.75,100,100,100,45.5,-2,35,-2,25,25,25
1.8,6.75,100,100,100,44.25,-2.5,35,-2,25,25,25
1.8,5.75,100,100,100,43.25,-2,35,-2,25,25,25
1.8,4.75,100,100,100,42.25,-2,35,-2,25,25,25
1.8,3.75,100,100,100,41.25,-2,35,-2,25,25,25
1.8,2.5,100,100,100,40.25,-2,35,-2.5,25,25,25
1.8,1.5,100,100,100,39,-2.5,35,-2,25,25,25
1.8,0.5,100,100,100,37.5,-3,35,-2,25,25,25
1.8,93.5,100,0.5,100,36,-3,35,-3,25,2,25
1.8,92.25,100,1.5,100,34.5,-3,35,-2.5,25,2,25
1.8,90.5,100,2.75,100,33.25,-2.5,35,-3.5,25,2.5,25
1.8,88.75,100,3.75,100,31.5,-3.5,35,-3.5,25,2,25
1.8,87,100,4.75,100,30,-3,35,-3.5,25,2,25
1.8,84.75,100,5.75,100,29,-2,35,-4.5,25,2,25
1.8,83,100,6.75,100,27.5,-3,35,-3.5,25,2,25
1.8,81.5,100,7.75,100,25.5,-4,35,-3,25,2,25
1.8,80.25,100,8.75,100,23,-5,35,-2.5,25,2,25
3.15,79.25,20,9.75,91.5,20,-6,35,-2,-6,2,2
4.5,78.25,16.5,11.25,92.5,78.25,-2,35,-2,-7,3,2
5.4,47.75,12.5,41.75,93.5,77.25,-2,35,-2,-8,6,2
5.4,46.75,8,44.25,94.5,76.25,-2,35,-2,-9,5,2
5.4,45.75,3,46.25,95.5,75.25,-2,35,-2,-10,4,2
5.4,44.75,22.25,48.5,2.5,74,-2.5,35,-2,-13.5,4.5,11
5.4,43.75,16,50.25,8.5,72.25,-3.5,35,-2,-12.5,3.5,12
5.4,42.75,10.25,52,15,70,-4.5,35,-2,-11.5,3.5,13
5.4,41.75,5,53.25,22,68.25,-3.5,35,-2,-10.5,2.5,14
5.4,40.75,0.25,54.75,29.5,67,-2.5,35,-2,-9.5,3,15
5.4,39.75,95.25,56.75,4,65.75,-2.5,35,-2,-2,4,8.5
4.05,64,94.25,49.5,7.75,64,-3.5,35,-3.5,-2,9,7.5
2.7,62.75,93.25,53.5,12,93.25,-2,35,-2.5,-2,8,8.5
1.8,61.25,100,57,100,92.25,-2,35,-3,25,7,25
1.8,60.25,100,60,100,91.25,-2,35,-2,25,6,25
1.8,58.75,100,62.5,100,90.25,-2,35,-3,25,5,25
1.8,57.75,100,64.5,100,89.25,-2,35,-2,25,4,25
1.8,56.75,100,66,100,88.25,-2,35,-2,25,3,25
1.8,55.5,100,67,100,87.25,-2,35,-2.5,25,2,25
1.8,54.25,100,68,100,86.25,-2,35,-2.5,25,2,25
1.8,53.25,100,69,100,85.25,-2,35,-2,25,2,25
1.8,51.75,100,70,100,84.25,-2,35,-3,25,2,25
1.8,50.25,100,71,100,83.25,-2,35,-3,25,2,25
1.8,48.5,100,72,100,82.25,-2,35,-3.5,25,2,25
1.8,46.75,100,73,100,81.25,-2,35,-3.5,25,2,25
1.8,45,100,74,100,80.25,-2,35,-3.5,25,2,25
1.8,43.25,100,75,100,79.25,-2,35,-3.5,25,2,25
1.8,41.25,100,76,100,78.25,-2,35,-4,25,2,25
1.8,39,100,77,100,77.25,-2,35,-4.5,25,2,25
1.8,36.25,100,78,100,76.25,-2,35,-5.5,25,2,25
1.8,34,100,79,100,75.25,-2,35,-4.5,25,2,25
1.8,31.75,100,80,100,74.25,-2,35,-4.5,25,2,25
1.8,29,100,81,100,73.25,-2,35,-5.5,25,2,25
1.8,25.75,100,82,100,72.25,-2,35,-6.5,25,2,25
1.8,23,100,83,100,71.25,-2,35,-5.5,25,2,25
1.8,20.25,100,84,100,70.25,-2,35,-5.5,25,2,25
1.8,17.75,100,85,100,69.25,-2,35,-5,25,2,25
1.8,15,100,86,100,68.25,-2,35,-5.5,25,2,25
1.8,12.75,100,87,100,67.25,-2,35,-4.5,25,2,25
1.8,10.5,100,88,100,66.25,-2,35,-4.5,25,2,25
1.8,8,100,89,100,65.25,-2,35,-5,25,2,25
1.8,5.75,100,90,100,64.25,-2,35,-4.5,25,2,25
1.8,3.25,100,91,100,63.25,-2,35,-5,25,2,25
1.8,0.25,100,92.25,100,62.25,-2,35,-6,25,2.5,25
1.8,50.5,100,3.25,100,61.25,-2,35,-12.5,25,7,25
1.8,44.25,100,7.25,100,60.25,-2,35,-12.5,25,8,25
1.8,38.5,100,11.75,100,59.25,-2,35,-11.5,25,9,25
1.8,33,100,16.75,100,58.25,-2,35,-11,25,10,25
1.8,27.25,100,22.25,100,57.25,-2,35,-11.5,25,11,25
1.8,22,100,27.5,100,56.25,-2,35,-10.5,25,10.5,25
1.8,17.25,100,33,100,55.25,-2,35,-9.5,25,11,25
1.8,13,100,38.25,100,54.25,-2,35,-8.5,25,10.5,25
1.8,9.25,100,44,100,53.25,-2,35,-7.5,25,11.5,25
1.8,6,100,49.75,100,52.25,-2,35,-6.5,25,11.5,25
1.8,3.25,100,55.25,100,51.25,-2,35,-5.5,25,11,25
1.8,1,100,60.25,100,50.25,-2,35,-4.5,25,10,25
1.8,95.5,100,0.75,100,49.25,-2,35,-2,25,3.5,25
1.8,94.5,100,2,100,48,-2.5,35,-2,25,2.5,25
1.8,93.5,100,3,100,46.75,-2.5,35,-2,25,2,25
1.8,92.5,100,4,100,45.75,-2,35,-2,25,2,25
1.8,91.5,100,5,100,44.75,-2,35,-2,25,2,25
1.8,90.5,100,6,100,43.5,-2.5,35,-2,25,2,25
1.8,89.5,100,7.5,100,42.25,-2.5,35,-2,25,3,25
3.15,88.5,40.75,8.5,100,40.75,-3,35,-2,-3,2,25
4.5,87.5,39.75,10,100,87.5,-2,35,-2,-2,3,25
5.4,14.25,38.25,81.25,100,86.5,-2,35,-6,-3,2,25
5.4,10.75,36.25,82.25,100,85.5,-2,35,-7,-4,2,25
5.4,6.75,33.75,83.25,100,84.5,-2,35,-8,-5,2,25
5.4,2.25,30.75,84.5,100,83.5,-2,35,-9,-6,2.5,25
5.4,49.25,27.25,2.75,100,82.5,-2,35,-9.5,-7,10,25
5.4,44.25,23.25,7.75,100,81.5,-2,35,-10,-8,10,25
5.4,39.5,18.75,12.75,100,80.5,-2,35,-9.5,-9,10,25
5.4,34.5,13.75,17.25,100,79.5,-2,35,-10,-10,9,25
5.4,29.75,8.25,22.25,100,78.5,-2,35,-9.5,-11,10,25
5.4,25,2.25,27.25,100,77.5,-2,35,-9.5,-12,10,25
5.4,20.25,15.25,31.75,4.25,76.5,-2,35,-9.5,-12.5,9,13
5.4,15,9.5,36.5,11.25,75.5,-2,35,-10.5,-11.5,9.5,14
5.4,9.5,4.25,41,18.75,74.5,-2,35,-11,-10.5,9,15
5.4,3.75,98.75,46,0.5,73.5,-2,35,-11.5,-3.5,10,9.5
4.05,72.5,96.75,78.75,4.75,72.5,-2,35,-2,-4,9,8.5
2.7,71.5,95.25,82.75,9.5,95.25,-3,35,-2,-3,8,9.5
1.8,70.5,100,86.25,100,93.75,-3,35,-2,25,7,25
1.8,69.5,100,89.25,100,92,-3.5,35,-2,25,6,25
1.8,68.5,100,91.75,100,90.75,-2.5,35,-2,25,5,25
1.8,67.5,100,93.75,100,89.75,-2,35,-2,25,4,25
1.8,66.5,100,95.25,100,88.5,-2.5,35,-2,25,3,25
1.8,65.5,100,96.25,100,86.75,-3.5,35,-2,25,2,25
1.8,64.5,100,97.25,100,85,-3.5,35,-2,25,2,25
1.8,63.5,100,98.25,100,83.25,-3.5,35,-2,25,2,25
1.8,62.5,100,99.25,100,82,-2.5,35,-2,25,2,25
1.8,61.5,100,100,100,80.75,-2.5,35,-2,25,25,25
1.8,60.5,100,100,100,79.25,-3,35,-2,25,25,25
1.8,59.5,100,100,100,78.25,-2,35,-2,25,25,25
1.8,58.5,100,100,100,77.25,-2,35,-2,25,25,25
1.8,57.5,100,100,100,76,-2.5,35,-2,25,25,25
1.8,56.5,100,100,100,74.75,-2.5,35,-2,25,25,25
1.8,55.5,100,100,100,73.5,-2.5,35,-2,25,25,25
1.8,54.5,100,100,100,72.5,-2,35,-2,25,25,25
1.8,53.5,100,100,100,71.5,-2,35,-2,25,25,25
1.8,52.5,100,100,100,70,-3,35,-2,25,25,25
1.8,51.5,100,100,100,68,-4,35,-2,25,25,25
1.8,50.5,100,100,100,65.5,-5,35,-2,25,25,25
1.8,49.5,100,100,100,63.5,-4,35,-2,25,25,25
1.8,48.5,100,100,100,61,-5,35,-2,25,25,25
1.8,47.5,100,100,100,58,-6,35,-2,25,25,25
1.8,46.5,100,100,100,54.5,-7,35,-2,25,25,25
1.8,45.5,100,100,100,50.5,-8,35,-2,25,25,25
1.8,44.5,100,100,100,46,-9,35,-2,25,25,25
1.8,43.5,100,100,100,41,-10,35,-2,25,25,25
1.8,42.5,100,100,100,35.5,-11,35,-2,25,25,25
1.8,41.5,100,100,100,29.5,-12,35,-2,25,25,25
1.8,40.5,100,100,100,23,-13,35,-2,25,25,25
1.8,39.5,100,100,100,16,-14,35,-2,25,25,25
1.8,38.5,100,100,100,8.5,-15,35,-2,25,25,25
1.8,37.5,100,100,100,0.5,-16,35,-2,25,25,25
1.8,36.5,100,100,100,25,-21,35,-2,25,25,25
1.8,35.5,100,100,100,14,-22,35,-2,25,25,25
1.8,34.5,100,100,100,2.5,-23,35,-2,25,25,25
1.8,33.5,100,100,100,35,-8.5,35,-2,25,25,25
1.8,32.5,100,100,100,31.25,-7.5,35,-2,25,25,25
1.8,31.5,100,100,100,28,-6.5,35,-2,25,25,25
1.8,30.5,100,100,100,25.25,-5.5,35,-2,25,25,25
1.8,29.5,100,100,100,23,-4.5,35,-2,25,25,25
1.8,28.5,100,100,100,21.25,-3.5,35,-2,25,25,25
3.15,27.5,20,100,75.5,20,-2.5,35,-2,-2.5,25,19.5
4.5,26.5,19,100,84.75,26.5,-2,35,-2,-2,25,18.5
5.4,40,18,58.5,93.5,25.5,-2,35,-2,-2,10,17.5
6.75,39,24.5,63,100,24.5,-2,35,-2,-2,9,25
8.1,38,23.5,67,100,38,-2,35,-2,-2,8,25
9,100,22.5,100,100,37,-2,35,25,-2,25,25
9,100,21.5,100,100,36,-2,35,25,-2,25,25
9,100,21.5,100,100,36,0,33,25,0,25,25
9,100,21.5,100,100,36,0,33,25,0,25,25
9,100,21.5,100,100,36,0,33,25,0,25,25
9,100,21.5,100,100,36,0,33,25,0,25,25
9,100,21.5,100,100,36,0,33,25,0,25,25
9,100,21.5,100,100,36,0,33,25,0,25,25
9,100,21.5,100,100,36,0,33,25,0,25,25
9,100,21.5,100,100,36,0,33,25,0,25,25
9,100,21.5,100,100,36,0,33,25,0,25,25
9,100,20.5,100,100,35,-2,35,25,-2,25,25
9,100,19.5,100,100,34,-2,35,25,-2,25,25
9,100,19,100,100,34,0,33,25,-1,25,25
9,100,19,100,100,33.5,-1,33,25,0,25,25
9,100,19.5,100,100,34.25,1.5,31,25,1,25,25
9,100,20.5,100,100,35.25,2,31,25,2,25,25
9,100,21.25,100,100,35.75,1,31,25,1.5,25,25
9,100,21.25,100,100,34.75,-2,33,25,0,25,25
9,100,22.25,100,100,35,0.5,31,25,2,25,25
9,100,23.25,100,100,35.75,1.5,31,25,2,25,25
9,100,23.75,100,100,36.75,2,31,25,1,25,25
9,100,22.75,100,100,36.75,0,33,25,-2,25,25
9,100,22,100,100,36.25,-1,33,25,-1.5,25,25
9,100,21.75,100,100,36.25,0,31,25,-0.5,25,25
9,100,22,100,100,36.75,1,29,25,0.5,25,25
9,100,22.75,100,100,37.75,2,27,25,1.5,25,25
9,100,23,100,100,38.25,1,27,25,0.5,25,25
9,100,22.75,100,100,38.25,0,27,25,-0.5,25,25
9,100,22,100,100,38.75,1,27,25,-1.5,25,25
9,100,20.75,100,100,38.75,0,27,25,-2.5,25,25
9,100,19,100,100,38.75,0,27,25,-3.5,25,25
9,100,16.75,100,100,38.25,-1,27,25,-4.5,25,25
9,100,14,100,100,38,-0.5,27,25,-5.5,25,25
9,100,9.75,100,100,36.5,-3,29,25,-8.5,25,25
9,100,4,100,100,34.25,-4.5,31,25,-11.5,25,25
9,100,26.75,100,1.25,33.5,-1.5,29,25,-4.5,25,10.5
9,100,25,100,7,32.75,-1.5,29,25,-3.5,25,11.5
9,100,24.75,100,12.25,33,0.5,27,25,-0.5,25,10.5
9,100,25,100,17.5,33,0,27,25,0.5,25,10.5
9,100,26.75,100,21.75,33.5,1,25,25,3.5,25,8.5
9,100,29,100,26,34.5,2,25,25,4.5,25,8.5
9,100,30.75,100,30.75,35,1,27,25,3.5,25,9.5
9,100,32,100,36,35,0,29,25,2.5,25,10.5
9,100,32.75,100,41.75,34.5,-1,31,25,1.5,25,11.5
9,100,33.75,100,47,34,-1,31,25,2,25,10.5
9,100,34.75,100,51.75,34,0,31,25,2,25,9.5
9,100,34.75,100,57,32.75,-2.5,33,25,0,25,10.5
7.65,32,34.75,55.25,61.75,32,-1.5,33,-1.5,0,5.5,9.5
6.3,31.25,34.75,57.5,66,34.75,0,33,-1.5,0,4.5,8.5
5.4,31,68.75,59.25,25.5,34.75,0,33,-0.5,0,3.5,0
4.05,34.75,68.75,73,25.75,34.75,0,33,0,0,6.5,0.5
2.7,34.75,68.5,75.75,26.5,68.5,-0.5,33,0,-0.5,5.5,1.5
1.8,34.75,100,78,100,68.5,0,33,0,25,4.5,25
1.8,33.75,100,80.75,100,67.25,-2.5,35,-2,25,5.5,25
1.8,32.75,100,83,100,66.25,-2,35,-2,25,4.5,25
1.8,31.75,100,84.75,100,65.25,-2,35,-2,25,3.5,25
1.8,30.75,100,86,100,64.25,-2,35,-2,25,2.5,25
1.8,29.75,100,87,100,62.75,-3,35,-2,25,2,25
1.8,28.75,100,88,100,61.75,-2,35,-2,25,2,25
1.8,27.75,100,89,100,60.5,-2.5,35,-2,25,2,25
1.8,26.75,100,90,100,59.25,-2.5,35,-2,25,2,25
1.8,25.75,100,91,100,57.5,-3.5,35,-2,25,2,25
1.8,24.75,100,92,100,56,-3,35,-2,25,2,25
1.8,23.75,100,93,100,55,-2,35,-2,25,2,25
1.8,22.75,100,94,100,53.75,-2.5,35,-2,25,2,25
1.8,21.75,100,95,100,52.75,-2,35,-2,25,2,25
1.8,20.75,100,96,100,51.75,-2,35,-2,25,2,25
1.8,19.75,100,97,100,50.25,-3,35,-2,25,2,25
1.8,18.75,100,98,100,48.75,-3,35,-2,25,2,25
1.8,17.75,100,99,100,46.75,-4,35,-2,25,2,25
1.8,17.75,100,99,100,45.25,-3,33,0,25,0,25
1.8,17.75,100,99,100,43.25,-4,33,0,25,0,25
1.8,18.75,100,98,100,41.75,-3,31,2,25,-2,25
1.8,19.75,100,97,100,39.75,-4,31,2,25,-2,25
1.8,21.75,100,95,100,38.25,-3,29,4,25,-4,25
1.8,22.75,100,94,100,35.25,-6,31,2,25,-2,25
1.8,23.75,100,93,100,31.75,-7,31,2,25,-2,25
1.8,23.75,100,93,100,26.75,-10,33,0,25,0,25
1.8,22.75,100,94,100,20.25,-13,35,-2,25,2,25
3.15,21.75,13.25,95,83.5,13.25,-14,35,-2,-14,2,2
4.5,20.75,5.75,96,84.5,20.75,-2,35,-2,-15,2,2
5.4,62.5,52,7,1.5,19.75,-2,35,-2,-5.5,5,14.5
6.75,61.5,18.75,9.25,98,18.75,-2,35,-2,-2,4.5,2
8.1,60.5,17.75,12,99,60.5,-2,35,-2,-2,5.5,2
9,100,16.75,100,100,59,-3,35,25,-2,25,25
9,100,15.75,100,100,57.75,-2.5,35,25,-2,25,25
9,100,14.75,100,100,56.75,-2,35,25,-2,25,25
9,100,13.75,100,100,55.75,-2,35,25,-2,25,25
9,100,12.75,100,100,54.5,-2.5,35,25,-2,25,25
9,100,11.75,100,100,53.25,-2.5,35,25,-2,25,25
9,100,10.75,100,100,52.25,-2,35,25,-2,25,25
9,100,9.75,100,100,51.25,-2,35,25,-2,25,25
9,100,8.75,100,100,49.75,-3,35,25,-2,25,25
9,100,7.75,100,100,48.25,-3,35,25,-2,25,25
9,100,6.75,100,100,47.25,-2,35,25,-2,25,25
9,100,5.75,100,100,46,-2.5,35,25,-2,25,25
9,100,4.75,100,100,45,-2,35,25,-2,25,25
9,100,3.75,100,100,43.75,-2.5,35,25,-2,25,25
9,100,2.75,100,100,42.25,-3,35,25,-2,25,25
9,100,1.75,100,100,40.25,-4,35,25,-2,25,25
9,100,1.75,100,100,39,-2.5,33,25,0,25,25
9,100,0.75,100,100,36.25,-5.5,35,25,-2,25,25
9,100,0.75,100,100,35,-2.5,33,25,0,25,25
9,100,98.5,100,0.25,32.5,-5,35,25,-5,25,2
9,100,96.5,100,1.25,29.75,-5.5,35,25,-4,25,2
9,100,94,100,2.25,27.5,-4.5,35,25,-5,25,2
9,100,92,100,3.25,25,-5,35,25,-4,25,2
9,100,90.75,100,3.25,24,-2,33,25,-2.5,25,0
9,100,89.5,100,3.25,22.75,-2.5,33,25,-2.5,25,0
9,100,89.25,100,2.5,22,-1.5,31,25,-0.5,25,-1.5
9,100,90,100,1,21.75,-0.5,29,25,1.5,25,-3
9,100,2,100,100,22,0.5,27,25,6,25,25
9,100,5.75,100,100,22.75,1.5,25,25,7.5,25,25
9,100,9.5,100,100,23,0.5,25,25,7.5,25,25
9,100,12.5,100,100,21.75,-2.5,27,25,6,25,25
7.65,20,15.25,68.75,100,20,-3.5,27,-3.5,5.5,-5,25
6.3,17.75,18,66.5,100,18,5.5,27,-4.5,5.5,-4.5,25
5.4,15,52.75,63.75,47.5,21,6,27,-5.5,6,-5.5,-6
4.05,24,55.75,100,44.5,24,6,27,6,6,25,-6
2.7,26.75,58.75,100,42,58.75,6,27,5.5,6,25,-5
1.8,29.25,100,100,100,61.75,6,27,5,25,25,25
1.8,30.75,100,100,100,63.75,4,29,3,25,25,25
1.8,31.5,100,100,100,64.75,2,31,1.5,25,25,25
1.8,31.5,100,100,100,64.75,0,33,0,25,25,25
1.8,30,100,100,100,63.75,-2,35,-3,25,25,25
1.8,28.25,100,100,100,62.75,-2,35,-3.5,25,25,25
1.8,27,100,100,100,61.75,-2,35,-2.5,25,25,25
1.8,25.5,100,100,100,60.75,-2,35,-3,25,25,25
1.8,24.25,100,100,100,59.75,-2,35,-2.5,25,25,25
1.8,22.5,100,100,100,58.75,-2,35,-3.5,25,25,25
1.8,21,100,100,100,57.75,-2,35,-3,25,25,25
1.8,19.75,100,100,100,56.75,-2,35,-2.5,25,25,25
1.8,18.25,100,100,100,55.75,-2,35,-3,25,25,25
1.8,17,100,100,100,54.75,-2,35,-2.5,25,25,25
1.8,16,100,100,100,53.75,-2,35,-2,25,25,25
1.8,14.5,100,100,100,52.75,-2,35,-3,25,25,25
1.8,13,100,100,100,51.75,-2,35,-3,25,25,25
1.8,12,100,100,100,50.75,-2,35,-2,25,25,25
1.8,11,100,100,100,49.75,-2,35,-2,25,25,25
1.8,10,100,100,100,48.75,-2,35,-2,25,25,25
1.8,8.75,100,100,100,47.75,-2,35,-2.5,25,25,25
1.8,7.5,100,100,100,46.75,-2,35,-2.5,25,25,25
1.8,6.5,100,100,100,45.75,-2,35,-2,25,25,25
1.8,5.5,100,100,100,44.75,-2,35,-2,25,25,25
1.8,4,100,100,100,43.75,-2,35,-3,25,25,25
1.8,2.5,100,100,100,42.75,-2,35,-3,25,25,25
1.8,1.25,100,100,100,41.75,-2,35,-2.5,25,25,25
1.8,64.25,100,0.25,100,40.75,-2,35,-5.5,25,3,25
1.8,62,100,1.25,100,39.75,-2,35,-4.5,25,2,25
1.8,59.25,100,2.75,100,38.75,-2,35,-5.5,25,3,25
1.8,56,100,4.75,100,37.75,-2,35,-6.5,25,4,25
1.8,53.25,100,6.25,100,37.25,-1,33,-5.5,25,3,25
1.8,50,100,8.25,100,37.25,0,33,-6.5,25,4,25
1.8,46.25,100,10,100,37.25,0,33,-7.5,25,3.5,25
1.8,42,100,12.25,100,37.25,0,33,-8.5,25,4.5,25
1.8,37.25,100,15,100,37.25,0,33,-9.5,25,5.5,25
1.8,32,100,18.25,100,37,-0.5,33,-10.5,25,6.5,25
1.8,25.25,100,23,100,36,-2,35,-13.5,25,9.5,25
1.8,18,100,28.25,100,35,-2,35,-14.5,25,10.5,25
1.8,10.25,100,34,100,34,-2,35,-15.5,25,11.5,25
1.8,2,100,40.25,100,32.5,-3,35,-16.5,25,12.5,25
3.15,39,30.5,6.75,96.5,30.5,-4,35,-8.5,-4,17.5,2
4.5,35.25,28,16,97.5,35.25,-7.5,35,-7.5,-5,18.5,2
5.4,55,25,42,98.5,32,-6.5,35,-2,-6,2,2
6.75,54,29.25,43.5,34.25,29.25,-5.5,35,-2,-5.5,3,18
8.1,53,27,45.5,42.75,53,-2,35,-2,-4.5,4,17
9,100,25.25,100,50.75,52,-2,35,25,-3.5,25,16
9,100,24,100,58.25,51,-2,35,25,-2.5,25,15
9,100,23,100,65.25,50,-2,35,25,-2,25,14
9,100,22,100,71.75,49,-2,35,25,-2,25,13
9,100,21,100,77.75,48,-2,35,25,-2,25,12
9,100,20,100,83.25,47,-2,35,25,-2,25,11
9,100,19,100,88.25,46,-2,35,25,-2,25,10
9,100,18,100,92.75,45,-2,35,25,-2,25,9
9,100,17,100,96.75,43.5,-3,35,25,-2,25,8
9,100,16,100,100,42.5,-2,35,25,-2,25,25
9,100,15,100,100,41.5,-2,35,25,-2,25,25
9,100,14,100,100,40.5,-2,35,25,-2,25,25
9,100,13,100,100,39,-3,35,25,-2,25,25
9,100,12,100,100,37.25,-3.5,35,25,-2,25,25
9,100,11,100,100,36,-2.5,35,25,-2,25,25
9,100,10,100,100,35,-2,35,25,-2,25,25
9,100,9,100,100,33.5,-3,35,25,-2,25,25
9,100,8,100,100,32.25,-2.5,35,25,-2,25,25
9,100,7,100,100,30.5,-3.5,35,25,-2,25,25
9,100,6,100,100,28.25,-4.5,35,25,-2,25,25
9,100,5,100,100,25.75,-5,35,25,-2,25,25
9,100,4,100,100,23,-5.5,35,25,-2,25,25
9,100,3,100,100,20,-6,35,25,-2,25,25
9,100,2,100,100,17.25,-5.5,35,25,-2,25,25
9,100,1,100,100,15,-4.5,35,25,-2,25,25
9,100,0,100,100,12.75,-4.5,35,25,-2,25,25
9,100,100,100,1,11,-3.5,35,25,25,25,2
9,100,100,100,2,8.75,-4.5,35,25,25,25,2
7.65,6,100,82.75,3,6,-5.5,35,-5.5,25,2.5,2
6.3,3,99.5,83.75,4.5,99.5,-3,35,-6,-3,2,3
5.4,0.25,41.25,84.75,7.25,97.5,-4,35,-5.5,-16,2,5.5
5.4,57.25,33,2.5,10.5,95,-5,35,-6.5,-16.5,5.5,6.5
5.4,54.5,25.25,4.75,14.25,92.25,-5.5,35,-5.5,-15.5,4.5,7.5
5.4,52.25,18,7.5,18.5,89,-6.5,35,-4.5,-14.5,5.5,8.5
5.4,49.75,11.25,9.75,23.25,85.25,-7.5,35,-5,-13.5,4.5,9.5
5.4,47.75,5,12.5,28.5,81.5,-7.5,35,-4,-12.5,5.5,10.5
5.4,46.25,88.5,15.5,0.75,78,-7,35,-3,-2,6,11.5
4.05,74.5,87.5,34.5,6,74.5,-7,35,-7,-2,11,10.5
2.7,71.25,86.5,39.5,11.75,86.5,-2,35,-6.5,-2,10,11.5
1.8,68.25,100,44,100,85.5,-2,35,-6,25,9,25
1.8,65.25,100,48,100,84.5,-2,35,-6,25,8,25
1.8,62.75,100,51.5,100,83.5,-2,35,-5,25,7,25
1.8,60.75,100,54.5,100,82.5,-2,35,-4,25,6,25
1.8,59,100,57,100,81.5,-2,35,-3.5,25,5,25
1.8,57.75,100,59,100,80.5,-2,35,-2.5,25,4,25
1.8,56.75,100,60.5,100,79.5,-2,35,-2,25,3,25
1.8,55.5,100,61.5,100,78,-3,35,-2.5,25,2,25
1.8,54.5,100,62.5,100,77,-2,35,-2,25,2,25
1.8,53,100,63.5,100,76,-2,35,-3,25,2,25
1.8,51.5,100,64.5,100,75,-2,35,-3,25,2,25
1.8,49.75,100,65.5,100,74,-2,35,-3.5,25,2,25
1.8,48,100,66.5,100,73,-2,35,-3.5,25,2,25
1.8,46.5,100,67.5,100,71.5,-3,35,-3,25,2,25
1.8,45.5,100,68.5,100,70.25,-2.5,35,-2,25,2,25
1.8,44.5,100,69.5,100,68.5,-3.5,35,-2,25,2,25
1.8,43.5,100,70.5,100,67.25,-2.5,35,-2,25,2,25
1.8,42,100,71.5,100,65.75,-3,35,-3,25,2,25
1.8,40,100,72.5,100,64.25,-3,35,-4,25,2,25
1.8,37.75,100,73.5,100,63,-2.5,35,-4.5,25,2,25
1.8,35,100,74.5,100,61.75,-2.5,35,-5.5,25,2,25
1.8,32.25,100,75.5,100,60.75,-2,35,-5.5,25,2,25
1.8,29,100,76.5,100,59.75,-2,35,-6.5,25,2,25
1.8,25.5,100,77.5,100,58.25,-3,35,-7,25,2,25
1.8,21.5,100,78.5,100,56.5,-3.5,35,-8,25,2,25
1.8,18,100,79.5,100,55,-3,35,-7,25,2,25
1.8,14.5,100,80.5,100,54,-2,35,-7,25,2,25
1.8,10.5,100,81.5,100,53,-2,35,-8,25,2,25
1.8,6.5,100,83,100,51.75,-2.5,35,-8,25,3,25
1.8,2.5,100,85,100,50.25,-3,35,-8,25,4,25
1.8,70.25,100,1.5,100,48.5,-3.5,35,-14,25,8,25
1.8,63,100,5.5,100,47,-3,35,-14.5,25,8,25
1.8,56,100,9.5,100,45.75,-2.5,35,-14,25,8,25
1.8,49.5,100,13.25,100,44,-3.5,35,-13,25,7.5,25
1.8,42.75,100,16.5,100,42.75,-2.5,35,-13.5,25,6.5,25
1.8,36.5,100,19.5,100,41.75,-2,35,-12.5,25,6,25
1.8,30.75,100,23,100,40.5,-2.5,35,-11.5,25,7,25
1.8,25.5,100,27,100,39.25,-2.5,35,-10.5,25,8,25
1.8,20.75,100,31.5,100,37.5,-3.5,35,-9.5,25,9,25
1.8,16.5,100,36.5,100,36,-3,35,-8.5,25,10,25
1.8,12.75,100,41.75,100,34.25,-3.5,35,-7.5,25,10.5,25
1.8,10.5,100,46,100,33.75,-1,33,-4.5,25,8.5,25
1.8,8.75,100,50,100,32.75,-2,33,-3.5,25,8,25
1.8,8.5,100,52.5,100,32.25,-1,31,-0.5,25,5,25
1.8,9.75,100,54.5,100,33.25,2,29,2.5,25,4,25
1.8,11.5,100,56,100,33.75,1,29,3.5,25,3,25
1.8,12.75,100,58,100,34.75,2,29,2.5,25,4,25
1.8,14.5,100,59.5,100,36.25,3,29,3.5,25,3,25
1.8,15,100,62.25,100,36.5,0.5,31,1,25,5.5,25
1.8,16,100,64.5,100,37.25,1.5,31,2,25,4.5,25
1.8,16,100,67.25,100,37.25,0,33,0,25,5.5,25
1.8,15.5,100,69.5,100,37,-0.5,33,-1,25,4.5,25
1.8,14.5,100,71.25,100,36.5,-1,33,-2,25,3.5,25
1.8,15,100,71.5,100,36.75,0.5,31,1,25,0.5,25
1.8,15.25,100,71.5,100,37.5,1.5,31,0.5,25,0,25
1.8,16,100,71.5,100,38.5,2,31,1.5,25,0,25
1.8,16.5,100,71.5,100,39.5,2,31,1,25,0,25
1.8,15.75,100,72.75,100,39.25,-0.5,33,-1.5,25,2.5,25
1.8,15.5,100,74.5,100,39.25,0,33,-0.5,25,3.5,25
1.8,14,100,76.75,100,37.75,-3,35,-3,25,4.5,25
1.8,13,100,79.5,100,36.75,-2,35,-2,25,5.5,25
1.8,11.75,100,81.75,100,35.75,-2,35,-2.5,25,4.5,25
1.8,11,100,82.5,100,35.75,0,33,-1.5,25,1.5,25
1.8,10.75,100,82.75,100,35.75,0,33,-0.5,25,0.5,25
1.8,10.75,100,82.75,100,35.25,-1,33,0,25,0,25
1.8,10.25,100,82.75,100,34.25,-2,33,-1,25,0,25
1.8,9.25,100,82.75,100,33.75,-1,33,-2,25,0,25
1.8,8.75,100,82.75,100,33.75,0,33,-1,25,0,25
1.8,8,100,83.25,100,33.75,0,33,-1.5,25,1,25
1.8,7.5,100,84.25,100,33.75,0,33,-1,25,2,25
1.8,7.5,100,85.25,100,33.75,0,33,0,25,2,25
1.8,6.5,100,86.75,100,32.75,-2,35,-2,25,3,25
1.8,6.5,100,87.75,100,32.5,-0.5,33,0,25,2,25
1.8,7.5,100,87.25,100,33,1,31,2,25,-1,25
1.8,8.5,100,87.25,100,33.25,0.5,31,2,25,0,25
1.8,10.5,100,85.75,100,34.25,2,29,4,25,-3,25
1.8,11,100,84.75,100,34,-0.5,31,1,25,-2,25
1.8,11.25,100,83.75,100,34.25,0.5,31,0.5,25,-2,25
1.8,12.75,100,81.75,100,35.25,2,29,3,25,-4,25
1.8,13.5,100,80.75,100,35.25,0,31,1.5,25,-2,25
1.8,14.5,100,79.75,100,35,-0.5,31,2,25,-2,25
1.8,15.5,100,78.75,100,35.25,0.5,31,2,25,-2,25
1.8,16.5,100,77.75,100,35.75,1,31,2,25,-2,25
1.8,16.5,100,77.75,100,35.25,-1,33,0,25,0,25
1.8,15.5,100,78.75,100,34,-2.5,35,-2,25,2,25
1.8,15.25,100,78.75,100,33.75,-0.5,33,-0.5,25,0,25
1.8,15.25,100,78.75,100,33.5,-0.5,33,0,25,0,25
1.8,16,100,78,100,34.25,1.5,31,1.5,25,-1.5,25
1.8,17,100,77,100,35,1.5,31,2,25,-2,25
1.8,18,100,76.5,100,36,2,31,2,25,-1,25
1.8,19,100,76,100,37,2,31,2,25,-1,25
1.8,18.5,100,76,100,36.5,-1,33,-1,25,0,25
1.8,17.75,100,76,100,35.5,-2,33,-1.5,25,0,25
1.8,15.75,100,77,100,33.25,-4.5,35,-4,25,2,25
1.8,14.25,100,77.5,100,32.5,-1.5,33,-3,25,1,25
1.8,12.75,100,78,100,31.5,-2,33,-3,25,1,25
1.8,12.5,100,77.25,100,32,1,31,-0.5,25,-1.5,25
1.8,13.25,100,75.75,100,33.75,3.5,29,1.5,25,-3,25
1.8,13.75,100,74.25,100,35.5,3.5,29,1,25,-3,25
1.8,13,100,73.75,100,36.5,2,31,-1.5,25,-1,25
1.8,10.75,100,74.5,100,36.5,0,33,-4.5,25,1.5,25
1.8,9,100,75,100,36.5,0,33,-3.5,25,1,25
1.8,7.75,100,75.5,100,36.5,0,33,-2.5,25,1,25
1.8,6.5,100,76.25,100,36.5,0,33,-2.5,25,1.5,25
1.8,5.5,100,77.5,100,36.5,0,33,-2,25,2.5,25
1.8,4.75,100,78.75,100,36.5,0,33,-1.5,25,2.5,25
1.8,3.25,100,81.25,100,35.5,-2,35,-3,25,5,25
1.8,2.5,100,83,100,35.5,0,33,-1.5,25,3.5,25
1.8,0.5,100,85.75,100,34.5,-2,35,-4,25,5.5,25
1.8,91.25,100,1.25,100,33.5,-2,35,-3,25,3.5,25
1.8,90.25,100,2.5,100,32.5,-2,35,-2,25,2.5,25
1.8,88.75,100,4.25,100,31,-3,35,-3,25,3.5,25
1.8,87,100,5.5,100,29.25,-3.5,35,-3.5,25,2.5,25
1.8,84.75,100,7,100,27,-4.5,35,-4.5,25,3,25
3.15,82,25.25,9,100,25.25,-3.5,35,-5.5,-3.5,4,25
4.5,78.75,23.75,11.5,100,78.75,-6.5,35,-6.5,-3,5,25
5.4,74.25,22,23.5,100,75,-7.5,35,-2,-3.5,2.5,25
6.75,73.25,70.75,24.5,18,70.75,-8.5,35,-2,-8.5,2,7
8.1,72.25,66,26,21,72.25,-2,35,-2,-9.5,3,6
9,100,60.75,100,23.5,71.25,-2,35,25,-10.5,25,5
9,100,55,100,25.75,70.25,-2,35,25,-11.5,25,4.5
9,100,48.75,100,27.5,69.25,-2,35,25,-12.5,25,3.5
9,100,42,100,28.75,68.25,-2,35,25,-13.5,25,2.5
9,100,34.75,100,30.25,67.25,-2,35,25,-14.5,25,3
9,100,27,100,31.25,66.25,-2,35,25,-15.5,25,2
9,100,19,100,32.75,65.25,-2,35,25,-16,25,3
9,100,11.25,100,34.75,64.25,-2,35,25,-15.5,25,4
9,100,3.75,100,37.25,63.25,-2,35,25,-15,25,5
9,100,56.75,100,4,62.25,-2,35,25,-8,25,15.5
9,100,53.25,100,11.25,61.25,-2,35,25,-7,25,14.5
9,100,49.5,100,18,60.25,-2,35,25,-7.5,25,13.5
9,100,46,100,24.25,59.25,-2,35,25,-7,25,12.5
9,100,42.5,100,30,58.25,-2,35,25,-7,25,11.5
9,100,39.25,100,35.25,57.25,-2,35,25,-6.5,25,10.5
9,100,36.5,100,40,56.25,-2,35,25,-5.5,25,9.5
9,100,34.25,100,44.75,55.25,-2,35,25,-4.5,25,9.5
9,100,31.5,100,49,54.25,-2,35,25,-5.5,25,8.5
9,100,28.25,100,52.75,53.25,-2,35,25,-6.5,25,7.5
9,100,24.5,100,56.25,52.25,-2,35,25,-7.5,25,7
9,100,20.25,100,59.25,51.25,-2,35,25,-8.5,25,6
9,100,15.5,100,61.75,50.25,-2,35,25,-9.5,25,5
9,100,10.25,100,63.75,49.25,-2,35,25,-10.5,25,4
9,100,5.5,100,66,48.25,-2,35,25,-9.5,25,4.5
9,100,1.25,100,68.5,47.25,-2,35,25,-8.5,25,5
9,100,56.25,100,2.75,46.25,-2,35,25,-3.5,25,8
7.65,45.25,55,91.5,6.5,45.25,-2,35,-2,-2.5,2,7.5
6.3,44.25,54,92.5,10.75,54,-2,35,-2,-2,2,8.5
5.4,43.25,60.75,93.5,32.25,52.5,-3,35,-2,-2.5,2,2.5
5.4,42.25,59.25,94.5,33.5,51.5,-2,35,-2,-3,2,2.5
5.4,41.25,58.25,95.5,34.5,50.5,-2,35,-2,-2,2,2
5.4,40.25,57.25,96.5,36,49.5,-2,35,-2,-2,2,3
5.4,39.25,56.25,97.5,38,48.5,-2,35,-2,-2,2,4
5.4,38.25,55,98.5,39.5,47.5,-2,35,-2,-2.5,2,3
5.4,37.25,53.5,99.5,40.75,46,-3,35,-2,-3,2,2.5
5.4,36.25,51.5,100,42,45,-2,35,-2,-4,25,2.5
5.4,35.25,50,100,43,44,-2,35,-2,-3,25,2
5.4,34.25,49,100,44,43,-2,35,-2,-2,25,2
5.4,33.25,48,100,45,42,-2,35,-2,-2,25,2
5.4,32.25,47,100,46,41,-2,35,-2,-2,25,2
5.4,31.25,45.5,100,47,40,-2,35,-2,-3,25,2
5.4,30.25,44.25,100,48.5,39,-2,35,-2,-2.5,25,3
5.4,29.25,42.5,100,50.5,38,-2,35,-2,-3.5,25,4
5.4,28.25,40.25,100,52.5,37,-2,35,-2,-4.5,25,4
5.4,27.25,37.5,100,54,36,-2,35,-2,-5.5,25,3
5.4,27.25,35.25,100,54.25,36,0,33,0,-4.5,25,0.5
5.4,27.25,32.5,100,54.25,36,0,33,0,-5.5,25,0
5.4,27.25,29.25,100,54.25,36,0,33,0,-6.5,25,0
5.4,27.25,25.5,100,54.5,36,0,33,0,-7.5,25,0.5
5.4,27.25,21.25,100,55.25,36,0,33,0,-8.5,25,1.5
5.4,27.25,16.5,100,56.25,36,0,33,0,-9.5,25,2
5.4,27.25,11.25,100,57.75,36,0,33,0,-10.5,25,3
5.4,27.25,5.5,100,58.75,36,0,33,0,-11.5,25,2
5.4,26.25,15.25,100,1.75,35,-2,35,-2,-13.5,25,14.5
5.4,25.25,9,100,9.5,34,-2,35,-2,-12.5,25,15.5
5.4,24.25,3.25,100,17.75,33,-2,35,-2,-11.5,25,16.5
5.4,23,73.25,100,2,32,-2,35,-2.5,-6,25,10.5
4.05,31,70,100,6.75,31,-2,35,-2,-6.5,25,9.5
2.7,30,67.25,100,12,67.25,-5.5,35,-2,-5.5,25,10.5
1.8,29,100,100,100,64,-6.5,35,-2,25,25,25
1.8,28,100,100,100,60.25,-7.5,35,-2,25,25,25
1.8,27,100,100,100,57,-6.5,35,-2,25,25,25
1.8,26,100,100,100,53.25,-7.5,35,-2,25,25,25
1.8,25,100,100,100,50,-6.5,35,-2,25,25,25
1.8,24,100,100,100,47.25,-5.5,35,-2,25,25,25
1.8,23,100,100,100,44.5,-5.5,35,-2,25,25,25
1.8,22,100,100,100,41.5,-6,35,-2,25,25,25
1.8,21,100,100,100,38.25,-6.5,35,-2,25,25,25
1.8,21,100,100,100,36.5,-3.5,33,0,25,25,25
1.8,22,100,100,100,36,-1,31,2,25,25,25
1.8,22,100,100,100,34.25,-3.5,33,0,25,25,25
1.8,22,100,100,100,32.75,-3,33,0,25,25,25
1.8,23,100,100,100,32.75,0,31,2,25,25,25
1.8,25,100,100,100,33.5,1.5,29,4,25,25,25
1.8,27,100,100,100,34.25,1.5,29,4,25,25,25
1.8,27.5,100,100,100,34.5,0.5,31,1,25,25,25
1.8,29.5,100,100,100,36.25,3.5,29,4,25,25,25
1.8,31.25,100,100,100,38.25,4,29,3.5,25,25,25
1.8,33.25,100,100,100,40.25,4,29,4,25,25,25
1.8,34.25,100,100,100,41.25,2,31,2,25,25,25
1.8,34.25,100,100,100,40.75,-1,33,0,25,25,25
1.8,32.75,100,100,100,39,-3.5,35,-3,25,25,25
1.8,31.5,100,100,100,37,-4,35,-2.5,25,25,25
3.15,30.5,35.5,100,80,35.5,-3,35,-2,-3,25,2
4.5,29.25,33.75,100,81,29.25,-2.5,35,-2.5,-3.5,25,2
5.4,70.75,32,18.25,82,28,-2.5,35,-2,-3.5,5,2
6.75,69.25,26.75,20.75,100,26.75,-2.5,35,-3,-2.5,5,25
8.1,67.25,25.25,23.75,100,67.25,-4,35,-4,-3,6,25
9,100,24.25,100,100,64.75,-5,35,25,-2,25,25
9,100,23.25,100,100,61.75,-6,35,25,-2,25,25
9,100,21.75,100,100,58.25,-7,35,25,-3,25,25
9,100,20.75,100,100,55.25,-6,33,25,-2,25,25
9,100,18.25,100,100,50.75,-9,35,25,-5,25,25
9,100,16.25,100,100,46.75,-8,33,25,-4,25,25
9,100,12.75,100,100,41.25,-11,35,25,-7,25,25
9,100,8.75,100,100,35.25,-12,35,25,-8,25,25
9,100,6,100,100,29.75,-11,33,25,-5.5,25,25
7.65,23.75,2.75,56.25,100,23.75,-12,33,-12,-6.5,5,25
6.3,17.25,61,58.25,1,61,-1,33,-13,-1,4,7.5
6.3,9.25,59,61.25,6.25,59,-4,35,-16,-4,6,10.5
5.4,1.5,66.75,64.75,0.25,57.25,-3.5,35,-15.5,-3.5,7,6
5.4,42.75,65.5,6.75,3.5,55,-4.5,35,-7,-2.5,16.5,6.5
4.05,53.25,63.75,25,6.25,53.25,-3.5,35,-3.5,-3.5,13.5,5.5
2.7,51.25,62.5,31.25,9.5,62.5,-2.5,35,-4,-2.5,12.5,6.5
1.8,49.75,100,37,100,61,-3,35,-3,25,11.5,25
1.8,48,100,42.25,100,60,-2,35,-3.5,25,10.5,25
1.8,46.75,100,47,100,59,-2,35,-2.5,25,9.5,25
1.8,45.5,100,51.25,100,58,-2,35,-2.5,25,8.5,25
1.8,43.75,100,55,100,57,-2,35,-3.5,25,7.5,25
1.8,42.5,100,58.25,100,55.5,-3,35,-2.5,25,6.5,25
1.8,41.5,100,61,100,54.5,-2,35,-2,25,5.5,25
1.8,40,100,63.25,100,53.5,-2,35,-3,25,4.5,25
1.8,39,100,65,100,52.5,-2,35,-2,25,3.5,25
1.8,38,100,66.25,100,51.5,-2,35,-2,25,2.5,25
1.8,36.75,100,67.25,100,50.5,-2,35,-2.5,25,2,25
1.8,35.75,100,68.25,100,49.5,-2,35,-2,25,2,25
1.8,34.5,100,69.25,100,48.5,-2,35,-2.5,25,2,25
1.8,33.5,100,70.25,100,47.5,-2,35,-2,25,2,25
1.8,32.5,100,71.25,100,46.5,-2,35,-2,25,2,25
1.8,31,100,72.25,100,45,-3,35,-3,25,2,25
1.8,30,100,73.25,100,44,-2,35,-2,25,2,25
1.8,29,100,74.25,100,42.5,-3,35,-2,25,2,25
1.8,28,100,75.25,100,41.5,-2,35,-2,25,2,25
1.8,26.5,100,76.25,100,40.25,-2.5,35,-3,25,2,25
1.8,25.5,100,77.25,100,39.25,-2,35,-2,25,2,25
1.8,24.5,100,78.25,100,38.25,-2,35,-2,25,2,25
1.8,23.5,100,79.25,100,37.25,-2,35,-2,25,2,25
1.8,22,100,80.25,100,36,-2.5,35,-3,25,2,25
1.8,22,100,80.25,100,36,0,33,0,25,0,25
1.8,22,100,80.25,100,36,0,33,0,25,0,25
1.8,22,100,80.25,100,35.75,-0.5,33,0,25,0,25
1.8,22,100,80.25,100,35.75,0,33,0,25,0,25
1.8,22,100,80.25,100,35.5,-0.5,33,0,25,0,25
1.8,22,100,80.25,100,35.5,0,33,0,25,0,25
1.8,22,100,80.25,100,35.5,0,33,0,25,0,25
1.8,22,100,80.25,100,35.5,0,33,0,25,0,25
1.8,22,100,80.25,100,35.5,0,33,0,25,0,25
1.8,22,100,80.25,100,35.5,0,33,0,25,0,25
1.8,22,100,80.25,100,35.5,0,33,0,25,0,25
1.8,22,100,80.25,100,35.5,0,33,0,25,0,25
1.8,22,100,80.25,100,35.5,0,33,0,25,0,25
1.8,22,100,80.25,100,35.5,0,33,0,25,0,25
1.8,22,100,80.25,100,35.5,0,33,0,25,0,25
1.8,22,100,80.25,100,35.5,0,33,0,25,0,25
1.8,22,100,80.25,100,35.5,0,33,0,25,0,25
1.8,22,100,80.25,100,35,-1,33,0,25,0,25
1.8,22,100,80.25,100,35,0,33,0,25,0,25
1.8,22,100,80.25,100,35,0,33,0,25,0,25
1.8,22,100,80.25,100,35,0,33,0,25,0,25
1.8,22,100,80.25,100,35,0,33,0,25,0,25
1.8,22,100,80.25,100,35,0,33,0,25,0,25
1.8,22,100,80.25,100,35,0,33,0,25,0,25
1.8,22,100,80.25,100,35,0,33,0,25,0,25
1.8,22,100,80.25,100,35,0,33,0,25,0,25
1.8,22,100,80.25,100,34.5,-1,33,0,25,0,25
1.8,22,100,80.25,100,34.5,0,33,0,25,0,25
1.8,23,100,79.25,100,35.5,2,31,2,25,-2,25
1.8,24,100,78.25,100,36.5,2,31,2,25,-2,25
1.8,25,100,77.25,100,37.25,1.5,31,2,25,-2,25
1.8,25,100,77.25,100,37.25,0,33,0,25,0,25
1.8,25,100,77.25,100,36.75,-1,33,0,25,0,25
1.8,25,100,77.25,100,36.75,0,33,0,25,0,25
1.8,25,100,77.25,100,36.5,-0.5,33,0,25,0,25
1.8,25,100,77.25,100,36,-1,33,0,25,0,25
1.8,24,100,78.25,100,34.25,-3.5,35,-2,25,2,25
1.8,24,100,78.25,100,33.25,-2,33,0,25,0,25
1.8,24,100,78.25,100,31.75,-3,33,0,25,0,25
1.8,23,100,79.25,100,28.75,-6,35,-2,25,2,25
3.15,22,25.25,80.25,89.25,25.25,-7,35,-2,-7,2,2
4.5,21,21.25,81.25,90.25,21,-2,35,-2,-8,2,2
5.4,34.5,16.75,90.25,91.25,20,-2,35,-2,-9,2,2
5.4,33.5,11.75,91.25,92.25,19,-2,35,-2,-10,2,2
5.4,32.5,4.5,92.25,93.25,18,-2,35,-2,-23,2,2
5.4,32.5,1.25,92.25,6.5,18,0,33,0,-10,0,22
5.4,31.5,25.5,93.25,5.25,17,-2,35,-2,-14.5,2,13
5.4,31.5,19.75,93.25,11.25,17,0,33,0,-11.5,0,12
5.4,31.5,14.5,93.25,17.75,17,0,33,0,-10.5,0,13
5.4,31.5,9.75,93.25,24.75,17,0,33,0,-9.5,0,14
5.4,31.5,5.5,93.25,32.25,17,0,33,0,-8.5,0,15
5.4,30.5,0.75,94.25,40.25,15.5,-3,35,-2,-9.5,2,16
5.4,30.5,94.5,94.25,2.5,14.5,-2,33,0,0,0,6.5
5.4,31.5,95.5,93.25,4.25,14,-1,31,2,2,-2,3.5
6.75,32.5,13,92.25,84.75,13,-2,31,2,-2,-2,-2
8.1,33.5,12.5,91.25,83.75,33.5,2,31,2,-1,-2,-2
9,100,12.5,100,83,34.5,2,31,25,0,25,-1.5
9,100,13,100,82,35.5,2,31,25,1,25,-2
9,100,14,100,81.5,36.5,2,31,25,2,25,-1
9,100,15,100,80.75,37.5,2,31,25,2,25,-1.5
9,100,16,100,79.75,38.5,2,31,25,2,25,-2
9,100,17,100,78.75,39.5,2,31,25,2,25,-2
9,100,17,100,78.75,39.5,0,33,25,0,25,0
9,100,16,100,79.75,38.5,-2,35,25,-2,25,2
9,100,15,100,80.75,37.5,-2,35,25,-2,25,2
9,100,14,100,81.75,36.5,-2,35,25,-2,25,2
9,100,14,100,81.75,36.5,0,33,25,0,25,0
9,100,14,100,81.75,36.5,0,33,25,0,25,0
9,100,14,100,81.75,36.5,0,33,25,0,25,0
9,100,15,100,81.25,37.5,2,31,25,2,25,-1
9,100,16,100,80.25,38.5,2,31,25,2,25,-2
9,100,16,100,80.5,38,-1,33,25,0,25,0.5
9,100,16,100,80.5,37,-2,33,25,0,25,0
9,100,17,100,79.5,36.5,-1,31,25,2,25,-2
9,100,18,100,78.5,35.5,-2,31,25,2,25,-2
9,100,20,100,76.5,35,-1,29,25,4,25,-4
9,100,22,100,74.5,34,-2,29,25,4,25,-4
9,100,24,100,73,32.5,-3,29,25,4,25,-3
9,100,26,100,71,30.5,-4,29,25,4,25,-4
9,100,28,100,69.5,28,-5,29,25,4,25,-3
7.65,25,30,72.25,67.5,25,-6,29,-6,4,-4,-4
6.3,21.5,32,70.25,65.5,32,4,29,-7,4,-4,-4
5.4,17.5,14.5,68.5,100,34,4,29,-8,4,-3.5,25
5.4,12,15.5,67.75,100,35,2,31,-11,2,-1.5,25
5.4,5,15.5,67.75,100,35,0,33,-14,0,0,25
5.4,9.75,14.5,3.5,100,34,-2,35,-11,-2,17,25
5.4,4.75,13.5,12.5,100,33,-2,35,-10,-2,18,25
5.4,0.25,12.5,22,100,32,-2,35,-9,-2,19,25
5.4,87,11.5,3.75,100,31,-2,35,-2,-2,8,25
6.75,85.5,30,7.25,76.75,30,-2,35,-3,-2,7,3
8.1,84.5,29,11.25,77.75,84.5,-2,35,-2,-2,8,2
9,100,28,100,78.75,83.5,-2,35,25,-2,25,2
9,100,27,100,79.75,82.5,-2,35,25,-2,25,2
9,100,26,100,80.75,81.5,-2,35,25,-2,25,2
9,100,25,100,81.75,80.5,-2,35,25,-2,25,2
9,100,24,100,82.75,79.5,-2,35,25,-2,25,2
9,100,23,100,83.75,78.5,-2,35,25,-2,25,2
9,100,22,100,84.75,77.5,-2,35,25,-2,25,2
9,100,21,100,85.75,76.5,-2,35,25,-2,25,2
9,100,20,100,86.75,75.5,-2,35,25,-2,25,2
9,100,19,100,87.75,74.5,-2,35,25,-2,25,2
9,100,18,100,88.75,73.5,-2,35,25,-2,25,2
9,100,17,100,89.75,72.5,-2,35,25,-2,25,2
9,100,16,100,90.75,71.5,-2,35,25,-2,25,2
9,100,15,100,91.75,70.5,-2,35,25,-2,25,2
9,100,14,100,92.75,69.5,-2,35,25,-2,25,2
9,100,13,100,93.75,68.5,-2,35,25,-2,25,2
9,100,12,100,94.75,67.5,-2,35,25,-2,25,2
9,100,11,100,95.75,66.5,-2,35,25,-2,25,2
9,100,10,100,96.75,65.5,-2,35,25,-2,25,2
9,100,9,100,97.75,64.5,-2,35,25,-2,25,2
9,100,8,100,98.75,63.5,-2,35,25,-2,25,2
9,100,6.5,100,99.75,62.5,-2,35,25,-3,25,2
9,100,5,100,100,61.5,-2,35,25,-3,25,25
9,100,3.75,100,100,60.5,-2,35,25,-2.5,25,25
9,100,2.25,100,100,59.5,-2,35,25,-3,25,25
9,100,1,100,100,58.5,-2,35,25,-2.5,25,25
9,100,44.5,100,0.75,57.5,-2,35,25,-25,25,3.5
9,100,31.75,100,3,56.5,-2,35,25,-25.5,25,4.5
9,100,19.5,100,5.75,55.5,-2,35,25,-24.5,25,5.5
9,100,7.75,100,9,54.5,-2,35,25,-23.5,25,6.5
9,100,43.5,100,3.5,53.5,-2,35,25,-16,25,22.5
9,100,35,100,14.25,52.5,-2,35,25,-17,25,21.5
7.65,51.5,27,100,21.75,51.5,-2,35,-2,-16,25,9.5
6.3,50.5,19.5,100,27,19.5,-15,35,-2,-15,25,10.5
5.4,49.5,51,100,42.5,12.5,-14,35,-2,-2.5,25,3
4.05,5,50,39,44.5,5,-15,35,-15,-2,12.5,4
2.7,84.5,48.75,2,47,48.75,-2.5,35,-2,-2.5,14,5
1.8,83.5,100,8.5,100,47,-3.5,35,-2,25,13,25
1.8,82.5,100,14.5,100,45.75,-2.5,35,-2,25,12,25
1.8,81.5,100,20,100,44,-3.5,35,-2,25,11,25
1.8,80.5,100,25,100,42.25,-3.5,35,-2,25,10,25
1.8,79.5,100,29.5,100,40.75,-3,35,-2,25,9,25
1.8,78.5,100,33.5,100,39.75,-2,35,-2,25,8,25
1.8,77.5,100,37,100,38.5,-2.5,35,-2,25,7,25
1.8,76.5,100,40,100,37.5,-2,35,-2,25,6,25
1.8,75.5,100,42.5,100,36,-3,35,-2,25,5,25
1.8,74.5,100,44.5,100,34.75,-2.5,35,-2,25,4,25
1.8,73.5,100,46,100,33,-3.5,35,-2,25,3,25
1.8,72.5,100,47,100,30.75,-4.5,35,-2,25,2,25
1.8,71.5,100,48,100,28,-5.5,35,-2,25,2,25
1.8,70.5,100,49,100,24.75,-6.5,35,-2,25,2,25
3.15,69.5,21,50,66.75,21,-7.5,35,-2,-7.5,2,3.5
4.5,68.5,16.75,51.25,68.5,68.5,-2,35,-2,-8.5,2.5,3.5
5.4,24.25,12,100,70,67.5,-2,35,-4.5,-9.5,25,3
5.4,22,6.75,100,71.5,66.5,-2,35,-4.5,-10.5,25,3
5.4,19.25,1,100,73,65.5,-2,35,-5.5,-11.5,25,3
5.4,16.25,28,100,5.25,64.5,-2,35,-6,-14,25,12.5
5.4,13,21.5,100,12,63.5,-2,35,-6.5,-13,25,13.5
5.4,9.25,14.5,100,19.25,62.5,-2,35,-7.5,-14,25,14.5
5.4,5.5,7,100,27,61.5,-2,35,-7.5,-15,25,15.5
5.4,1.5,0,100,35.25,60.5,-2,35,-8,-14,25,16.5
5.4,66.5,36,2,7.5,59.5,-2,35,-8.5,-19,7,15
5.4,62,27,5.75,14.5,58.5,-2,35,-9,-18,7.5,14
5.4,58,18.5,9.5,22,57.5,-2,35,-8,-17,7.5,15
5.4,53.5,10.5,13.5,29.75,56.5,-2,35,-9,-16,8,15.5
5.4,49.25,3,17.75,37.75,55.5,-2,35,-8.5,-15,8.5,16
4.05,54.5,80.25,72,4,54.5,-2,35,-2,-2.5,4,14
2.7,53.5,79.25,73.5,11.5,79.25,-2,35,-2,-2,3,15
1.8,52.5,100,74.5,100,78.25,-2,35,-2,25,2,25
1.8,51.5,100,75.5,100,77.25,-2,35,-2,25,2,25
1.8,50.5,100,76.5,100,76.25,-2,35,-2,25,2,25
1.8,49.5,100,77.5,100,75.25,-2,35,-2,25,2,25
1.8,48.5,100,78.5,100,74.25,-2,35,-2,25,2,25
1.8,47.5,100,79.5,100,73.25,-2,35,-2,25,2,25
1.8,46.5,100,80.5,100,72.25,-2,35,-2,25,2,25
1.8,45.5,100,81.5,100,71.25,-2,35,-2,25,2,25
1.8,44.5,100,82.5,100,70.25,-2,35,-2,25,2,25
1.8,43.5,100,83.5,100,69.25,-2,35,-2,25,2,25
1.8,42.5,100,84.5,100,68.25,-2,35,-2,25,2,25
1.8,41.5,100,85.5,100,67.25,-2,35,-2,25,2,25
1.8,40.5,100,86.5,100,66.25,-2,35,-2,25,2,25
1.8,39.5,100,87.5,100,65.25,-2,35,-2,25,2,25
1.8,38.5,100,88.5,100,64,-2.5,35,-2,25,2,25
1.8,37.5,100,89.5,100,63,-2,35,-2,25,2,25
1.8,36.5,100,90.5,100,61.75,-2.5,35,-2,25,2,25
1.8,35.5,100,91.5,100,60.75,-2,35,-2,25,2,25
1.8,34.5,100,92.5,100,59.5,-2.5,35,-2,25,2,25
1.8,33.5,100,93.5,100,58.5,-2,35,-2,25,2,25
1.8,32.5,100,94.5,100,57.5,-2,35,-2,25,2,25
1.8,31.5,100,95.5,100,56,-3,35,-2,25,2,25
1.8,30.5,100,96.5,100,54,-4,35,-2,25,2,25
1.8,29.5,100,97.5,100,52.5,-3,35,-2,25,2,25
1.8,28.5,100,98.5,100,51.25,-2.5,35,-2,25,2,25
1.8,27.5,100,99.5,100,50.25,-2,35,-2,25,2,25
1.8,26.5,100,100,100,49.25,-2,35,-2,25,25,25
1.8,25.5,100,100,100,48.25,-2,35,-2,25,25,25
1.8,24.5,100,100,100,46.75,-3,35,-2,25,25,25
1.8,23.5,100,100,100,45.5,-2.5,35,-2,25,25,25
1.8,22.5,100,100,100,43.75,-3.5,35,-2,25,25,25
1.8,21.5,100,100,100,41.5,-4.5,35,-2,25,25,25
1.8,20.5,100,100,100,38.75,-5.5,35,-2,25,25,25
1.8,19.5,100,100,100,36,-5.5,35,-2,25,25,25
1.8,19.5,100,100,100,33.75,-4.5,33,0,25,25,25
1.8,20.5,100,100,100,32.25,-3,31,2,25,25,25
1.8,20.5,100,100,100,30,-4.5,33,0,25,25,25
3.15,20.5,27.25,100,100,27.25,-5.5,33,0,-5.5,25,25
3.15,19.5,23,100,100,23,-8.5,35,-2,-8.5,25,25
1.8,18.5,100,100,100,19.25,-7.5,35,-2,25,25,25
1.8,18.5,100,100,100,16.5,-5.5,33,0,25,25,25
3.15,18.5,13.25,100,100,13.25,-6.5,33,0,-6.5,25,25
4.5,18.5,9.75,100,100,18.5,0,33,0,-7,25,25
4.5,17.5,5.5,100,100,17.5,-2,35,-2,-8.5,25,25
5.4,19.75,1.75,53.25,100,16.5,-2,35,-7,-7.5,7,25
5.4,15.75,65,57,1.5,15,-3,35,-8,-6,7.5,6.5
5.4,12.25,63,59.5,3.25,14,-2,33,-7,-4,5,3.5
5.4,9.25,62.5,60.5,3.75,13.5,-1,31,-6,-1,2,1
5.4,6.75,62.75,60.75,3.75,13.5,0,29,-5,0.5,0.5,0
5.4,4.75,64.5,60.25,2.75,15,3,27,-4,3.5,-1,-2
5.4,2.25,66.75,60,1.25,17,4,27,-5,4.5,-0.5,-3
5.4,39,67.5,1.75,0.5,18.5,3,29,-9.5,1.5,8,-1.5
5.4,34.75,0.75,6.25,100,20.5,4,29,-8.5,2.5,9,25
5.4,32,2.5,9.25,100,23.5,6,27,-5.5,3.5,6,25
5.4,30.25,4.75,11.75,100,27.25,7.5,25,-3.5,4.5,5,25
5.4,28,6.5,14.75,100,29.5,4.5,27,-4.5,3.5,6,25
5.4,26.25,8.5,17.5,100,32,5,27,-3.5,4,5.5,25
5.4,24,9,21.5,100,33,2,29,-4.5,1,8,25
5.4,21.25,8.25,26.25,100,33.5,1,31,-5.5,-1.5,9.5,25
5.4,18,6,32.25,100,32.5,-2,33,-6.5,-4.5,12,25
5.4,14.25,3,39.5,100,30,-5,35,-7.5,-6,14.5,25
5.4,11,0.25,46.75,100,27,-6,35,-6.5,-5.5,14.5,25
5.4,8.25,79.25,54.5,2,23.5,-7,35,-5.5,-2.5,15.5,4.5
5.4,7,79.25,60.75,2.75,20.5,-6,33,-2.5,0,12.5,1.5
5.4,6.5,80,65.5,2.5,18,-5,31,-1,1.5,9.5,-0.5
5.4,7.5,81.25,68.75,1.5,16,-4,29,2,2.5,6.5,-2
5.4,10,0.75,70.5,80,14.5,-3,27,5,4.5,3.5,-6
5.4,13.25,3.75,70.75,76.5,13.5,-2,25,6.5,6,0.5,-7
6.75,16.5,12.25,70.5,100,12.25,-2.5,25,6.5,-2.5,-0.5,25
8.1,19.25,11.25,69.75,100,19.25,5.5,25,5.5,-2,-1.5,25
8.1,21.5,9.75,69.5,100,21.5,4.5,27,4.5,-3,-0.5,25
8.1,23.25,7,69.75,100,23.25,3.5,29,3.5,-5.5,0.5,25
8.1,24,3.75,70.75,100,24,1.5,31,1.5,-6.5,2,25
8.1,23.5,72,72.25,0.25,23.5,-1,33,-1,0,3,8
8.1,22.25,71,74.5,5.5,22.25,-2.5,35,-2.5,-2,4.5,10.5
6.75,20.75,70,76.25,11.25,70,-2,35,-3,-2,3.5,11.5
5.4,19,7.25,77.5,73,69,-2,35,-3.5,-2.5,2.5,4
5.4,17.75,6.25,78.5,74.75,68,-2,35,-2.5,-2,2,3.5
5.4,16,4.75,80,76.75,67,-2,35,-3.5,-3,3,4
5.4,14.25,3,81.5,78.25,66,-2,35,-3.5,-3.5,3,3
5.4,12.25,1.5,83.5,79.25,65,-2,35,-4,-3,4,2
5.4,10.75,0.25,85,80.25,64,-2,35,-3,-2.5,3,2
5.4,9,91.5,86.5,1.5,63,-2,35,-3.5,-2.5,3,3.5
5.4,6.75,90.5,88,3.75,62,-2,35,-4.5,-2,3,4.5
5.4,5,89.5,89.75,5.5,61,-2,35,-3.5,-2,3.5,3.5
5.4,3.25,88.5,91,6.75,60,-2,35,-3.5,-2,2.5,2.5
5.4,1.5,87.5,92.25,7.75,59,-2,35,-3.5,-2,2.5,2
5.4,0.25,86.5,93.25,9.25,58,-2,35,-2.5,-2,2,3
4.05,57,85.5,88.75,10.5,57,-2,35,-2,-2,7,2.5
2.7,56,84.5,91.75,12.25,84.5,-2,35,-2,-2,6,3.5
1.8,55,100,94.25,100,83.5,-2,35,-2,25,5,25
1.8,54,100,96.25,100,82.5,-2,35,-2,25,4,25
1.8,53,100,97.75,100,81.5,-2,35,-2,25,3,25
1.8,52,100,98.75,100,80.5,-2,35,-2,25,2,25
1.8,51,100,99.75,100,79.5,-2,35,-2,25,2,25
1.8,50,100,100,100,78.5,-2,35,-2,25,25,25
1.8,49,100,100,100,77.5,-2,35,-2,25,25,25
1.8,48,100,100,100,76.5,-2,35,-2,25,25,25
1.8,47,100,100,100,75.5,-2,35,-2,25,25,25
1.8,46,100,100,100,74.5,-2,35,-2,25,25,25
1.8,45,100,100,100,73.5,-2,35,-2,25,25,25
1.8,44,100,100,100,72.5,-2,35,-2,25,25,25
1.8,43,100,100,100,71,-3,35,-2,25,25,25
1.8,42,100,100,100,70,-2,35,-2,25,25,25
1.8,41,100,100,100,69,-2,35,-2,25,25,25
1.8,40,100,100,100,67.75,-2.5,35,-2,25,25,25
1.8,39,100,100,100,66.75,-2,35,-2,25,25,25
1.8,37.75,100,100,100,65.75,-2,35,-2.5,25,25,25
1.8,36,100,100,100,64.75,-2,35,-3.5,25,25,25
1.8,34.75,100,100,100,63.75,-2,35,-2.5,25,25,25
1.8,33,100,100,100,62.25,-3,35,-3.5,25,25,25
1.8,31.75,100,100,100,60.25,-4,35,-2.5,25,25,25
1.8,30.75,100,100,100,58.75,-3,35,-2,25,25,25
1.8,29.75,100,100,100,57,-3.5,35,-2,25,25,25
1.8,28.25,100,100,100,55.5,-3,35,-3,25,25,25
1.8,27,100,100,100,53.5,-4,35,-2.5,25,25,25
1.8,26,100,100,100,52,-3,35,-2,25,25,25
1.8,24.75,100,100,100,51,-2,35,-2.5,25,25,25
1.8,23.75,100,100,100,50,-2,35,-2,25,25,25
1.8,22.75,100,100,100,48.75,-2.5,35,-2,25,25,25
1.8,21.25,100,100,100,47,-3.5,35,-3,25,25,25
1.8,19.25,100,100,100,44.75,-4.5,35,-4,25,25,25
1.8,16.75,100,100,100,42,-5.5,35,-5,25,25,25
1.8,13.75,100,100,100,38.75,-6.5,35,-6,25,25,25
1.8,10.25,100,100,100,35,-7.5,35,-7,25,25,25
1.8,6.25,100,100,100,30.75,-8.5,35,-8,25,25,25
1.8,1.75,100,100,100,26,-9.5,35,-9,25,25,25
1.8,63.75,100,3.25,100,20.75,-10.5,35,-6,25,10,25
3.15,60.25,15,8.25,100,15,-11.5,35,-7,-11.5,10,25
4.5,57,8.75,13.75,100,57,-6.5,35,-6.5,-12.5,11,25
5.4,64.75,2,32,100,53.75,-6.5,35,-3,-13.5,2.5,25
6.75,62.75,51,33,26.25,51,-5.5,35,-4,-5.5,2,13
8.1,61.25,48.25,34.5,32.25,61.25,-3,35,-3,-5.5,3,12
9,100,46,100,37.75,59.5,-3.5,35,25,-4.5,25,11
9,100,43.75,100,42.75,58,-3,35,25,-4.5,25,10
9,100,42,100,47.25,56,-4,35,25,-3.5,25,9
9,100,40.5,100,51.25,53.5,-5,35,25,-3,25,8
9,100,39.25,100,54.75,51.5,-4,35,25,-2.5,25,7
9,100,37.5,100,57.75,49.25,-4.5,35,25,-3.5,25,6
9,100,36.25,100,60.25,47.5,-3.5,35,25,-2.5,25,5
9,100,35,100,62.25,46,-3,35,25,-2.5,25,4
9,100,33.75,100,63.75,44,-4,35,25,-2.5,25,3
9,100,32.75,100,64.75,42.5,-3,35,25,-2,25,2
9,100,31.75,100,66.25,41.5,-2,35,25,-2,25,3
9,100,30.25,100,67.25,40.5,-2,35,25,-3,25,2
9,100,29.25,100,68.25,39.5,-2,35,25,-2,25,2
9,100,27.75,100,69.25,38.5,-2,35,25,-3,25,2
9,100,26.5,100,70.25,37.5,-2,35,25,-2.5,25,2
9,100,24.75,100,71.25,36,-3,35,25,-3.5,25,2
9,100,24.5,100,71.25,35.5,-1,33,25,-0.5,25,0
9,100,24.25,100,71.25,35.25,-0.5,33,25,-0.5,25,0
9,100,23.5,100,71.25,34.75,-1,33,25,-1.5,25,0
9,100,22.5,100,71.5,34.75,0,33,25,-2,25,0.5
9,100,21.75,100,72.25,34.75,0,33,25,-1.5,25,1.5
9,100,21.5,100,71.5,35.75,2,31,25,-0.5,25,-1.5
9,100,21.25,100,70.5,36.75,2,31,25,-0.5,25,-2
9,100,20.5,100,70.5,36.75,0,33,25,-1.5,25,0
9,100,19.75,100,70.75,36.5,-0.5,33,25,-1.5,25,0.5
9,100,19,100,71,36.5,0,33,25,-1.5,25,0.5
9,100,18.75,100,71,36.5,0,33,25,-0.5,25,0
9,100,18.75,100,71.5,36.5,0,33,25,0,25,1
9,100,18.25,100,72.25,36.5,0,33,25,-1,25,1.5
9,100,17.25,100,73.5,36.5,0,33,25,-2,25,2.5
9,100,15.75,100,75.25,36.5,0,33,25,-3,25,3.5
9,100,12.75,100,77.5,35.5,-2,35,25,-6,25,4.5
9,100,9.25,100,79.75,34,-3,35,25,-7,25,4.5
9,100,5.25,100,81.5,33,-2,35,25,-8,25,3.5
9,100,0.75,100,83.25,31.75,-2.5,35,25,-9,25,3.5
9,100,3.75,100,4.25,30.75,-2,35,25,-21,25,10
9,100,62.75,100,6.25,29.75,-2,35,25,-2,25,20
9,100,61.75,100,15.75,28.75,-2,35,25,-2,25,12
9,100,60.75,100,21.25,27.25,-3,35,25,-2,25,11
9,100,59.75,100,26.25,26.25,-2,35,25,-2,25,10
9,100,58.75,100,30.75,24.75,-3,35,25,-2,25,9
9,100,57.75,100,34.75,23.75,-2,35,25,-2,25,8
9,100,56.75,100,38.25,22.75,-2,35,25,-2,25,7
9,100,55.75,100,41.25,21.75,-2,35,25,-2,25,6
9,100,54.75,100,43.75,20.75,-2,35,25,-2,25,5
9,100,53.75,100,45.75,19.75,-2,35,25,-2,25,4
9,100,52.75,100,47.25,18.75,-2,35,25,-2,25,3
9,100,51.75,100,48.25,17.25,-3,35,25,-2,25,2
9,100,50.75,100,49.25,15.25,-4,35,25,-2,25,2
9,100,49.75,100,50.25,12.75,-5,35,25,-2,25,2
7.65,9.75,48.75,100,51.25,9.75,-6,35,-6,-2,25,2
6.3,7.25,47.75,100,52.25,47.75,-2,35,-5,-2,25,2
5.4,5.25,41,100,37.25,46.75,-2,35,-4,-3,25,5
5.4,3.75,40,100,39.5,45.75,-2,35,-3,-2,25,4.5
5.4,2.75,39,100,42.25,44.75,-2,35,-2,-2,25,5.5
5.4,1.75,37.5,100,45.25,43.75,-2,35,-2,-3,25,6
5.4,0.25,36.25,100,48.5,42.75,-2,35,-3,-2.5,25,6.5
5.4,91.5,35.25,1.25,52,41.75,-2,35,-8,-2,3,7
5.4,87.5,34.25,2.75,55,40.75,-2,35,-8,-2,3,6
5.4,84,33.25,4.25,57.5,39.75,-2,35,-7,-2,3,5
5.4,80,32,5.5,59.5,38.75,-2,35,-8,-2.5,2.5,4
5.4,75.5,30.75,6.5,61.25,37.75,-2,35,-9,-2.5,2,3.5
5.4,70.5,29.75,7.5,63.5,36.75,-2,35,-10,-2,2,4.5
5.4,66,29.5,8,64.25,36.75,0,33,-9,-0.5,1,1.5
5.4,61,28.75,8.75,65.25,36.75,0,33,-10,-1.5,1.5,2
5.4,55.5,27.5,9.5,65.75,36.75,0,33,-11,-2.5,1.5,1
5.4,49.5,25.75,10.5,66.5,36.75,0,33,-12,-3.5,2,1.5
5.4,43,23.5,12,67.5,36.75,0,33,-13,-4.5,3,2
5.4,35,20.25,15,69,35.75,-2,35,-16,-6.5,6,3
5.4,26.5,17.25,18.5,71,34.75,-2,35,-17,-6,7,4
5.4,17.5,13.75,22.5,73.5,33.75,-2,35,-18,-7,8,5
5.4,8,10,27,75.75,32.75,-2,35,-19,-7.5,9,4.5
5.4,9.5,5.75,2,77.75,31.75,-2,35,-16,-8.5,20,4
5.4,2,1.75,12.5,80.25,30.75,-2,35,-15,-8,21,5
6.75,89.25,29.75,5,82.25,29.75,-2,35,-2,-2,14,2
8.1,88.25,28.75,12.5,83.25,88.25,-2,35,-2,-2,15,2
9,100,27.75,100,84.25,87.25,-2,35,25,-2,25,2
9,100,26.75,100,85.25,86.25,-2,35,25,-2,25,2
9,100,25.75,100,86.25,85.25,-2,35,25,-2,25,2
9,100,24.75,100,87.25,84.25,-2,35,25,-2,25,2
9,100,23.75,100,88.25,83.25,-2,35,25,-2,25,2
9,100,22.75,100,89.25,82.25,-2,35,25,-2,25,2
9,100,21.75,100,90.25,81.25,-2,35,25,-2,25,2
9,100,20.75,100,91.25,80.25,-2,35,25,-2,25,2
9,100,19.75,100,92.25,79.25,-2,35,25,-2,25,2
9,100,18.75,100,93.25,78.25,-2,35,25,-2,25,2
9,100,17.75,100,94.25,77.25,-2,35,25,-2,25,2
9,100,16.75,100,95.25,76.25,-2,35,25,-2,25,2
9,100,15.75,100,96.25,75.25,-2,35,25,-2,25,2
9,100,14.75,100,97.25,74.25,-2,35,25,-2,25,2
9,100,13.75,100,98.25,73.25,-2,35,25,-2,25,2
9,100,12.75,100,99.25,72.25,-2,35,25,-2,25,2
9,100,11.75,100,100,71.25,-2,35,25,-2,25,25
9,100,10.75,100,100,70.25,-2,35,25,-2,25,25
9,100,9.75,100,100,69.25,-2,35,25,-2,25,25
9,100,8.75,100,100,68,-2.5,35,25,-2,25,25
9,100,7.75,100,100,66.25,-3.5,35,25,-2,25,25
9,100,6.75,100,100,64,-4.5,35,25,-2,25,25
9,100,5.75,100,100,61.25,-5.5,35,25,-2,25,25
9,100,4.75,100,100,58,-6.5,35,25,-2,25,25
9,100,3.75,100,100,54.25,-7.5,35,25,-2,25,25
9,100,3.75,100,100,51,-6.5,33,25,0,25,25
9,100,3.75,100,100,47.25,-7.5,33,25,0,25,25
9,100,4.75,100,100,44,-6.5,31,25,2,25,25
9,100,5.75,100,100,40.25,-7.5,31,25,2,25,25
9,100,7.5,100,100,37,-6.5,29,25,3.5,25,25
9,100,9.75,100,100,34.25,-5.5,27,25,4.5,25,25
9,100,13,100,100,32,-4.5,25,25,6.5,25,25
9,100,15,100,100,28.25,-7.5,27,25,4,25,25
9,100,18.25,100,100,25,-6.5,25,25,6.5,25,25
9,100,20.5,100,100,21,-8,27,25,4.5,25,25
7.65,16.5,22.75,100,100,16.5,-9,27,-9,4.5,25,25
6.3,12.5,25.25,100,100,25.25,5,27,-8,5,25,25
6.3,8,26.75,100,100,26.75,3,29,-9,3,25,25
6.3,3,26.75,100,100,26.75,0,31,-10,0,25,25
6.3,83.25,25.25,2.5,100,25.25,-3,33,0,-3,11,25
7.65,83.25,23.25,8.5,100,83.25,0,33,0,-4,12,25
9,100,20.75,100,100,83.25,0,33,25,-5,25,25
9,100,16.75,100,100,82.25,-2,35,25,-8,25,25
9,100,12.25,100,100,81.25,-2,35,25,-9,25,25
9,100,7.25,100,100,80.25,-2,35,25,-10,25,25
9,100,1.75,100,100,79.25,-2,35,25,-11,25,25
9,100,46.5,100,3.75,78.25,-2,35,25,-10.5,25,11
9,100,41.25,100,9.75,77.25,-2,35,25,-10.5,25,12
9,100,36.5,100,15.5,76.25,-2,35,25,-9.5,25,11.5
9,100,32.25,100,21.25,75.25,-2,35,25,-8.5,25,11.5
9,100,27.75,100,27.5,74.25,-2,35,25,-9,25,12.5
9,100,23.25,100,33.5,73.25,-2,35,25,-9,25,12
9,100,18.75,100,39.75,72.25,-2,35,25,-9,25,12.5
9,100,14.5,100,46,71.25,-2,35,25,-8.5,25,12.5
9,100,9.75,100,52.5,70.25,-2,35,25,-9.5,25,13
9,100,5.25,100,58.75,69.25,-2,35,25,-9,25,12.5
9,100,1,100,65.25,68.25,-2,35,25,-8.5,25,13
9,100,77,100,3.5,67.25,-2,35,25,-4.5,25,9
9,100,74.25,100,7.5,66.25,-2,35,25,-5.5,25,8
9,100,72,100,11,65.25,-2,35,25,-4.5,25,7
9,100,70,100,15,64.25,-2,35,25,-4,25,8
9,100,68.5,100,18.5,63.25,-2,35,25,-3,25,7
9,100,67,100,21.5,62.25,-2,35,25,-3,25,6
9,100,65.25,100,24,61.25,-2,35,25,-3.5,25,5
9,100,63.5,100,26.25,60.25,-2,35,25,-3.5,25,4.5
9,100,61.75,100,28,59.25,-2,35,25,-3.5,25,3.5
9,100,60.5,100,29.25,58.25,-2,35,25,-2.5,25,2.5
9,100,58.75,100,30.75,57,-2.5,35,25,-3.5,25,3
9,100,56.5,100,32.5,56,-2,35,25,-4.5,25,3.5
9,100,53.75,100,33.75,54.75,-2.5,35,25,-5.5,25,2.5
9,100,50.5,100,34.75,53.5,-2.5,35,25,-6.5,25,2
9,100,46.75,100,35.75,51.75,-3.5,35,25,-7.5,25,2
9,100,42.5,100,36.75,50,-3.5,35,25,-8.5,25,2
9,100,37.75,100,37.75,48.5,-3,35,25,-9.5,25,2
9,100,32.5,100,38.75,46.75,-3.5,35,25,-10.5,25,2
9,100,26.75,100,39.75,45,-3.5,35,25,-11.5,25,2
9,100,20.5,100,40.75,43,-4,35,25,-12.5,25,2
9,100,13.75,100,42.25,41.25,-3.5,35,25,-13.5,25,3
9,100,7.25,100,44.25,39.75,-3,35,25,-13,25,4
9,100,0.25,100,46.75,37.75,-4,35,25,-14,25,5
7.65,36,49.75,100,7.25,36,-3.5,35,-3.5,-4,25,15
6.3,34,48.25,100,15.25,48.25,-3,35,-4,-3,25,16
5.4,32.5,44,100,53.25,46.75,-3,35,-3,-4.5,25,2
5.4,31,41.25,100,54.75,44.75,-4,35,-3,-5.5,25,3
5.4,30.75,39,100,55.5,43.5,-2.5,33,-0.5,-4.5,25,1.5
5.4,31.5,37.25,100,54.75,42.75,-1.5,31,1.5,-3.5,25,-1.5
5.4,31.5,34,100,55.25,40.75,-4,33,0,-6.5,25,1
5.4,31.5,30.25,100,56,38.5,-4.5,33,0,-7.5,25,1.5
5.4,31.25,26,100,57,36,-5,33,-0.5,-8.5,25,2
5.4,30.5,21.25,100,58.5,33.5,-5,33,-1.5,-9.5,25,3
5.4,28.5,15,100,60.5,29.75,-7.5,35,-4,-12.5,25,4
5.4,26,8.25,100,62,25.75,-8,35,-5,-13.5,25,3
5.4,23.25,1,100,63.25,21.25,-9,35,-5.5,-14.5,25,2.5
4.05,16.25,39,85,6.75,16.25,-10,35,-10,-7,7.5,15.5
2.7,10.75,36,88.25,15,36,-6,35,-11,-6,6.5,16.5
2.7,5.5,33.5,91,23.75,33.5,-5,35,-10.5,-5,5.5,17.5
2.7,49.25,31.5,0.25,32.5,31.5,-4,35,-9.5,-4,11.5,17.5
4.05,45,30,6.5,40.75,45,-8.5,35,-8.5,-3,12.5,16.5
5.4,8,29,100,48.5,41.25,-7.5,35,-4,-2,25,15.5
5.4,6.75,29,100,54.75,39,-4.5,33,-2.5,0,25,12.5
5.4,6,29,100,60.5,37.25,-3.5,33,-1.5,0,25,11.5
5.4,5.5,29,100,65.75,36,-2.5,33,-1,0,25,10.5
5.4,4.75,29,100,70.5,35.25,-1.5,33,-1.5,0,25,9.5
5.4,4.25,29,100,74.75,35,-0.5,33,-1,0,25,8.5
5.4,4.25,29,100,78.5,35,0,33,0,0,25,7.5
5.4,4.25,29,100,81.75,35,0,33,0,0,25,6.5
5.4,5.25,30,100,83.5,36,2,31,2,2,25,3.5
5.4,6.25,31,100,84.75,37,2,31,2,2,25,2.5
5.4,6.25,31,100,86.5,37,0,33,0,0,25,3.5
5.4,6.25,31,100,87.75,36.75,-0.5,33,0,0,25,2.5
5.4,5,30,100,89.5,35.75,-2,35,-2.5,-2,25,3.5
5.4,3.25,29,100,90.75,34.75,-2,35,-3.5,-2,25,2.5
5.4,3,29,100,90.75,34.75,0,33,-0.5,0,25,0
5.4,2,28,100,91.75,33.5,-2.5,35,-2,-2,25,2
5.4,1,27,100,92.75,32.5,-2,35,-2,-2,25,2
5.4,0,26,100,93.75,31,-3,35,-2,-2,25,2
5.4,93.75,25,1,94.75,29,-4,35,-3,-2,2,2
5.4,92.75,24,2,95.75,26.5,-5,35,-2,-2,2,2
5.4,92.25,24,2,95.75,24.5,-4,33,-1,0,0,0
5.4,90.25,23,3,96.75,21,-7,35,-4,-2,2,2
5.4,87.75,22,4,97.75,17,-8,35,-5,-2,2,2
4.05,12.5,21,100,98.75,12.5,-9,35,-9,-2,25,2
2.7,7.5,20,100,99.75,20,-2,35,-10,-2,25,2
2.7,3,20,100,99.75,20,0,33,-9,0,25,0
2.7,11,19,3,100,19,-2,35,-15.5,-2,12,25
2.7,3.75,18,9.5,100,18,-2,35,-14.5,-2,13,25
4.05,92,17,4,100,92,-2,35,-2,-2,15.5,25
5.4,57.25,16,13.5,100,91,-2,35,-12,-2,3.5,25
5.4,50.75,15,14.75,100,90,-2,35,-13,-2,2.5,25
5.4,43.75,14,16,100,89,-2,35,-14,-2,2.5,25
5.4,36.25,13,17.75,100,88,-2,35,-15,-2,3.5,25
5.4,28.25,12,20,100,87,-2,35,-16,-2,4.5,25
5.4,19.75,11,22.75,100,86,-2,35,-17,-2,5.5,25
5.4,10.75,10,26,100,85,-2,35,-18,-2,6.5,25
5.4,2,9,29.75,100,84,-2,35,-17.5,-2,7.5,25
5.4,41,8,6.75,100,83,-2,35,-5.5,-2,17.5,25
5.4,38.75,6.5,15.25,100,82,-2,35,-4.5,-3,17,25
5.4,37,5.5,24.25,100,81,-2,35,-3.5,-2,18,25
5.4,35.75,4.25,32.75,100,80,-2,35,-2.5,-2.5,17,25
5.4,34.75,3,40.75,100,79,-2,35,-2,-2.5,16,25
5.4,33.75,1.75,48.25,100,77.75,-2.5,35,-2,-2.5,15,25
5.4,32.75,0,55.25,100,76.25,-3,35,-2,-3.5,14,25
5.4,31.75,87.25,61.75,2.25,75.25,-2,35,-2,-6,13,4.5
5.4,30.75,83.75,67.75,5,74.25,-2,35,-2,-7,12,5.5
5.4,29.75,79.75,73.25,7.25,73.25,-2,35,-2,-8,11,4.5
5.4,28.75,75.25,78.25,9.75,72.25,-2,35,-2,-9,10,5
5.4,27.75,71.25,82.75,12,71.25,-2,35,-2,-8,9,4.5
5.4,26.75,66.75,86.75,14,69.75,-3,35,-2,-9,8,4
5.4,25.75,61.75,90.25,15.75,68,-3.5,35,-2,-10,7,3.5
5.4,24.75,56.25,93.25,17,66.75,-2.5,35,-2,-11,6,2.5
5.4,23.75,50.25,95.75,18,65.75,-2,35,-2,-12,5,2
5.4,22.75,43.75,97.75,19.25,64.75,-2,35,-2,-13,4,2.5
5.4,21.75,36.75,99.25,21,63.75,-2,35,-2,-14,3,3.5
5.4,20.75,29.25,100,23.25,62.75,-2,35,-2,-15,25,4.5
5.4,19.75,21.25,100,26,61.75,-2,35,-2,-16,25,5.5
5.4,18.75,12.75,100,29.25,60.75,-2,35,-2,-17,25,6.5
5.4,17.75,4.75,100,33,59.25,-3,35,-2,-16,25,7.5
5.4,16.75,36.5,100,3.5,58.25,-2,35,-2,-15.5,25,16.5
5.4,15.75,28.25,100,12,57.25,-2,35,-2,-16.5,25,17
5.4,14.75,20.5,100,20.5,55.75,-3,35,-2,-15.5,25,17
5.4,13.25,13.25,100,29.5,54.25,-3,35,-3,-14.5,25,18
5.4,12.25,6.5,100,39,52.25,-4,35,-2,-13.5,25,19
5.4,10.75,0.25,100,49,49.75,-5,35,-3,-12.5,25,20
5.4,8.75,79.25,100,5.5,46.75,-6,35,-4,-2,25,11.5
5.4,6.75,78.25,100,10.75,43.25,-7,35,-4,-2,25,10.5
5.4,5,77.25,100,15.5,39.25,-8,35,-3.5,-2,25,9.5
5.4,3,76.25,100,19.75,34.75,-9,35,-4,-2,25,8.5
5.4,1.25,75.25,100,23.5,29.75,-10,35,-3.5,-2,25,7.5
5.4,73,74.25,0.5,26.75,24.25,-11,35,-13,-2,3.5,6.5
5.4,66,73.25,2,29.5,18.25,-12,35,-14,-2,3,5.5
5.4,58.5,72.25,4,31.75,11.75,-13,35,-15,-2,4,4.5
5.4,50.5,71.25,6.25,33.5,4.75,-14,35,-16,-2,4.5,3.5
5.4,42,70.25,9,34.75,48.75,-10,35,-17,-2,5.5,2.5
5.4,33,69.25,12.25,35.75,43.25,-11,35,-18,-2,6.5,2
4.05,38,68.25,19.25,36.75,38,-10.5,35,-10.5,-2,17,2
2.7,32.75,67.25,27.25,38.25,67.25,-2,35,-10.5,-2,16,3
1.8,27.75,100,34.75,100,66.25,-2,35,-10,25,15,25
1.8,22.5,100,41.75,100,65.25,-2,35,-10.5,25,14,25
1.8,16.75,100,48.25,100,64.25,-2,35,-11.5,25,13,25
1.8,11.5,100,54.25,100,63.25,-2,35,-10.5,25,12,25
1.8,6.75,100,59.75,100,62.25,-2,35,-9.5,25,11,25
1.8,1.75,100,65,100,61.25,-2,35,-10,25,10.5,25
1.8,62.25,100,3.5,100,60.25,-2,35,-4.5,25,10.5,25
1.8,60.5,100,8.25,100,59.25,-2,35,-3.5,25,9.5,25
1.8,58.75,100,13.5,100,58.25,-2,35,-3.5,25,10.5,25
1.8,57.25,100,19,100,57.25,-2,35,-3,25,11,25
1.8,55.75,100,24,100,56.25,-2,35,-3,25,10,25
1.8,54,100,28.5,100,55.25,-2,35,-3.5,25,9,25
1.8,52.75,100,32.5,100,53.75,-3,35,-2.5,25,8,25
1.8,51,100,36,100,52.75,-2,35,-3.5,25,7,25
1.8,49.25,100,39,100,51.75,-2,35,-3.5,25,6,25
1.8,48,100,41.5,100,50.5,-2.5,35,-2.5,25,5,25
1.8,46.25,100,43.75,100,49.5,-2,35,-3.5,25,4.5,25
1.8,44,100,45.75,100,48,-3,35,-4.5,25,4,25
1.8,42.25,100,48.25,100,46,-4,35,-3.5,25,5,25
1.8,40.5,100,50.25,100,43.75,-4.5,35,-3.5,25,4,25
1.8,39,100,52.75,100,41.5,-4.5,35,-3,25,5,25
1.8,37.75,100,54.75,100,39.25,-4.5,35,-2.5,25,4,25
1.8,36.25,100,57.25,100,37.25,-4,35,-3,25,5,25
1.8,35,100,59.25,100,34.75,-5,35,-2.5,25,4,25
3.15,33.75,32.5,60.75,82.25,32.5,-4.5,35,-2.5,-4.5,3,2.5
4.5,32.25,30.75,61.75,83.25,32.25,-3,35,-3,-3.5,2,2
5.4,82.25,28.75,2,84.25,31,-2.5,35,-3,-4,8,2
6.75,81.25,30,5.5,63.75,30,-2,35,-2,-2,7,2
8.1,79.75,29,9.5,64.75,79.75,-3,35,-3,-2,8,2
9,100,28,100,66,78.75,-2,35,25,-2,25,2.5
9,100,26.75,100,67.5,77.75,-2,35,25,-2.5,25,3
9,100,25.25,100,68.5,76.75,-2,35,25,-3,25,2
9,100,23.75,100,69.5,75.75,-2,35,25,-3,25,2
9,100,22.25,100,70.5,74.5,-2.5,35,25,-3,25,2
9,100,20.25,100,71.75,73,-3,35,25,-4,25,2.5
9,100,17.75,100,73.25,72,-2,35,25,-5,25,3
9,100,14.75,100,74.5,71,-2,35,25,-6,25,2.5
9,100,11.25,100,75.75,69.5,-3,35,25,-7,25,2.5
9,100,7.25,100,76.75,68.5,-2,35,25,-8,25,2
9,100,2.75,100,78,67.5,-2,35,25,-9,25,2.5
9,100,20.75,100,2.25,66.5,-2,35,25,-18,25,10
9,100,12.25,100,7.75,65.5,-2,35,25,-17,25,11
9,100,4,100,13.75,64.5,-2,35,25,-16.5,25,12
9,100,61.5,100,3.75,63.5,-2,35,25,-2,25,15.5
9,100,60.5,100,11,62.25,-2.5,35,25,-2,25,14.5
9,100,59.5,100,17.75,61.25,-2,35,25,-2,25,13.5
9,100,58.5,100,24,60.25,-2,35,25,-2,25,12.5
9,100,57.5,100,29.75,58.75,-3,35,25,-2,25,11.5
9,100,56.5,100,35,57.75,-2,35,25,-2,25,10.5
9,100,55.5,100,39.75,56.75,-2,35,25,-2,25,9.5
9,100,54.5,100,44,55.75,-2,35,25,-2,25,8.5
9,100,53.5,100,47.75,54.75,-2,35,25,-2,25,7.5
9,100,52.5,100,51,53.75,-2,35,25,-2,25,6.5
9,100,51.5,100,53.75,52.75,-2,35,25,-2,25,5.5
9,100,50.5,100,56,51.75,-2,35,25,-2,25,4.5
9,100,49.5,100,57.75,50.75,-2,35,25,-2,25,3.5
9,100,48.5,100,59,49.75,-2,35,25,-2,25,2.5
9,100,47.5,100,60,48.25,-3,35,25,-2,25,2
9,100,46.5,100,61,47.25,-2,35,25,-2,25,2
9,100,45.5,100,62,46.25,-2,35,25,-2,25,2
9,100,44.5,100,63,45.25,-2,35,25,-2,25,2
9,100,43.5,100,64,44,-2.5,35,25,-2,25,2
9,100,42.5,100,65,42.5,-3,35,25,-2,25,2
9,100,41.5,100,66,41,-3,35,25,-2,25,2
9,100,41.5,100,66,40,-2,33,25,0,25,0
9,100,41.5,100,66,39.5,-1,33,25,0,25,0
9,100,40.5,100,67,38,-3,35,25,-2,25,2
9,100,39.25,100,68,36,-4,35,25,-2.5,25,2
9,100,38.25,100,69,34,-4,35,25,-2,25,2
7.65,31.5,37.25,100,70,31.5,-5,35,-5,-2,25,2
7.65,29.25,36.25,100,71,29.25,-4.5,35,-4.5,-2,25,2
6.3,27.25,34.75,100,72,34.75,-3,35,-4,-3,25,2
5.4,25.25,7.5,100,86.75,33.5,-2.5,35,-4,-3,25,4
5.4,23.5,5.5,100,88.25,31.75,-3.5,35,-3.5,-4,25,3
5.4,22,3,100,89.25,29.5,-4.5,35,-3,-5,25,2
5.4,20,0.5,100,90.25,26.75,-5.5,35,-4,-5,25,2
5.4,18.5,58.5,100,2,23.5,-6.5,35,-3,-4,25,5
5.4,16.75,56,100,4.25,19.75,-7.5,35,-3.5,-5,25,4.5
4.05,15.5,54,81.5,7,15.5,-8.5,35,-8.5,-4,2,5.5
2.7,10.75,52.5,82.5,10.25,52.5,-3,35,-9.5,-3,2,6.5
1.8,5.5,100,83.75,100,51,-3,35,-10.5,25,2.5,25
1.8,38,100,0.25,100,49.5,-3,35,-9.5,25,11.5,25
1.8,33.75,100,6.5,100,48,-3,35,-8.5,25,12.5,25
1.8,30,100,13.25,100,47,-2,35,-7.5,25,13.5,25
1.8,26.75,100,19.5,100,45.75,-2.5,35,-6.5,25,12.5,25
1.8,24,100,26.25,100,44,-3.5,35,-5.5,25,13.5,25
1.8,21.75,100,32.75,100,42.75,-2.5,35,-4.5,25,13,25
1.8,20,100,38.75,100,41.5,-2.5,35,-3.5,25,12,25
1.8,18.75,100,45.25,100,40.25,-2.5,35,-2.5,25,13,25
1.8,17.75,100,51.25,100,38.5,-3.5,35,-2,25,12,25
1.8,16.25,100,57.75,100,37.25,-2.5,35,-3,25,13,25
1.8,15.25,100,63.75,100,36.25,-2,35,-2,25,12,25
1.8,15,100,68.25,100,36.25,0,33,-0.5,25,9,25
1.8,15,100,72.25,100,36,-0.5,33,0,25,8,25
1.8,16,100,74.75,100,36.25,0.5,31,2,25,5,25
1.8,16.75,100,76.75,100,37,1.5,31,1.5,25,4,25
1.8,17.75,100,78.25,100,37.5,1,31,2,25,3,25
1.8,17.5,100,80.25,100,36.75,-1.5,33,-0.5,25,4,25
1.8,17.5,100,81.75,100,36.5,-0.5,33,0,25,3,25
1.8,18.25,100,81.75,100,37.5,2,31,1.5,25,0,25
1.8,19.25,100,81.25,100,38.25,1.5,31,2,25,-1,25
1.8,20,100,80.25,100,39.25,2,31,1.5,25,-2,25
1.8,20,100,80.25,100,38.75,-1,33,0,25,0,25
1.8,20,100,80.25,100,38.75,0,33,0,25,0,25
1.8,18.75,100,81.25,100,37.5,-2.5,35,-2.5,25,2,25
1.8,17,100,82.25,100,36.25,-2.5,35,-3.5,25,2,25
1.8,15.25,100,83.25,100,34.75,-3,35,-3.5,25,2,25
1.8,14,100,83.25,100,34.5,-0.5,33,-2.5,25,0,25
1.8,13.5,100,82.25,100,34.75,0.5,31,-1,25,-2,25
1.8,12.5,100,81.5,100,34.5,-0.5,31,-2,25,-1.5,25
1.8,13,100,79.75,100,34.75,0.5,29,1,25,-3.5,25
1.8,14,100,78,100,34.5,-0.5,29,2,25,-3.5,25
1.8,14.5,100,76.5,100,33.75,-1.5,29,1,25,-3,25
1.8,16,100,73.5,100,33.5,-0.5,27,3,25,-6,25
1.8,17.5,100,70.5,100,33.25,-0.5,27,3,25,-6,25
1.8,18,100,68.5,100,32.25,-2,29,1,25,-4,25
1.8,19,100,66.5,100,31.25,-2,29,2,25,-4,25
1.8,20.5,100,63.5,100,31.75,1,27,3,25,-6,25
1.8,22.25,100,60.5,100,31.75,0,27,3.5,25,-6,25
1.8,24.5,100,56.75,100,33,2.5,25,4.5,25,-7.5,25
1.8,26.25,100,53,100,33.75,1.5,25,3.5,25,-7.5,25
1.8,27.5,100,50,100,33.5,-0.5,27,2.5,25,-6,25
1.8,28.25,100,48,100,32.5,-2,29,1.5,25,-4,25
1.8,28.5,100,46,100,32,-1,29,0.5,25,-4,25
1.8,30.25,100,43,100,32.75,1.5,27,3.5,25,-6,25
1.8,32.5,100,40,100,33,0.5,27,4.5,25,-6,25
1.8,34.5,100,37,100,33.75,1.5,27,4,25,-6,25
1.8,37,100,34.25,100,35,2.5,27,5,25,-5.5,25
1.8,38,100,32.75,100,35,0,29,2,25,-3,25
1.8,39.5,100,31.75,100,35.5,1,29,3,25,-2,25
1.8,41.25,100,30.5,100,36.5,2,29,3.5,25,-2.5,25
1.8,42,100,30.5,100,36,-1,31,1.5,25,0,25
1.8,41.5,100,31.5,100,35,-2,33,-1,25,2,25
1.8,40,100,33.5,100,33.5,-3,35,-3,25,4,25
3.15,39,31.5,35.25,59.75,31.5,-4,35,-2,-4,3.5,8.5
4.5,37.75,30,37.5,63.5,37.75,-2.5,35,-2.5,-3,4.5,7.5
5.4,11.25,29,67.25,66.75,36.75,-2,35,-2,-2,5,6.5
5.4,10.75,29,68.5,68.5,36.75,0,33,-1,0,2.5,3.5
5.4,10.75,28.75,69.5,69.75,36.75,0,33,0,-0.5,2,2.5
5.4,10.5,28.75,70,70.5,36.75,0,33,-0.5,0,1,1.5
5.4,10.5,28.75,70.25,70.75,36.5,-0.5,33,0,0,0.5,0.5
5.4,9,27.75,71.5,71.75,35.5,-2,35,-3,-2,2.5,2
5.4,9,27.75,71.5,71.75,35.25,-0.5,33,0,0,0,0
5.4,9,27.75,72,71.75,35,-0.5,33,0,0,1,0
5.4,7.5,26.25,74,72.75,33.25,-3.5,35,-3,-3,4,2
5.4,7.5,26.25,75.5,72.75,32.25,-2,33,0,0,3,0
5.4,8.5,27.25,75.75,72,32.5,0.5,31,2,2,0.5,-1.5
5.4,9,28.25,75.75,71,32.5,0,31,1,2,0,-2
5.4,11,30.25,74.25,69,33,1,29,4,4,-3,-4
5.4,12,31.25,73.25,68,32.75,-0.5,31,2,2,-2,-2
5.4,12.5,32.25,72.25,67,32.5,-0.5,31,1,2,-2,-2
5.4,14.5,34.25,70.25,65,33.5,2,29,4,4,-4,-4
5.4,16.5,36,68.5,63,34.75,2.5,29,4,3.5,-3.5,-4
5.4,18,37.5,66.5,61.25,36,2.5,29,3,3,-4,-3.5
5.4,18,38,65.5,60.25,36.75,1.5,31,0,1,-2,-2
5.4,18.5,39,64.5,59.25,37.75,2,31,1,2,-2,-2
5.4,18,38.75,64.5,59.25,37.75,0,33,-1,-0.5,0,0
5.4,17,37.75,65.5,60.25,36.5,-2.5,35,-2,-2,2,2
5.4,16,36.75,66.5,61.75,34.75,-3.5,35,-2,-2,2,3
4.05,32.5,35.75,58.75,62.75,32.5,-4.5,35,-4.5,-2,5.5,2
2.7,29.75,34.75,61,63.75,34.75,-2,35,-5.5,-2,4.5,2
1.8,26.5,100,63,100,33.75,-2,35,-6.5,25,4,25
1.8,22.75,100,64.75,100,32.25,-3,35,-7.5,25,3.5,25
1.8,19.5,100,65.25,100,32.25,0,33,-6.5,25,1,25
1.8,14.75,100,66.5,100,31.25,-2,35,-9.5,25,2.5,25
1.8,9.5,100,68,100,30.25,-2,35,-10.5,25,3,25
1.8,4.25,100,69.5,100,28.75,-3,35,-10.5,25,3,25
1.8,51.5,100,1.5,100,27.75,-2,35,-6.5,25,11.5,25
3.15,48.75,26.25,7.25,73.5,26.25,-3,35,-5.5,-3,11.5,3.5
4.5,46.5,25.25,13.5,74.75,46.5,-4.5,35,-4.5,-2,12.5,2.5
5.4,63,24.25,9.75,75.75,44.75,-3.5,35,-5,-2,4,2
6.75,60.25,43.25,11.5,27.5,43.25,-3,35,-5.5,-3,3.5,14.5
8.1,57.25,42,13.75,34.25,57.25,-6,35,-6,-2.5,4.5,13.5
9,100,40.25,100,40.5,54.75,-5,35,25,-3.5,25,12.5
9,100,38.75,100,46.25,52.25,-5,35,25,-3,25,11.5
9,100,37.75,100,51.5,50.25,-4,35,25,-2,25,10.5
9,100,36.5,100,56.25,48,-4.5,35,25,-2.5,25,9.5
9,100,35.5,100,60.5,46.25,-3.5,35,25,-2,25,8.5
9,100,34.25,100,64.25,44.75,-3,35,25,-2.5,25,7.5
9,100,32.75,100,67.5,43,-3.5,35,25,-3,25,6.5
9,100,31,100,70.25,41.5,-3,35,25,-3.5,25,5.5
9,100,29.75,100,72.5,40.25,-2.5,35,25,-2.5,25,4.5
9,100,28.5,100,74.25,39,-2.5,35,25,-2.5,25,3.5
9,100,27.5,100,75.5,37.5,-3,35,25,-2,25,2.5
9,100,26.5,100,76.5,36.5,-2,35,25,-2,25,2
9,100,25.5,100,77.5,35.5,-2,35,25,-2,25,2
9,100,24.5,100,78.5,34.5,-2,35,25,-2,25,2
9,100,23,100,79.5,33.5,-2,35,25,-3,25,2
9,100,21.25,100,80.5,32,-3,35,25,-3.5,25,2
9,100,20,100,81.5,30.25,-3.5,35,25,-2.5,25,2
9,100,18.5,100,82.5,29,-2.5,35,25,-3,25,2
9,100,16.5,100,83.5,27.5,-3,35,25,-4,25,2
9,100,14.75,100,84.5,26.5,-2,35,25,-3.5,25,2
9,100,12.5,100,85.5,25.5,-2,35,25,-4.5,25,2
9,100,10.75,100,86.5,24,-3,35,25,-3.5,25,2
9,100,8.5,100,88,23,-2,35,25,-4.5,25,3
9,100,6.75,100,89,22,-2,35,25,-3.5,25,2
9,100,4.5,100,90.5,21,-2,35,25,-4.5,25,3
9,100,2.25,100,91.5,19.75,-2.5,35,25,-4.5,25,2
9,100,1,100,92,19.25,-1,33,25,-2.5,25,1
9,100,63.25,100,0.75,18.25,-2,35,25,-13,25,3.5
9,100,57.25,100,2,18.25,0,33,25,-12,25,2.5
9,100,50.75,100,3.75,18.25,0,33,25,-13,25,3.5
9,100,43.75,100,6,18.25,0,33,25,-14,25,4.5
7.65,18.25,36.25,77.75,8.75,18.25,0,33,0,-15,1,5.5
6.3,18.25,28.25,78.25,12,28.25,-16,33,0,-16,1,6.5
7.65,18,19.75,79.25,15.75,18,-0.5,33,-0.5,-17,2,7.5
7.65,17,10.75,80.75,21,17,-2,35,-2,-18,3,10.5
7.65,15.5,2,81.75,26.75,15.5,-3,35,-3,-17.5,2,11.5
6.3,14.5,46,82.75,7.25,46,-6,35,-2,-6,2,18.5
5.4,13,89,84,10.5,43.5,-5,35,-3,-2,2.5,2
4.05,41.5,88,26.75,11.5,41.5,-4,35,-4,-2,19.5,2
2.7,40,87,36,13,87,-2,35,-3,-2,18.5,3
1.8,38.25,100,44.75,100,85.5,-3,35,-3.5,25,17.5,25
1.8,36,100,53,100,84.5,-2,35,-4.5,25,16.5,25
1.8,34.25,100,60.75,100,83.25,-2.5,35,-3.5,25,15.5,25
1.8,32.75,100,68,100,82.25,-2,35,-3,25,14.5,25
1.8,30.75,100,74.75,100,81.25,-2,35,-4,25,13.5,25
1.8,28.75,100,81,100,79.75,-3,35,-4,25,12.5,25
1.8,26.5,100,86.75,100,78.25,-3,35,-4.5,25,11.5,25
1.8,23.75,100,92,100,77,-2.5,35,-5.5,25,10.5,25
1.8,20.75,100,96.75,100,75.25,-3.5,35,-6,25,9.5,25
1.8,17.25,100,100,100,73.75,-3,35,-7,25,25,25
1.8,13.25,100,100,100,72.25,-3,35,-8,25,25,25
1.8,9.75,100,100,100,70.75,-3,35,-7,25,25,25
1.8,6,100,100,100,69,-3.5,35,-7.5,25,25,25
1.8,2.5,100,100,100,67,-4,35,-7,25,25,25
1.8,77,100,1.5,100,65,-4,35,-5.5,25,8,25
1.8,74.5,100,6,100,63.5,-3,35,-5,25,9,25
1.8,71.75,100,10,100,61.5,-4,35,-5.5,25,8,25
1.8,68.5,100,13.5,100,60,-3,35,-6.5,25,7,25
1.8,65.25,100,17.5,100,58.75,-2.5,35,-6.5,25,8,25
1.8,61.5,100,21,100,57.75,-2,35,-7.5,25,7,25
1.8,58.25,100,24,100,56.75,-2,35,-6.5,25,6,25
1.8,55.5,100,26.75,100,55.75,-2,35,-5.5,25,5.5,25
1.8,53.25,100,29.25,100,54.75,-2,35,-4.5,25,5,25
1.8,51.25,100,31.5,100,53.5,-2.5,35,-4,25,4.5,25
1.8,48.75,100,33.75,100,52,-3,35,-5,25,4.5,25
1.8,45.75,100,35.5,100,50.5,-3,35,-6,25,3.5,25
1.8,43.25,100,36.75,100,49.5,-2,35,-5,25,2.5,25
1.8,40.5,100,38.25,100,48.5,-2,35,-5.5,25,3,25
1.8,38.25,100,40,100,47,-3,35,-4.5,25,3.5,25
1.8,35.5,100,42,100,45.25,-3.5,35,-5.5,25,4,25
1.8,33,100,43.5,100,44,-2.5,35,-5,25,3,25
1.8,30,100,45,100,43,-2,35,-6,25,3,25
1.8,27,100,47,100,42,-2,35,-6,25,4,25
1.8,24,100,49,100,40.5,-3,35,-6,25,4,25
1.8,21.5,100,51,100,39.25,-2.5,35,-5,25,4,25
1.8,18.5,100,52.5,100,38,-2.5,35,-6,25,3,25
1.8,16,100,52.5,100,37.75,-0.5,33,-5,25,0,25
1.8,13,100,52.75,100,37,-1.5,33,-6,25,0.5,25
1.8,8.5,100,54,100,35.75,-2.5,35,-9,25,2.5,25
1.8,3.5,100,55.75,100,34.5,-2.5,35,-10,25,3.5,25
1.8,47.75,100,2,100,33,-3,35,-9,25,11,25
3.15,43.75,32,7,100,32,-2,35,-8,-2,10,25
4.5,40.25,31,12.5,100,40.25,-7,35,-7,-2,11,25
5.4,44.5,29.5,54,100,37.25,-6,35,-2,-3,8,25
6.75,43.5,34.75,57.5,25,34.75,-5,35,-2,-5,7,13
8.1,42.5,32.75,61.25,31.25,42.5,-2,35,-2,-4,7.5,12.5
9,100,31.25,100,37.25,41.5,-2,35,25,-3,25,12
9,100,30.25,100,43.5,40.5,-2,35,25,-2,25,12.5
9,100,28.75,100,49.25,39.5,-2,35,25,-3,25,11.5
9,100,27.75,100,54.5,38.5,-2,35,25,-2,25,10.5
9,100,26.5,100,59.25,37.5,-2,35,25,-2.5,25,9.5
9,100,25.25,100,63.5,36.5,-2,35,25,-2.5,25,8.5
9,100,24.75,100,66.25,36.5,0,33,25,-1,25,5.5
9,100,24.25,100,68.5,36.5,0,33,25,-1,25,4.5
9,100,23.75,100,70.25,36.5,0,33,25,-1,25,3.5
9,100,23,100,71.5,36.5,0,33,25,-1.5,25,2.5
9,100,22.75,100,72.25,36.5,0,33,25,-0.5,25,1.5
9,100,22.75,100,72.5,36.5,0,33,25,0,25,0.5
9,100,22.5,100,72.5,36.5,0,33,25,-0.5,25,0
9,100,22.25,100,72.5,36.5,0,33,25,-0.5,25,0
9,100,22,100,72.5,36.5,0,33,25,-0.5,25,0
9,100,22,100,72.5,36.5,0,33,25,0,25,0
9,100,22,100,72.5,36.5,0,33,25,0,25,0
9,100,22,100,73,36.5,0,33,25,0,25,1
9,100,22,100,74,36.5,0,33,25,0,25,2
9,100,22,100,74.5,36.5,0,33,25,0,25,1
9,100,22,100,74.5,36.5,0,33,25,0,25,0
9,100,22,100,74.75,36.5,0,33,25,0,25,0.5
9,100,21.75,100,74.75,36.5,0,33,25,-0.5,25,0
9,100,21,100,74.75,36.5,0,33,25,-1.5,25,0
9,100,20.25,100,75,36.5,0,33,25,-1.5,25,0.5
9,100,19,100,75.75,36.5,0,33,25,-2.5,25,1.5
9,100,18,100,76,36.5,0,33,25,-2,25,0.5
9,100,17.25,100,76,36.5,0,33,25,-1.5,25,0
9,100,16.5,100,76.25,36.5,0,33,25,-1.5,25,0.5
9,100,15.5,100,76.25,36.5,0,33,25,-2,25,0
9,100,14,100,76.5,36.5,0,33,25,-3,25,0.5
9,100,11,100,77.5,35.5,-2,35,25,-6,25,2
9,100,8.25,100,78.5,34.5,-2,35,25,-5.5,25,2
9,100,5.25,100,79.75,33.5,-2,35,25,-6,25,2.5
9,100,2.25,100,81.5,32.5,-2,35,25,-6,25,3.5
9,100,84.75,100,1,31.5,-2,35,25,-4.5,25,6.5
9,100,82.75,100,3.75,30.5,-2,35,25,-4,25,5.5
9,100,80.5,100,6.75,29.5,-2,35,25,-4.5,25,6
7.65,28.5,78.25,90.5,9.25,28.5,-2,35,-2,-4.5,2,5
6.3,27.5,75.5,91.5,12.25,75.5,-5.5,35,-2,-5.5,2,6
5.4,26.5,27.5,92.5,53,73.25,-4.5,35,-2,-2,2,9.5
5.4,25.5,26.5,93.5,57.25,71,-4.5,35,-2,-2,2,8.5
5.4,24.5,25.5,94.5,61,68.5,-5,35,-2,-2,2,7.5
5.4,23.5,24.5,95.5,64.25,66.5,-4,35,-2,-2,2,6.5
5.4,22.5,23.25,96.5,67,65,-3,35,-2,-2.5,2,5.5
5.4,21.5,22.25,97.5,69.25,64,-2,35,-2,-2,2,4.5
5.4,20.5,21.25,98.5,71.75,63,-2,35,-2,-2,2,5
5.4,19.5,20.25,99.5,73.75,61.75,-2.5,35,-2,-2,2,4
5.4,18.5,18.75,100,75.25,60.5,-2.5,35,-2,-3,25,3
5.4,17.5,17.75,100,76.5,59,-3,35,-2,-2,25,2.5
5.4,16.5,16.75,100,77.5,57,-4,35,-2,-2,25,2
5.4,15.5,15.75,100,78.75,55.5,-3,35,-2,-2,25,2.5
5.4,14.5,14.75,100,79.75,53.75,-3.5,35,-2,-2,25,2
5.4,13.5,13.75,100,80.75,52.25,-3,35,-2,-2,25,2
5.4,12.5,12.75,100,81.75,50.5,-3.5,35,-2,-2,25,2
5.4,11.5,11.75,100,82.75,48.75,-3.5,35,-2,-2,25,2
5.4,10.5,10.75,100,84.25,47.5,-2.5,35,-2,-2,25,3
5.4,9.5,9.75,100,86,46,-3,35,-2,-2,25,3.5
5.4,8.5,8.75,100,87.25,44.5,-3,35,-2,-2,25,2.5
5.4,7,7.75,100,88.75,43.5,-2,35,-3,-2,25,3
5.4,5,6.75,100,89.75,42,-3,35,-4,-2,25,2
5.4,3,5.75,100,90.75,40.25,-3.5,35,-4,-2,25,2
5.4,0.5,4.75,100,91.75,39,-2.5,35,-5,-2,25,2
5.4,55.25,3.75,2.25,92.75,38,-2,35,-16,-2,5.5,2
5.4,46.75,2.75,5.5,93.75,37,-2,35,-17,-2,6.5,2
5.4,37.75,1.75,9.25,94.75,36,-2,35,-18,-2,7.5,2
5.4,28.25,0.75,13.5,95.75,34.5,-3,35,-19,-2,8.5,2
5.4,18.25,99.25,18.25,0.25,32.5,-4,35,-20,-2,9.5,2
5.4,7.75,98.25,23.5,1.25,30,-5,35,-21,-2,10.5,2
6.75,39.5,27,2.25,98.5,27,-6,35,-5,-6,20,2
8.1,37.5,23.5,12.75,99.5,37.5,-4,35,-4,-7,21,2
9,100,19.5,100,100,36,-3,35,25,-8,25,25
9,100,15,100,100,35,-2,35,25,-9,25,25
9,100,10,100,100,34,-2,35,25,-10,25,25
9,100,4.5,100,100,33,-2,35,25,-11,25,25
9,100,52.25,100,1.25,32,-2,35,25,-6,25,11.5
7.65,31,49.75,71.25,7.5,31,-2,35,-2,-5,17,12.5
6.3,30,47.75,79.25,14.25,47.75,-4,35,-2,-4,16,13.5
5.4,29,88.25,86.75,11.25,46.25,-3,35,-2,-2,15,2
4.05,45,87.25,29.25,12.25,45,-2.5,35,-2.5,-2,15.5,2
2.7,43.25,86.25,36.5,13.75,86.25,-2,35,-3.5,-2,14.5,3
1.8,42,100,43.25,100,84.75,-3,35,-2.5,25,13.5,25
1.8,41,100,49.5,100,83,-3.5,35,-2,25,12.5,25
1.8,39.75,100,55.25,100,81.75,-2.5,35,-2.5,25,11.5,25
1.8,38.5,100,60.5,100,80,-3.5,35,-2.5,25,10.5,25
1.8,37.25,100,65.25,100,78.5,-3,35,-2.5,25,9.5,25
1.8,35.75,100,69.5,100,77.5,-2,35,-3,25,8.5,25
1.8,33.75,100,73.25,100,76.25,-2.5,35,-4,25,7.5,25
1.8,32.25,100,76.5,100,74.5,-3.5,35,-3,25,6.5,25
1.8,31.25,100,79.25,100,72.75,-3.5,35,-2,25,5.5,25
1.8,30,100,81.5,100,71,-3.5,35,-2.5,25,4.5,25
1.8,29,100,83.25,100,69.75,-2.5,35,-2,25,3.5,25
1.8,27.5,100,84.5,100,68.5,-2.5,35,-3,25,2.5,25
1.8,26,100,85.5,100,67.25,-2.5,35,-3,25,2,25
1.8,25,100,86.5,100,65.5,-3.5,35,-2,25,2,25
1.8,24,100,87.5,100,63.25,-4.5,35,-2,25,2,25
1.8,22.75,100,88.5,100,60.5,-5.5,35,-2.5,25,2,25
1.8,21,100,89.5,100,57.25,-6.5,35,-3.5,25,2,25
1.8,20.75,100,89.5,100,54.5,-5.5,33,-0.5,25,0,25
1.8,20.25,100,89.5,100,51.25,-6.5,33,-1,25,0,25
1.8,20.25,100,89.5,100,47.5,-7.5,33,0,25,0,25
1.8,20.75,100,88.5,100,44.25,-6.5,31,1,25,-2,25
1.8,22.75,100,86.5,100,41.5,-5.5,29,4,25,-4,25
1.8,23.75,100,85.5,100,37.25,-8.5,31,2,25,-2,25
3.15,24.75,32.5,84.5,77,32.5,-9.5,31,2,-9.5,-2,-1.5
4.5,25.25,27.25,83.5,76,25.25,1,31,1,-10.5,-2,-2
5.4,3.75,21.5,29.75,75,26.25,2,31,-11.5,-11.5,11,-2
5.4,59.5,14.25,2.5,75.25,26.25,0,33,-10,-14.5,12.5,0.5
5.4,53.25,5.5,9.25,76.25,25.25,-2,35,-12.5,-17.5,13.5,2
5.4,47.5,6.5,16.5,3.75,24.25,-2,35,-11.5,-14,14.5,18.5
5.4,42.25,0,23.25,13.5,23.25,-2,35,-10.5,-13,13.5,19.5
4.05,21.75,100,86.75,6,21.75,-3,35,-3,25,2,12
2.7,20.75,100,87.75,12.5,100,-2,35,-2,-2,2,13
1.8,19.75,100,88.75,100,99,-2,35,-2,25,2,25
1.8,18.75,100,89.75,100,98,-2,35,-2,25,2,25
1.8,17.75,100,90.75,100,97,-2,35,-2,25,2,25
1.8,16.75,100,91.75,100,96,-2,35,-2,25,2,25
1.8,15.75,100,92.75,100,95,-2,35,-2,25,2,25
1.8,14.75,100,93.75,100,94,-2,35,-2,25,2,25
1.8,13.75,100,94.75,100,93,-2,35,-2,25,2,25
1.8,12.75,100,95.75,100,92,-2,35,-2,25,2,25
1.8,11.75,100,96.75,100,91,-2,35,-2,25,2,25
1.8,10.75,100,97.75,100,90,-2,35,-2,25,2,25
1.8,9.75,100,98.75,100,89,-2,35,-2,25,2,25
1.8,8.75,100,99.75,100,88,-2,35,-2,25,2,25
1.8,7.75,100,100,100,87,-2,35,-2,25,25,25
1.8,6.75,100,100,100,86,-2,35,-2,25,25,25
1.8,5.75,100,100,100,85,-2,35,-2,25,25,25
1.8,4.75,100,100,100,84,-2,35,-2,25,25,25
1.8,3.75,100,100,100,83,-2,35,-2,25,25,25
1.8,2.75,100,100,100,82,-2,35,-2,25,25,25
1.8,1.75,100,100,100,81,-2,35,-2,25,25,25
1.8,0.75,100,100,100,80,-2,35,-2,25,25,25
1.8,98.5,100,0.25,100,79,-2,35,-2,25,2,25
1.8,97,100,1.5,100,77.5,-3,35,-3,25,2.5,25
1.8,96,100,2.5,100,76,-3,35,-2,25,2,25
1.8,95,100,3.5,100,74.5,-3,35,-2,25,2,25
1.8,93.5,100,4.5,100,73,-3,35,-3,25,2,25
1.8,92,100,5.5,100,71.5,-3,35,-3,25,2,25
1.8,90.75,100,6.5,100,70,-3,35,-2.5,25,2,25
1.8,89,100,7.5,100,69,-2,35,-3.5,25,2,25
1.8,86.75,100,8.75,100,67.5,-3,35,-4.5,25,2.5,25
3.15,85,65.5,9.75,100,65.5,-4,35,-3.5,-4,2,25
4.5,83.75,63,11.25,100,83.75,-2.5,35,-2.5,-5,3,25
5.4,2,61,30.75,100,82.75,-2,35,-17,-4,11,25
5.4,43.75,59.5,6.25,100,81.75,-2,35,-9,-3,16.5,25
5.4,39.75,57.75,14,100,80.75,-2,35,-8,-3.5,15.5,25
5.4,36.25,55.5,22,100,79.25,-3,35,-7,-4.5,16,25
5.4,33.25,53,29.5,100,78.25,-2,35,-6,-5,15,25
5.4,30.75,50.25,36.5,100,77.25,-2,35,-5,-5.5,14,25
5.4,28.75,47.5,43,100,75.75,-3,35,-4,-5.5,13,25
5.4,27.25,44.5,49,100,74,-3.5,35,-3,-6,12,25
5.4,26.25,41.75,54.5,100,72,-4,35,-2,-5.5,11,25
5.4,25.25,38.75,59.5,100,70.25,-3.5,35,-2,-6,10,25
5.4,24.25,36.25,64,100,68.25,-4,35,-2,-5,9,25
5.4,23.25,33.5,68,100,65.75,-5,35,-2,-5.5,8,25
5.4,22.25,30.75,71.5,100,62.75,-6,35,-2,-5.5,7,25
5.4,21.25,27.75,74.5,100,60.25,-5,35,-2,-6,6,25
5.4,20.25,24.5,77,100,58.25,-4,35,-2,-6.5,5,25
5.4,19.25,21.25,79,100,56.75,-3,35,-2,-6.5,4,25
5.4,18.25,17.5,80.5,100,54.75,-4,35,-2,-7.5,3,25
5.4,17.25,14,81.5,100,52.25,-5,35,-2,-7,2,25
5.4,16.25,10.5,82.5,100,50.25,-4,35,-2,-7,2,25
5.4,15.25,7.5,83.5,100,48.75,-3,35,-2,-6,2,25
5.4,14.25,4.5,84.5,100,47,-3.5,35,-2,-6,2,25
5.4,13.25,1.75,85.75,100,45.75,-2.5,35,-2,-5.5,2.5,25
5.4,12.25,68.5,86.75,0.75,44.5,-2.5,35,-2,-9,2,5
5.4,11.25,64.25,87.75,3.75,43.5,-2,35,-2,-8.5,2,6
5.4,9.75,60.25,88.75,7,42.25,-2.5,35,-3,-8,2,6.5
5.4,8.25,56,89.75,10,40.75,-3,35,-3,-8.5,2,6
5.4,6.5,51.75,90.75,13,39.25,-3,35,-3.5,-8.5,2,6
5.4,4.25,47,91.75,16,37.5,-3.5,35,-4.5,-9.5,2,6
5.4,1.5,41.75,92.75,19.5,36.25,-2.5,35,-5.5,-10.5,2,7
5.4,41.25,36,1.75,23,35.25,-2,35,-19,-11.5,6.5,7
5.4,31.25,29.75,5.5,26.75,33.75,-3,35,-20,-12.5,7.5,7.5
5.4,21.75,23,9.75,30.5,32.75,-2,35,-19,-13.5,8.5,7.5
5.4,12.75,15.75,14.5,34.75,31.75,-2,35,-18,-14.5,9.5,8.5
5.4,4.25,8,19.75,39.5,30.25,-3,35,-17,-15.5,10.5,9.5
6.75,78.5,29.25,3.75,100,29.25,-2,35,-2,-2,16,25
8.1,77.5,28,12.25,100,77.5,-2,35,-2,-2.5,17,25
9,100,27,100,100,76.5,-2,35,25,-2,25,25
9,100,26,100,100,75.5,-2,35,25,-2,25,25
9,100,25,100,100,74.5,-2,35,25,-2,25,25
9,100,24,100,100,73.5,-2,35,25,-2,25,25
9,100,23,100,100,72.5,-2,35,25,-2,25,25
9,100,21.75,100,100,71.5,-2,35,25,-2.5,25,25
9,100,20.75,100,100,70.5,-2,35,25,-2,25,25
9,100,19.5,100,100,69.5,-2,35,25,-2.5,25,25
9,100,17.75,100,100,68.5,-2,35,25,-3.5,25,25
9,100,16.5,100,100,67.5,-2,35,25,-2.5,25,25
9,100,15.5,100,100,66.5,-2,35,25,-2,25,25
9,100,14.5,100,100,65.5,-2,35,25,-2,25,25
9,100,13.5,100,100,64.5,-2,35,25,-2,25,25
9,100,12.5,100,100,63.5,-2,35,25,-2,25,25
9,100,11,100,100,62.5,-2,35,25,-3,25,25
9,100,9.75,100,100,61.5,-2,35,25,-2.5,25,25
9,100,8.5,100,100,60.5,-2,35,25,-2.5,25,25
9,100,7.5,100,100,59.5,-2,35,25,-2,25,25
9,100,6.25,100,100,58.5,-2,35,25,-2.5,25,25
9,100,5.25,100,100,57.5,-2,35,25,-2,25,25
9,100,4.25,100,100,56.5,-2,35,25,-2,25,25
9,100,3,100,100,55.5,-2,35,25,-2.5,25,25
9,100,1.25,100,100,54.5,-2,35,25,-3.5,25,25
9,100,54,100,1,53.5,-2,35,25,-13.5,25,4.5
9,100,46.75,100,3.75,52.5,-2,35,25,-14.5,25,5.5
9,100,39,100,7,51,-3,35,25,-15.5,25,6.5
9,100,31.25,100,10.75,50,-2,35,25,-15.5,25,7.5
9,100,23,100,15,49,-2,35,25,-16.5,25,8.5
9,100,14.25,100,19.75,48,-2,35,25,-17.5,25,9.5
9,100,5,100,25,46.75,-2.5,35,25,-18.5,25,10.5
9,100,29.75,100,4,45.75,-2,35,25,-18.5,25,18
9,100,21,100,13.5,44.75,-2,35,25,-17.5,25,19
9,100,12.75,100,22.5,43.5,-2.5,35,25,-16.5,25,18
9,100,5,100,31.5,42.5,-2,35,25,-15.5,25,18
7.65,41.25,72.25,100,2.25,41.25,-2.5,35,-2.5,-8.5,25,14.5
6.3,40.25,68,100,10,68,-8.5,35,-2,-8.5,25,15.5
5.4,38.75,10,100,41.5,64.25,-7.5,35,-3,-17,25,6.5
5.4,37.75,2,100,45.25,60.75,-7,35,-2,-16,25,7.5
4.05,57.5,55.5,36.25,6,57.5,-6.5,35,-6.5,-5.5,18.5,16