9,100,98,100,100
9,100,96,100,100
9,100,92.5,100,100
9,100,87.5,100,100
9,100,81,100,100
9,100,73,100,100
9,100,64.5,100,100
9,100,55.5,100,100
9,100,46,100,100
9,100,36,100,100
9,100,25.75,100,100
9,100,15.5,100,100
9,100,5.5,100,100
9,100,31.5,100,4.5
9,100,22,100,14
9,100,12.75,100,24
9,100,3,100,34
9,100,42,100,6.25
9,100,33.75,100,15.75
9,100,26,100,24.75
9,100,17.75,100,34
9,100,9,100,42.75
9,100,31,100,0.25
9,100,20.25,100,10
9,100,10,100,20.25
9,100,0.25,100,30.75
9,100,59.75,100,9
9,100,56.75,100,17.75
9,100,54.25,100,26
9,100,52.25,100,33.75
9,100,49.75,100,41
9,100,47.75,100,47.75
9,100,46.25,100,54
9,100,45.25,100,59.75
9,100,44.25,100,65
9,100,43.25,100,69.75
9,100,41.75,100,74
9,100,40,100,77.75
9,100,38.75,100,81
9,100,37.75,100,83.75
9,100,36.75,100,86
9,100,35.25,100,87.75
9,100,33.25,100,89
9,100,30.75,100,90
9,100,28.75,100,91
9,100,26.25,100,92
9,100,24.25,100,93
9,100,22.75,100,94
9,100,21.75,100,95
9,100,20.75,100,96
9,100,19.75,100,97
9,100,18.75,100,98
9,100,17.25,100,99
9,100,15.25,100,100
9,100,12.75,100,100
9,100,9.75,100,100
9,100,6.25,100,100
9,100,2.25,100,100
9,100,25.5,100,2.25
9,100,17.5,100,7.25
9,100,10,100,12.75
9,100,3,100,18.75
7.65,69.75,86.25,100,3.5
6.3,68.75,85.25,100,10.5
5.4,67.75,35.25,100,42.75
5.4,66.75,33,100,47.25
5.4,65.75,31.25,100,51.25
5.4,64.75,29,100,54.75
5.4,63.75,27.25,100,58
5.4,62.75,26,100,61.5
5.4,61.75,25,100,64.5
5.4,60.75,23.5,100,67
5.4,59.75,22.25,100,69
5.4,58.75,21.25,100,70.5
5.4,57.75,20.25,100,72.5
5.4,56.75,19.25,100,74.75
5.4,55.75,18.25,100,76.5
5.4,54.75,16.75,100,77.75
5.4,53.75,15.5,100,78.75
5.4,52.25,14,100,79.75
5.4,51.25,12,100,81
6.75,50.25,48.75,100,100
8.1,49,40.75,100,100
9,100,30.5,100,100
9,100,19.75,100,100
9,100,8.5,100,100
9,100,25.5,100,3.25
9,100,22.25,100,14.75
9,100,19.5,100,25.75
9,100,16.25,100,36.25
9,100,14.5,100,45.25
9,100,13.25,100,53.75
9,100,13.5,100,60.75
9,100,15.25,100,66.25
9,100,17.25,100,71.25
9,100,19.25,100,75.75
9,100,20.25,100,80.75
9,100,20.75,100,85.25
9,100,22,100,88.25
9,100,22.75,100,91.75
9,100,23.75,100,94.75
7.65,14.5,24.75,100,97.25
6.3,9,25.75,100,99.25
5.4,3,27.25,100,48.75
4.05,27.75,27.25,100,51.25
2.7,28.75,27.75,100,54
1.8,29.75,100,100,100
1.8,30.5,100,100,100
1.8,31.25,100,100,100
1.8,31.5,100,100,100
1.8,32.25,100,100,100
1.8,33.25,100,100,100
1.8,34.25,100,100,100
1.8,35,100,100,100
1.8,35.25,100,100,100
1.8,36,100,100,100
1.8,37,100,100,100
1.8,38,100,100,100
1.8,38.5,100,100,100
1.8,39.5,100,100,100
1.8,39.5,100,100,100
1.8,39.5,100,100,100
1.8,39.5,100,100,100
1.8,39.5,100,100,100
1.8,39.5,100,100,100
1.8,39.5,100,100,100
1.8,39,100,100,100
1.8,39,100,100,100
1.8,39,100,100,100
1.8,38,100,100,100
3.15,37,32.75,100,80.25
4.5,36,31.75,100,81.25
5.4,17.25,30.75,98.5,82.25
5.4,14.5,29.25,99.5,83.25
5.4,11.25,28.25,100,84.25
5.4,7.5,27.25,100,85.25
5.4,3.25,26,100,86.25
5.4,11.5,25,1.5,87.25
6.75,1,29,6.75,100
8.1,55.25,28,10,100
9,100,27,100,100
9,100,27,100,100
9,100,26,100,100
9,100,25,100,100
9,100,25,100,100
9,100,25,100,100
9,100,24,100,100
9,100,23,100,100
7.65,16.75,22,68.25,100
6.3,10.5,21,73.25,100
6.3,4.25,20,77.75,100
6.3,52.75,19,1.5,100
7.65,49.5,18,7.75,100
9,100,17,100,100
9,100,16,100,100
9,100,15,100,100
9,100,15,100,100
9,100,14.5,100,100
9,100,14.5,100,100
9,100,15.5,100,100
9,100,16,100,100
9,100,18,100,100
9,100,21,100,100
9,100,24,100,100
7.65,28,27,71.75,100
6.3,28.25,30,72.5,100
5.4,28.25,26.5,72.75,100
5.4,27.75,28.5,73.5,100
5.4,26.25,29,74.75,100
5.4,23.25,29,76.5,100
5.4,19.75,28,78.75,100
5.4,15.75,27,80.5,100
5.4,12.25,26,81.75,100
5.4,9,25,83.5,100
5.4,6.5,24.5,84.75,100
5.4,3.75,24.5,86,100
4.05,14,24,100,100
2.7,9.5,23,100,100
2.7,4.5,22.5,100,100
2.7,0,22.5,100,100
2.7,22.5,23,5,100
4.05,19.5,24,10.5,100
4.05,18,25.5,15.5,100
5.4,63.5,27.5,14,100
6.75,64,16.5,15.25,27
8.1,64.75,16.5,17,33
9,100,17,100,38.75
9,100,17,100,45
9,100,16.5,100,51.75
9,100,15.5,100,59
9,100,14.5,100,65.75
9,100,13.5,100,72
9,100,12.5,100,77.75
9,100,11.5,100,83
9,100,10.5,100,87.75
9,100,9.5,100,92
9,100,8.5,100,95.75
9,100,7.5,100,99
9,100,7.5,100,100
9,100,8.5,100,100
9,100,10.5,100,100
9,100,13.5,100,100
9,100,16.5,100,100
7.65,30,19.5,82.25,100
7.65,28.75,21.5,80.25,100
6.3,27.25,23.5,78.25,100
5.4,26.25,40.5,76.25,65
5.4,24.75,41.5,75.25,64
5.4,22.75,41,75.25,64
4.05,26.5,41,100,64
2.7,26.5,40.75,100,64
1.8,26.5,100,100,100
1.8,25.5,100,100,100
1.8,24.5,100,100,100
1.8,23.5,100,100,100
1.8,22.25,100,100,100
1.8,22.25,100,100,100
1.8,22.25,100,100,100
1.8,22,100,100,100
1.8,22,100,100,100
1.8,22,100,100,100
1.8,22.5,100,100,100
1.8,23,100,100,100
1.8,24.5,100,100,100
1.8,25.5,100,100,100
1.8,26.75,100,100,100
1.8,27.5,100,100,100
1.8,29.5,100,100,100
1.8,30,100,100,100
1.8,30.5,100,100,100
1.8,30.75,100,100,100
1.8,31,100,100,100
1.8,31.5,100,100,100
1.8,32,100,100,100
1.8,32.25,100,100,100
1.8,32,100,100,100
1.8,33,100,100,100
1.8,32.75,100,100,100
1.8,32,100,100,100
1.8,31.75,100,100,100
1.8,32.25,100,100,100
1.8,33.25,100,100,100
1.8,33.25,100,100,100
1.8,32.75,100,100,100
1.8,32.75,100,100,100
1.8,33.25,100,100,100
1.8,33,100,100,100
1.8,33,100,100,100
1.8,33,100,100,100
1.8,32.5,100,100,100
1.8,31.75,100,100,100
1.8,30.5,100,100,100
1.8,29.75,100,100,100
1.8,29.5,100,100,100
1.8,28.75,100,100,100
1.8,27.75,100,100,100
1.8,26.5,100,100,100
1.8,25.75,100,100,100
1.8,24.5,100,100,100
1.8,23.75,100,100,100
1.8,23.75,100,100,100
1.8,23.25,100,100,100
1.8,23.25,100,100,100
1.8,23.25,100,100,100
1.8,23.5,100,100,100
1.8,23.5,100,100,100
1.8,23.25,100,100,100
1.8,21.5,100,100,100
1.8,18.75,100,100,100
1.8,15.75,100,100,100
1.8,13,100,100,100
1.8,10.25,100,100,100
1.8,8,100,100,100
1.8,5.25,100,100,100
1.8,3,100,100,100
1.8,0.25,100,100,100
1.8,46.5,100,3,100
1.8,43,100,7.75,100
1.8,40,100,12.25,100
1.8,37.5,100,16.75,100
1.8,35.5,100,21.75,100
1.8,34,100,26.25,100
1.8,33,100,31.25,100
1.8,32.5,100,36.25,100
1.8,32.5,100,41,100
1.8,32.25,100,45.25,100
1.8,31.5,100,49,100
1.8,31.25,100,52.25,100
1.8,31.25,100,55,100
1.8,30.75,100,57.25,100
1.8,30.75,100,59,100
1.8,30.5,100,60.25,100
1.8,29.5,100,63,100
1.8,29,100,64.25,100
1.8,29,100,65,100
1.8,30,100,64.25,100
1.8,30.5,100,64,100
1.8,30.75,100,63.5,100
1.8,30.5,100,62.75,100
1.8,29.25,100,62.75,100
1.8,27.5,100,63.25,100
1.8,24.5,100,64.75,100
1.8,22,100,66,100
1.8,19.5,100,67.5,100
1.8,16.75,100,68.75,100
1.8,13.75,100,70,100
1.8,10.25,100,71,100
1.8,6.25,100,72,100
1.8,1.75,100,73,100
1.8,32.75,100,3.25,100
1.8,23.25,100,8.75,100
1.8,14.25,100,14.75,100
1.8,5.75,100,21.25,100
1.8,74,100,2.25,100
1.8,73,100,9.75,100
1.8,72,100,16.75,100
1.8,71,100,23.25,100
1.8,70,100,29.25,100
1.8,69,100,34.75,100
1.8,68,100,39.75,100
3.15,67,43,44.25,29
4.5,66,40.75,48.5,36
5.4,95.75,39,13.25,42.5
6.75,94.75,64,14.25,56.5
8.1,93.75,63,15.75,60.25
9,100,62,100,63.5
9,100,61,100,66.25
9,100,60,100,68.5
9,100,59,100,70.25
9,100,58,100,71.5
9,100,57,100,72.5
9,100,56,100,73.5
9,100,55,100,74.5
9,100,54,100,75.5
9,100,53,100,76.5
9,100,52,100,77.5
9,100,51,100,78.5
9,100,50,100,79.5
9,100,49,100,80.5
9,100,48,100,81.5
9,100,47,100,82.5
9,100,46,100,83.5
9,100,45,100,84.5
9,100,44,100,85.5
7.65,46.5,43,81,86.5
6.3,38.5,42,82,87.5
5.4,27.5,17,83,28
5.4,16,12,84,34.5
5.4,4,7,85,41.25
5.4,17.5,1.75,8.5,48.25
5.4,11.25,53.75,20.75,3.75
5.4,5.5,51.5,32.5,9.5
5.4,0.25,49,43.75,15.25
6.75,79,34,4.5,95.5
8.1,78,33,9.75,96.5
9,100,32,100,97.5
9,100,31,100,98.5
9,100,30,100,99.5
9,100,29,100,100
9,100,28,100,100
9,100,27,100,100
9,100,26,100,100
9,100,25,100,100
9,100,24,100,100
9,100,23,100,100
9,100,22,100,100
9,100,21,100,100
9,100,20,100,100
9,100,19,100,100
9,100,18,100,100
9,100,17,100,100
9,100,16,100,100
9,100,15,100,100
9,100,14,100,100
9,100,13,100,100
9,100,12,100,100
9,100,10.5,100,100
9,100,8.5,100,100
9,100,6,100,100
9,100,3,100,100
9,100,25.25,100,0.5
9,100,15.5,100,4.5
9,100,6.25,100,9
9,100,37.5,100,2.75
9,100,27.25,100,11.25
9,100,17.5,100,19.75
9,100,8.25,100,27.75
7.65,37.25,68.25,100,0.5
6.3,36.25,66.75,100,9.75
5.4,35.25,87.75,100,1.5
5.4,34,85.75,100,2.5
5.4,33,83.75,100,3.5
5.4,32,81.25,100,4.5
5.4,30.5,79,100,5.5
5.4,29.5,76.25,100,6.5
5.4,28.5,73.25,100,7.5
5.4,27,69.75,100,8.5
5.4,26,66.25,100,9.75
5.4,24.5,63,100,10.75
5.4,22.75,59.25,100,11.75
5.4,21,56,100,12.75
5.4,19,52.5,100,13.75
5.4,17.25,49.5,100,14.75
5.4,15.25,47,100,16.25
5.4,13.5,45,100,18.25
5.4,11.5,42.5,100,20.5
5.4,9,40.5,100,22.5
5.4,6.5,39,100,25
5.4,4,37.75,100,28
5.4,1.75,36,100,30.75
5.4,0,34.75,100,33.75
5.4,69.75,33,2,36.5
5.4,57.25,31,3.5,39.75
5.4,44.75,28.5,5.5,42.75
5.4,32.25,26.5,8,46
5.4,19.75,25,11,49.25
5.4,7,24,14.5,53
5.4,22,22.75,5.75,56.75
5.4,12.25,21.75,18.5,60
5.4,3,21.25,27,62.5
5.4,31,20.25,6,65.25
5.4,27.25,19,15.25,67.5
5.4,24,17.5,24.25,69.25
5.4,21.25,15.75,32.75,71.5
5.4,19,14.25,40.75,73.25
5.4,17.25,13,48.25,74.5
5.4,15,11,56.25,76.25
5.4,13.25,8.5,63.75,78
5.4,12,5.5,70.75,79.25
5.4,11,2,77.25,81
5.4,10,52.5,83.25,2
4.05,30.75,48.5,100,5.75
2.7,29.75,45,100,10
1.8,28.75,100,100,100
1.8,27.75,100,100,100
1.8,26.75,100,100,100
1.8,25.75,100,100,100
1.8,25.75,100,100,100
1.8,25.75,100,100,100
1.8,26.75,100,100,100
1.8,28.75,100,100,100
1.8,29.75,100,100,100
1.8,30.75,100,100,100
1.8,31.75,100,100,100
3.15,32.75,32.5,100,65.25
4.5,33.75,33.25,100,67.5
5.4,12.5,33.5,100,69.25
5.4,13.5,33.25,100,70.5
5.4,14.5,32.5,100,71.25
5.4,15.25,31.25,100,71.5
5.4,16.25,29.5,100,71.25
5.4,17.25,27.25,100,70.5
5.4,17.25,23.5,100,70.5
5.4,16.25,14.25,100,71.75
5.4,15.25,2.5,100,73.5
5.4,14.25,6.25,100,9.75
5.4,13.25,26.5,100,0.5
5.4,12.25,19.5,100,7.75
5.4,11.25,12.5,100,15.5
5.4,10.25,6,100,23.75
5.4,9.25,0,100,32.5
4.05,30.75,71,100,5.5
2.7,29.75,70,100,11.5
1.8,28.75,100,100,100
1.8,27.75,100,100,100
1.8,26.75,100,100,100
1.8,25.75,100,100,100
1.8,24.75,100,100,100
1.8,23.75,100,100,100
1.8,22.75,100,100,100
1.8,21.75,100,100,100
1.8,20.75,100,100,100
1.8,19.75,100,100,100
1.8,18.75,100,100,100
1.8,17.75,100,100,100
1.8,16.75,100,100,100
1.8,15.75,100,100,100
1.8,14.75,100,100,100
1.8,13.75,100,100,100
1.8,12.75,100,100,100
1.8,11.5,100,100,100
1.8,9.75,100,100,100
1.8,8.5,100,100,100
1.8,7,100,100,100
1.8,5,100,100,100
1.8,2.5,100,100,100
1.8,30,100,0.5,100
1.8,19,100,4,100
1.8,8.5,100,8,100
3.15,53,38.75,1.5,100
4.5,48,35.75,12,100
5.4,50,32.25,32.5,100
6.75,48.75,37.75,33.5,29
8.1,47.75,33,35,35.25
9,100,28.75,100,41
9,100,24.5,100,47
9,100,20.5,100,52.5
9,100,17,100,57.5
9,100,14,100,63
9,100,11.5,100,68
9,100,9.5,100,72.5
9,100,8,100,76.5
9,100,6.25,100,80
9,100,4.75,100,83
9,100,3,100,85.5
9,100,1.75,100,88.25
9,100,0.75,100,90.5
9,100,91.75,100,0.25
9,100,90.25,100,1.25
9,100,88.75,100,2.75
9,100,87.75,100,4.25
9,100,86.25,100,5.25
9,100,85,100,6.5
9,100,83.25,100,7.5
9,100,81,100,8.75
9,100,78.25,100,10.25
9,100,75,100,11.75
9,100,71.25,100,13.5
9,100,67,100,15
9,100,62.25,100,16
7.65,18,57,90.5,17.5
6.3,17,51.25,91.5,19.5
5.4,16,63.5,92.5,27
4.05,38.25,61.25,25,28
2.7,31,58.75,28.5,29.5
1.8,23.25,100,32.25,100
1.8,15,100,36.5,100
1.8,6.25,100,41.25,100
1.8,16,100,3,100
1.8,11.5,100,12.75,100
1.8,7.5,100,23,100
1.8,4,100,33,100
1.8,1,100,43.5,100
1.8,100,100,1.5,100
1.8,100,100,3.5,100
1.8,100,100,5,100
1.8,100,100,6,100
1.8,100,100,7,100
1.8,100,100,8,100
3.15,100,28,9,76.5
4.5,100,24.75,10.5,77.75
5.4,96.25,21,3,78.75
5.4,95.25,16.75,4,79.75
5.4,94.25,12,5,80.75
5.4,93.25,7.75,6,82.25
5.4,92.25,3.5,7,83.25
5.4,91.25,55.75,8,1
5.4,90.25,53,9,5
5.4,89.25,50,10,9.5
5.4,88.25,46.75,11,14
5.4,87.25,43,12,18
5.4,86.25,39.25,13,21.5
5.4,85.25,35.25,14,25.5
5.4,84.25,30.75,15,29.5
5.4,83.25,26.75,16,33
5.4,82.25,22.25,17,36.75
5.4,81.25,17.5,18,40.25
5.4,80.25,13.25,19,44
5.4,79.25,9.5,20,48
5.4,78.25,5.75,21,51.75
5.4,76.75,1.5,22,55.75
5.4,75.75,40.25,23,3.25
5.4,74.75,29.5,24,8.5
5.4,73.75,18.25,25.25,14.25
5.4,72.25,6.5,26.25,20.5
5.4,71.25,35.5,27.5,5
5.4,70.25,31.75,28.5,16
5.4,69.25,28.5,30,26.5
5.4,68,25.75,31,36.5
5.4,67,23.5,32.25,46
5.4,66,21.75,33.25,55
5.4,65,20.5,34.25,63.5
5.4,64,18.75,35.25,71.5
5.4,63,17.5,36.25,79
5.4,61.5,16.25,37.25,86
5.4,60.5,14.5,38.5,92.5
5.4,59.25,13.25,39.5,98.5
5.4,58.25,12.25,40.5,100
5.4,57.25,11.25,41.5,100
5.4,56.25,10.25,42.75,100
5.4,55.25,9.25,43.75,100
5.4,54.25,8,44.75,100
5.4,53.25,7,45.75,100
5.4,52.25,5.75,46.75,100
5.4,51.25,4,47.75,100
5.4,50.25,2,48.75,100
5.4,49.25,0.5,50.25,100
5.4,47.75,92.75,51.25,1
5.4,46,91.75,52.5,3
5.4,44,90.75,53.5,4.5
5.4,41.5,89.25,54.5,6
5.4,38.75,88,55.5,7.5
4.05,29.75,86.25,100,8.5
2.7,25,84.75,100,10
1.8,19.75,100,100,100
1.8,14,100,100,100
1.8,7.75,100,100,100
1.8,1,100,100,100
1.8,30.25,100,6.25,100
1.8,22.25,100,14,100
1.8,14.5,100,22.25,100
1.8,7.25,100,31,100
1.8,45.5,100,0.25,100
1.8,41,100,7.5,100
1.8,37,100,15,100
1.8,33.5,100,22,100
1.8,30.5,100,29,100
1.8,28,100,35.75,100
1.8,26,100,42.25,100
1.8,24.5,100,48.25,100
1.8,23.5,100,53.75,100
1.8,22.5,100,58.75,100
1.8,21.5,100,63.25,100
1.8,20.5,100,67.25,100
1.8,19.5,100,70.75,100
1.8,18.5,100,73.75,100
1.8,17.5,100,76.25,100
1.8,16.5,100,78.25,100
1.8,15.5,100,79.75,100
1.8,14.5,100,80.75,100
1.8,13.5,100,82,100
1.8,13.5,100,82.75,100
1.8,13,100,83,100
1.8,12,100,84.75,100
1.8,12,100,85,100
1.8,11,100,86.75,100
1.8,10,100,88,100
1.8,8.5,100,89,100
1.8,7.5,100,89,100
1.8,7,100,88,100
1.8,6,100,87.5,100
1.8,5,100,87.5,100
1.8,4.5,100,87,100
1.8,2.5,100,87,100
1.8,0,100,86.5,100
1.8,28.75,100,3,100
1.8,18.75,100,7.5,100
1.8,8.25,100,13.5,100
3.15,66.25,21.75,1.75,84.75
4.5,62.5,18.5,12.25,85.75
5.4,62.75,14.75,44,86.75
5.4,61.75,10.5,45,87.75
6.75,60.75,54.25,46,41.25
8.1,59.75,51.75,47.5,50
9,100,49.75,100,58.25
9,100,48.25,100,66
9,100,46.5,100,73.25
9,100,45.25,100,80
9,100,43.5,100,86.25
9,100,42,100,92
9,100,40,100,97.25
9,100,38.5,100,100
9,100,37.25,100,100
9,100,35.75,100,100
9,100,34.75,100,100
9,100,33.75,100,100
9,100,32.75,100,100
9,100,31.25,100,100
9,100,30.25,100,100
9,100,29,100,100
9,100,27.75,100,100
9,100,26.75,100,100
9,100,25.75,100,100
9,100,24.75,100,100
9,100,23.5,100,100
9,100,22,100,100
9,100,22,100,100
9,100,20.5,100,100
9,100,20.5,100,100
7.65,30.25,20.5,77.25,100
6.3,27.75,20.5,77.25,100
5.4,24.75,46,77.25,65
4.05,20.25,44.5,100,65
2.7,20.25,43.25,100,65
1.8,20.25,100,100,100
1.8,20.75,100,100,100
1.8,21,100,100,100
1.8,21.5,100,100,100
3.15,22.25,33.5,100,61
4.5,22.75,30.25,100,60.25
5.4,45.5,27,13,59.5
6.75,45.75,22.25,16.75,100
8.1,46.5,21.25,21,100
9,100,19.75,100,100
9,100,16.75,100,100
9,100,12.25,100,100
9,100,7.25,100,100
9,100,1.75,100,100
9,100,16.25,100,4.25
9,100,8.25,100,10.75
9,100,0.75,100,17.75
7.65,40.5,78.75,75.25,6.25
6.3,39.5,77.75,79.5,13.75
5.4,38.5,64,83.25,27.25
5.4,37.5,62.75,86.5,29.25
5.4,36.5,61.75,89.25,31
5.4,35.5,60.5,91.5,33
5.4,34.5,59.5,93.25,34.5
5.4,33.5,58.5,94.5,36
5.4,32.5,57.25,95.5,37.75
5.4,31.5,56.25,96.5,39
7.65,30.5,68.75,97.5,76.25
9,100,67.75,100,81
9,100,66.75,100,85.25
9,100,65.75,100,89
9,100,64.75,100,92.25
9,100,63.75,100,95
9,100,62.75,100,97.25
9,100,61.75,100,99
9,100,60.75,100,100
9,100,59.75,100,100
9,100,58.25,100,100
9,100,57.25,100,100
9,100,55.75,100,100
9,100,54,100,100
9,100,51.75,100,100
9,100,49.25,100,100
9,100,46.5,100,100
9,100,43.25,100,100
9,100,39.5,100,100
7.65,44.5,35.25,2.25,100
9,100,30.5,100,100
9,100,26.25,100,100
9,100,20.5,100,100
9,100,15.25,100,100
9,100,8.5,100,100
9,100,1.25,100,100
7.65,20.25,59.25,41.75,4.25
6.3,18.5,56.5,48.5,14.75
5.4,17.25,24.75,54.75,71.5
5.4,16.25,22.25,60.5,72.5
5.4,15.25,19.25,65.75,73.5
5.4,13.75,15.75,70.5,74.5
5.4,12.5,11.75,74.75,75.5
5.4,11,7.25,78.5,76.75
5.4,9.5,2.25,81.75,78.5
5.4,8,49.5,84.5,2.5
5.4,6.75,46.5,86.75,7.25
5.4,5.5,44,88.5,11.75
5.4,4.5,42,90.5,15.75
5.4,3.5,40.5,92,19.25
5.4,2.5,39.5,93.75,23
5.4,1.5,38,95,27.25
5.4,0.25,36.25,96,31
5.4,95,34.25,0.75,34.25
5.4,94,32,2,37.5
5.4,93,30.25,3,40.75
5.4,92,28.75,4,44
5.4,91,27.75,5,47
5.4,90,26.25,6,50.25
5.4,89,24.75,7,54
5.4,88,23.25,8,57.75
6.75,87,30.25,9,100
8.1,86,29.25,10.5,100
9,100,28.25,100,100
9,100,27.25,100,100
9,100,26.25,100,100
9,100,25.25,100,100
9,100,23.75,100,100
9,100,22,100,100
9,100,20.25,100,100
9,100,18.25,100,100
9,100,16,100,100
9,100,14,100,100
9,100,12.5,100,100
9,100,10.5,100,100
9,100,8,100,100
9,100,5,100,100
9,100,1.5,100,100
9,100,40,100,2.5
9,100,32.75,100,7
9,100,25.75,100,12
9,100,19,100,17.5
9,100,12.5,100,23.5
9,100,5.75,100,30
9,100,56,100,1
9,100,52.75,100,7.75
9,100,50,100,14.25
9,100,47.75,100,20.25
9,100,45.25,100,25.75
9,100,42.5,100,31.5
9,100,39.5,100,36.75
9,100,36.75,100,41.5
9,100,33.75,100,45.75
9,100,30.25,100,50.5
9,100,27.25,100,54.75
9,100,24.5,100,58.5
9,100,22,100,61.75
9,100,19.75,100,65
9,100,17,100,68
9,100,14.25,100,70.75
9,100,11.25,100,73.25
9,100,8.5,100,75.75
9,100,6,100,77.75
9,100,3,100,79.25
9,100,65.75,100,0.5
9,100,61.25,100,3.75
7.65,41.5,57.25,100,6.5
6.3,40.25,53.75,100,9.75
5.4,39.25,2.75,100,100
5.4,37.75,5.5,100,3.25
4.05,46.25,67.5,22.5,3.25
2.7,44,66.5,27.25,12.5
1.8,42.25,100,31.5,100
1.8,40.5,100,35.75,100
1.8,39.25,100,39.75,100
1.8,38.25,100,43.75,100
1.8,37.25,100,47.25,100
1.8,36.25,100,50.25,100
1.8,35,100,52.75,100
1.8,33.25,100,55,100
1.8,32,100,56.75,100
1.8,30.25,100,59,100
1.8,29,100,61.5,100
1.8,28,100,63.5,100
1.8,26.75,100,65,100
1.8,25.25,100,66.5,100
1.8,24.25,100,67.75,100
1.8,23.25,100,69.25,100
1.8,22,100,70.5,100
1.8,21,100,71.5,100
1.8,19.5,100,72.5,100
1.8,18.5,100,73.75,100
1.8,17.5,100,75.25,100
1.8,16.25,100,76.5,100
1.8,15.25,100,77.5,100
1.8,14.25,100,79,100
1.8,14.25,100,79.25,100
1.8,15.25,100,79,100
1.8,15.75,100,79,100
1.8,15.75,100,78.5,100
1.8,17,100,76.5,100
1.8,18.75,100,73.75,100
1.8,21,100,70.5,100
1.8,23.75,100,65.75,100
1.8,27,100,60,100
1.8,28.75,100,55,100
1.8,31,100,49,100
1.8,31.75,100,44.25,100
1.8,31,100,40.75,100
1.8,28.75,100,38,100
1.8,27,100,34.75,100
1.8,24.75,100,32,100
1.8,22,100,29.75,100
1.8,18.75,100,28,100
1.8,15,100,26.75,100
1.8,9.75,100,27,100
1.8,4,100,27.75,100
1.8,27,100,3.25,100
1.8,25.75,100,11,100
1.8,25,100,18.5,100
1.8,23.75,100,26.5,100
1.8,23,100,34,100
1.8,22.75,100,41,100
1.8,23,100,47.5,100
1.8,22.75,100,54.5,100
1.8,22.75,100,61,100
1.8,21.75,100,68,100
1.8,21.75,100,73.5,100
1.8,20.75,100,79.5,100
1.8,20.75,100,84,100
1.8,20.75,100,88,100
1.8,20.75,100,91.5,100
1.8,20.75,100,94.5,100
1.8,20.75,100,97,100
1.8,20.75,100,99,100
1.8,20.75,100,100,100
1.8,20.75,100,100,100
1.8,20.75,100,100,100
1.8,20.75,100,100,100
1.8,20.75,100,100,100
1.8,20.75,100,100,100
1.8,20.75,100,100,100
1.8,20.75,100,100,100
1.8,20.75,100,100,100
1.8,20.75,100,100,100
1.8,20.75,100,100,100
1.8,20.75,100,100,100
1.8,20.75,100,100,100
1.8,20.75,100,100,100
1.8,20.75,100,100,100
1.8,20.75,100,100,100
1.8,20.75,100,100,100
1.8,20.75,100,100,100
1.8,20.75,100,100,100
1.8,20.75,100,100,100
1.8,20.75,100,100,100
1.8,20.75,100,100,100
1.8,20.75,100,100,100
1.8,20.5,100,100,100
1.8,20.5,100,100,100
1.8,20.25,100,100,100
1.8,19.5,100,100,100
1.8,18.5,100,100,100
1.8,18,100,100,100
1.8,17,100,100,100
1.8,15.5,100,100,100
1.8,13.5,100,100,100
1.8,11,100,100,100
1.8,8,100,100,100
1.8,3.5,100,100,100
1.8,44,100,1.5,100
3.15,40,30.5,7,85.5
4.5,36.5,29.5,13,86.5
5.4,74.75,28.5,51.25,87.5
6.75,73.75,31,52.5,26.5
8.1,72.75,29,53.5,33
9,100,27.5,100,39
9,100,26.5,100,45.5
9,100,25.5,100,51.5
9,100,24.5,100,57
9,100,23.5,100,62
9,100,22.5,100,66.5
9,100,21.5,100,70.5
9,100,20.5,100,74
9,100,19.5,100,77
9,100,18.5,100,79.5
9,100,17.5,100,81.5
9,100,16.5,100,83
9,100,15.5,100,84
9,100,14.5,100,85
9,100,13,100,86
9,100,12,100,86
9,100,9.5,100,87
9,100,7.25,100,88
9,100,6,100,88.25
9,100,5.25,100,87.75
9,100,5.75,100,86.5
9,100,7.25,100,84
9,100,9.25,100,80.5
9,100,11.75,100,75.5
7.65,22.5,13.75,60.75,70.5
6.3,20.25,15.25,56.5,65.5
5.4,17.5,39.5,51.75,100
4.05,16.75,44.5,56.25,100
2.7,16.75,49.5,52,100
1.8,16.25,100,47.75,100
1.8,15,100,44.75,100
1.8,13.25,100,43.25,100
1.8,10.75,100,43.25,100
1.8,7.75,100,44.75,100
1.8,3.75,100,47.75,100
1.8,60.25,100,1.5,100
1.8,58,100,6.25,100
1.8,56.25,100,10.5,100
1.8,55,100,14.25,100
1.8,53.75,100,17.75,100
1.8,52.25,100,21.75,100
1.8,51.25,100,25.75,100
1.8,50.25,100,30.25,100
1.8,49,100,34.25,100
1.8,48,100,37.75,100
1.8,47,100,40.75,100
1.8,46,100,43.25,100
1.8,44.5,100,45.25,100
1.8,43.5,100,46.75,100
1.8,42,100,47.75,100
1.8,41,100,48.75,100
1.8,39.5,100,50.25,100
1.8,38.5,100,51.5,100
1.8,37.5,100,53.25,100
1.8,36.25,100,55,100
1.8,35.25,100,56.5,100
1.8,34,100,58,100
1.8,32.75,100,60,100
1.8,31.75,100,62.5,100
1.8,30.75,100,64.5,100
1.8,29.75,100,66,100
1.8,29.25,100,67,100
1.8,28.25,100,67.5,100
1.8,26.75,100,67.75,100
1.8,24.75,100,68,100
1.8,22.25,100,68,100
1.8,19.25,100,68,100
1.8,14.75,100,69,100
1.8,10.75,100,69.25,100
1.8,5.25,100,70.25,100
1.8,39.75,100,0.75,100
3.15,36.25,26.75,7.25,100
4.5,33.25,23.5,14.25,100
5.4,40.75,19.75,13.25,100
5.4,37,15.5,17.75,100
5.4,33.75,10.75,22,100
5.4,31,5.5,26.25,100
5.4,28.75,46.75,31,0.25
4.05,24.25,43.25,59,6
2.7,23,40.25,65.25,12.25
1.8,22,100,71,100
1.8,22,100,75.25,100
1.8,22,100,79,100
1.8,21.75,100,82.25,100
1.8,21.75,100,85,100
1.8,21.5,100,87.25,100
1.8,21.5,100,89,100
1.8,21.5,100,90.25,100
1.8,21.5,100,91,100
1.8,21,100,91.25,100
1.8,21,100,91.25,100
1.8,20.5,100,91.25,100
1.8,20.5,100,91.25,100
1.8,21.5,100,90.25,100
1.8,22.5,100,89.25,100
1.8,23.5,100,88.25,100
1.8,24.5,100,87.25,100
1.8,25.5,100,86.25,100
1.8,25.5,100,86.25,100
1.8,25.5,100,86.25,100
1.8,26.5,100,85.25,100
1.8,26.5,100,85.25,100
1.8,26.5,100,85.25,100
1.8,26.5,100,85.25,100
1.8,26.5,100,85.25,100
1.8,25.5,100,86.25,100
1.8,24.5,100,87.25,100
1.8,24.5,100,87.25,100
3.15,24.5,11.25,87.25,85.75
4.5,24.5,6.75,87.25,85.75
4.5,23.5,0.75,88.25,86.75
4.5,22.5,9.25,89.25,5.75
3.15,21.5,65,90.25,1.5
1.8,20.5,100,91.25,100
1.8,19.5,100,92.25,100
1.8,18.5,100,93.25,100
1.8,17.5,100,94.25,100
1.8,16.5,100,95.25,100
1.8,15.5,100,96.25,100
1.8,14.5,100,97.25,100
1.8,13.5,100,98.25,100
1.8,12.5,100,99.25,100
1.8,11.5,100,100,100
1.8,10.5,100,100,100
1.8,9.5,100,100,100
1.8,8.5,100,100,100
1.8,7.5,100,100,100
1.8,6.5,100,100,100
1.8,5.5,100,100,100
1.8,4.5,100,100,100
1.8,3.5,100,100,100
1.8,2.5,100,100,100
1.8,1.5,100,100,100
1.8,0.5,100,100,100
1.8,98.75,100,0.5,100
1.8,97.5,100,1.5,100
1.8,95.75,100,3,100
1.8,94,100,4,100
1.8,92.5,100,5,100
1.8,91,100,6,100
1.8,89.5,100,7,100
1.8,87.5,100,8,100
3.15,85,25.5,9.25,100
4.5,82,22.5,11,100
5.4,76.75,19,17.25,100
5.4,74.25,15,18.5,100
5.4,72.25,10.5,20,100
5.4,70.5,5.5,21.75,100
5.4,68.75,0,24,100
4.05,56,56.25,32,0.25
2.7,51.5,55,36.25,10
1.8,47.5,100,40,100
1.8,43,100,43.25,100
1.8,38.5,100,46,100
1.8,33.5,100,49.25,100
1.8,29,100,52.5,100
1.8,25,100,55.5,100
1.8,21.5,100,58.25,100
1.8,18.5,100,61.25,100
1.8,16,100,63.75,100
1.8,14,100,66.75,100
1.8,11.5,100,70.25,100
1.8,9.5,100,74.25,100
1.8,8,100,77.75,100
1.8,6.5,100,80.75,100
1.8,4.5,100,83.25,100
1.8,4,100,85.25,100
1.8,4,100,86.75,100
1.8,3.5,100,87.75,100
1.8,3.5,100,88.5,100
1.8,3.5,100,89.75,100
1.8,2,100,91.5,100
1.8,2,100,91.75,100
1.8,2,100,91.75,100
1.8,1.5,100,92.25,100
1.8,0.5,100,93.75,100
1.8,0,100,93.75,100
1.8,1,100,92.75,100
1.8,2,100,91.75,100
1.8,3,100,90.75,100
1.8,4,100,90.25,100
1.8,5,100,89.25,100
1.8,6,100,88.25,100
1.8,6,100,88.25,100
1.8,5,100,89.75,100
1.8,4,100,90.75,100
1.8,4,100,90.75,100
1.8,4,100,91,100
1.8,4,100,91,100
1.8,3,100,92,100
1.8,3,100,92.5,100
1.8,3,100,92.5,100
1.8,4,100,91.5,100
1.8,5,100,90.5,100
1.8,6,100,89.5,100
1.8,7,100,88.5,100
1.8,8,100,87.5,100
1.8,9,100,86.5,100
1.8,10,100,85.5,100
1.8,11,100,84.75,100
1.8,12,100,83.75,100
1.8,13,100,83,100
1.8,14,100,82.25,100
1.8,15,100,81.25,100
1.8,16,100,80.25,100
1.8,17,100,79.25,100
1.8,18,100,78.25,100
1.8,19,100,77.25,100
1.8,20,100,76.5,100
1.8,21,100,75.5,100
1.8,22,100,75,100
1.8,23,100,74,100
1.8,24,100,73,100
1.8,24,100,73.25,100
1.8,23,100,74.5,100
1.8,22,100,76.25,100
1.8,21,100,77.5,100
1.8,20,100,78.5,100
1.8,19,100,80,100
1.8,18,100,81,100
1.8,17,100,82.25,100
1.8,16,100,83.25,100
1.8,15,100,84.25,100
1.8,14,100,85.25,100
1.8,13,100,86.25,100
1.8,12,100,87.25,100
1.8,11,100,88.25,100
1.8,10,100,89.25,100
1.8,9,100,90.25,100
1.8,8,100,91.25,100
1.8,7,100,92.25,100
1.8,6,100,93.25,100
1.8,6,100,93.25,100
1.8,6,100,93.25,100
1.8,6,100,93.25,100
1.8,6,100,93.25,100
1.8,6,100,93.25,100
1.8,6,100,93.25,100
1.8,6,100,93.25,100
1.8,5.5,100,93.25,100
1.8,5.5,100,93.75,100
1.8,5.5,100,93.75,100
1.8,5.5,100,93.75,100
1.8,5.25,100,93.75,100
1.8,5.25,100,93.75,100
1.8,5.25,100,93.75,100
1.8,5.25,100,93.75,100
1.8,5.25,100,94.25,100
1.8,5.25,100,94.25,100
1.8,4.75,100,94.25,100
1.8,4.75,100,94.75,100
1.8,4.75,100,94.75,100
1.8,4.75,100,94.75,100
1.8,4.75,100,94.75,100
1.8,4.25,100,94.75,100
1.8,4,100,94.75,100
1.8,2.25,100,96,100
1.8,1,100,96,100
1.8,30.75,100,1.75,100
1.8,18.5,100,5,100
1.8,6.75,100,8.75,100
3.15,49.75,29.5,4.5,93.5
4.5,45.5,28.5,16.25,94.5
5.4,93.5,27.5,14.75,95.5
6.75,92.5,38.5,15.75,28.75
8.1,91.5,35,17.25,34
9,100,32,100,39
9,100,29.5,100,43.75
9,100,27,100,48.75
9,100,25,100,53.25
9,100,22.75,100,57.25
9,100,21,100,60.75
9,100,19.25,100,64.75
9,100,18,100,68.25
9,100,16.25,100,71.25
9,100,15,100,73.75
9,100,14,100,76.25
9,100,12.75,100,78.25
9,100,11.75,100,80
9,100,10.5,100,81.75
9,100,9.5,100,83.75
9,100,8.5,100,85.25
9,100,7.5,100,86.75
9,100,6.5,100,88.75
9,100,5.5,100,90.25
9,100,4.5,100,92
9,100,3.5,100,93.25
9,100,2.5,100,94.25
9,100,1.5,100,95.25
9,100,0.5,100,96.75
9,100,68.5,100,1
9,100,62,100,2.75
9,100,55,100,4
9,100,47.5,100,5.75
9,100,39.5,100,8
9,100,31,100,10.75
9,100,22,100,14
9,100,12.5,100,17.75
9,100,2.5,100,22
9,100,19,100,8
9,100,14.5,100,19
9,100,10.5,100,30
9,100,7,100,40.5
9,100,4,100,50.5
9,100,1.5,100,58
9,100,100,100,0.5
9,100,100,100,2
9,100,100,100,3
9,100,100,100,4
9,100,100,100,5
9,100,100,100,6
9,100,100,100,7
9,100,100,100,8
7.65,28.25,100,100,9
6.3,27.25,100,100,10.5
5.4,26,36,100,56.5
5.4,25,34,100,58.5
5.4,24,32.5,100,60.75
5.4,23,30.75,100,62.5
5.4,22,28.5,100,64
5.4,21,26.75,100,66
5.4,20,24.75,100,68.25
5.4,18.5,23,100,70
5.4,17.5,21.75,100,71.75
5.4,16.5,20.75,100,73.5
5.4,15.5,19.75,100,75
5.4,14.5,18.5,100,77
5.4,14.5,17.75,100,77.5
5.4,15.5,17.5,100,77.5
5.4,17.5,18.25,100,76
5.4,18,17.5,100,75
5.4,20,17.25,100,73.25
5.4,21,16,100,72.5
5.4,22,14.5,100,71.75
5.4,23,13.25,100,70.75
6.75,24,14.75,100,71
8.1,25,6,100,71.75
8.1,26,36,100,3.25
8.1,25.5,28,100,13
9,100,20,100,22.25
9,100,10.5,100,33
9,100,1,100,43.25
7.65,22,45,100,8
6.3,21,40.25,100,17.5
5.4,19.75,65.25,100,15
4.05,32.25,64,35,18.75
2.7,29,63,43,23
1.8,26.25,100,50.5,100
1.8,24,100,57.5,100
1.8,22.25,100,64,100
1.8,21,100,70,100
1.8,20,100,75.5,100
1.8,19,100,80.5,100
1.8,18,100,85,100
1.8,17,100,89,100
1.8,16,100,92.5,100
1.8,15,100,95.5,100
1.8,14,100,98,100
1.8,13,100,100,100
1.8,12,100,100,100
1.8,11,100,100,100
1.8,10,100,100,100
1.8,9,100,100,100
1.8,8,100,100,100
1.8,7,100,100,100
1.8,5.75,100,100,100
1.8,4.25,100,100,100
1.8,3.25,100,100,100
1.8,2.75,100,100,100
1.8,2,100,100,100
1.8,1,100,100,100
1.8,0.5,100,100,100
1.8,46.25,100,0.5,100
1.8,37,100,2,100
1.8,26.25,100,5,100
1.8,16,100,7.5,100
1.8,5.5,100,10.5,100
1.8,32.75,100,5,100
1.8,26.75,100,16,100
1.8,20.25,100,24.5,100
1.8,15.25,100,29.5,100
1.8,9.75,100,36,100
1.8,4.75,100,42.5,100
1.8,0.25,100,48.75,100
1.8,74.75,100,4.75,100
3.15,72.5,27.75,9.25,94.75
4.5,69.75,26.75,14.25,95.75
5.4,47.75,25.75,39.5,96.75
5.4,45,24.75,40.5,97.75
5.4,42.75,23.75,41.5,98.75
5.4,40.25,22.75,43,99.75
5.4,37.25,21.75,44.75,100
5.4,34.25,20.75,47,100
5.4,31.5,19.5,49.25,100
5.4,28.75,18.5,51,100
5.4,26.5,17,53.25,100
5.4,24.75,16,55,100
5.4,23.5,15,56.5,100
5.4,22.5,13.75,58.5,100
5.4,21.5,12.75,60.5,100
5.4,20.25,11.75,63,100
5.4,18.5,10.5,65.25,100
5.4,16.75,9.5,67.75,100
5.4,15,8.5,70.25,100
5.4,13,7.5,72.25,100
5.4,11.5,6.5,74.25,100
5.4,10,5,75.75,100
5.4,8,4,77,100
5.4,6.5,3,78.5,100
5.4,5.5,1.5,79.5,100
5.4,4.5,83.75,80.5,0.5
5.4,3.5,78.5,81.5,2
5.4,2.5,72.75,82.5,3.5
5.4,1.5,66.5,83.5,4.75
5.4,0.5,59.75,84.5,5.75
5.4,96.5,52.5,0.5,7.25
5.4,95.5,44.75,1.5,9.25
5.4,94.5,36.5,2.5,11.75
5.4,93.5,27.75,3.5,14.75
5.4,92.25,18.5,5,18.25
5.4,91.25,8.75,6,22.25
5.4,89.75,39,7.5,0.5
6.75,88.75,67.5,8.5,81.25
8.1,87.75,66.5,10,88.75
9,100,65.5,100,95.75
9,100,64.5,100,100
9,100,63.5,100,100
9,100,62.5,100,100
9,100,61.5,100,100
9,100,60.5,100,100
9,100,59.5,100,100
9,100,58.5,100,100
9,100,57.5,100,100
9,100,56.5,100,100
9,100,55.5,100,100
9,100,54.5,100,100
9,100,53.5,100,100
9,100,52.5,100,100
9,100,51.5,100,100
9,100,50.5,100,100
9,100,49.5,100,100
9,100,48.5,100,100
9,100,47.25,100,100
9,100,45.5,100,100
9,100,43.25,100,100
9,100,40.5,100,100
9,100,37.25,100,100
9,100,33.5,100,100
9,100,29.25,100,100
9,100,24.5,100,100
9,100,19.25,100,100
9,100,13.5,100,100
9,100,6,100,100
9,100,1.5,100,3.5
9,100,45.5,100,4.5
9,100,38.5,100,11
9,100,32,100,18
9,100,26,100,25
7.65,35.25,20.5,96.75,32.5
9,100,15.5,100,40.25
9,100,12,100,46.75
9,100,10,100,52
9,100,8.5,100,56.75
9,100,7.5,100,61
9,100,7,100,64.75
9,100,6,100,69
9,100,4.5,100,73.75
9,100,4.5,100,77
9,100,5.25,100,78.75
9,100,6.25,100,80
9,100,7.25,100,80.75
9,100,7.75,100,81.75
9,100,8.75,100,82.25
9,100,9.75,100,82.25
9,100,10.75,100,82.25
9,100,10.75,100,83.5
9,100,10.75,100,84.25
9,100,10.25,100,84.5
9,100,10.25,100,85
9,100,9.75,100,85.25
9,100,9.75,100,85.25
9,100,8.75,100,86.5
9,100,7.75,100,87.5
9,100,7.25,100,87.5
9,100,6.25,100,87.5
9,100,4.75,100,87.5
9,100,3.75,100,88
9,100,4.25,100,87.75
9,100,6,100,87
9,100,7.25,100,85.75
9,100,9.5,100,83.5
9,100,13.25,100,80
9,100,16.25,100,77.5
9,100,19.25,100,75
9,100,21.25,100,73.25
9,100,23.25,100,71.75
7.65,27.75,25,68.25,70.25
6.3,24,26.25,66.5,68.5
6.3,18.75,27,65.5,67.5
5.4,13,49,64.5,50.5
5.4,5.75,49,64.75,50.5
5.4,5.5,48,3,51.5
5.4,88.25,47,0.75,52.5
6.75,87.25,24.25,6.5,70.75
8.1,86.25,23.25,12.75,72
9,100,21.75,100,73
9,100,19.75,100,74
9,100,17.25,100,75
9,100,15.25,100,76.5
9,100,12.75,100,78.25
9,100,10.75,100,80.25
9,100,8.5,100,82
9,100,6.75,100,84.25
9,100,5.25,100,87
9,100,3.5,100,89.25
9,100,2,100,91
9,100,0.25,100,92.75
9,100,92.25,100,1.25
9,100,91,100,2.25
9,100,90,100,3.25
9,100,88.5,100,4.25
9,100,87.5,100,5.75
9,100,86.25,100,7.75
7.65,67.25,84.75,99,9.25
6.3,66.25,83.75,100,11.25
5.4,64.75,21,100,76
5.4,62.75,19.25,100,77
5.4,60.25,17.75,100,78
5.4,57.25,16.5,100,79.5
5.4,53.75,15.5,100,81.5
5.4,49.75,14.5,100,83
5.4,45.25,13,100,84
5.4,40.25,11,100,85
5.4,34.75,8.5,100,86.5
5.4,28.75,5.5,100,87.5
5.4,22.25,2,100,89
5.4,15.25,22.5,100,2
5.4,7.75,12.25,100,6.5
5.4,28.75,2.5,0.25,11.5
5.4,23.75,59,8.75,6.75
5.4,19.25,57.75,17.75,15.5
5.4,15.25,56.75,26.75,23.75
5.4,11.75,55.75,36.25,31.5
5.4,8,54.75,45.75,38.75
5.4,4.75,53.75,54.75,45.5
5.4,1.75,52.75,63.25,51.75
5.4,83,51.75,1.75,57.5
5.4,80.75,50.75,4.75,62.75
6.75,78.25,57.5,7.75,86.25
8.1,75.25,56.5,11.25,87.25
9,100,55.5,100,88.25
9,100,54.5,100,89.25
9,100,53.5,100,90.25
9,100,52.5,100,91.25
9,100,51.5,100,92.25
9,100,50.5,100,93.25
9,100,49.5,100,94.25
9,100,48.5,100,95.25
9,100,47.5,100,96.25
9,100,46.5,100,97.25
9,100,45.5,100,98.25
9,100,44.5,100,99.25
9,100,43.5,100,100
9,100,42.5,100,100
9,100,41.5,100,100
7.65,37.75,40.5,84.5,100
6.3,35.25,39.5,86,100
5.4,32.75,30.75,87,98.75
5.4,29.75,29.75,88,99.75
5.4,26.25,28.75,89,100
5.4,22.25,27.75,90,100
5.4,17.75,26.75,91,100
5.4,12.75,25.75,92,100
5.4,7.25,24.75,93,100
5.4,1.25,23.75,94,100
6.75,59.5,30.5,3.5,100
8.1,55.75,29.5,12.25,100
9,100,28.5,100,100
9,100,27.5,100,100
9,100,26.5,100,100
9,100,25.5,100,100
9,100,24.5,100,100
9,100,23.5,100,100
9,100,23.5,100,100
9,100,24.5,100,100
9,100,26.5,100,100
9,100,28.5,100,100
9,100,31.5,100,100
9,100,33.5,100,100
7.65,30.5,35.5,82,100
6.3,29.5,37.5,82.75,100
5.4,29,25.75,83,100
5.4,27.5,24.25,83.75,100
5.4,25.75,23,84,100
5.4,24,21.75,83.75,100
5.4,22,21,83,100
5.4,19.5,20.5,82,100
5.4,16.75,19.75,81,100
5.4,14.5,19.25,80.5,100
5.4,12.75,18.75,80,100
5.4,11.5,18.75,80,78
5.4,10.75,18.5,79.5,77.5
5.4,9.75,18.5,79.5,77
5.4,9.25,19,79.25,77
5.4,9.25,19.75,79,76.5
5.4,9.25,20.25,79.25,75.5
5.4,9.75,20.75,79.25,74.5
5.4,9.75,21.75,79.25,73.5
5.4,10,22.25,79.5,73
5.4,10.5,22.75,79.75,72.75
5.4,10.75,22.75,80.5,72
5.4,11.5,22.75,80.75,71.5
5.4,11.75,22.25,80.5,70.5
4.05,11.5,22,80,69.5
4.05,0,21.25,80.25,69.5
4.05,29.75,21,10.5,69
4.05,28,21.25,20,68
5.4,15.75,22,74.75,67.25
5.4,16,21.75,74.25,68
5.4,17.75,22.25,73,67.25
5.4,19,23.25,72,66.25
5.4,21.75,25.5,69.75,64.5
4.05,16,28,65.5,62.25
2.7,16,30.25,70.5,60.5
1.8,16.5,100,75,100
1.8,16.5,100,78.75,100
1.8,17,100,80.75,100
1.8,16,100,83.25,100
1.8,15.5,100,85.25,100
1.8,15.5,100,86.75,100
1.8,16,100,87.75,100
1.8,16,100,88.25,100
1.8,16.5,100,88.25,100
1.8,17.5,100,87.75,100
1.8,18.25,100,86.75,100
1.8,18.25,100,86.75,100
1.8,17.75,100,86.75,100
1.8,16.75,100,86.75,100
1.8,17.25,100,85.75,100
1.8,17.25,100,84.75,100
1.8,16.75,100,84.75,100
1.8,16,100,84.75,100
1.8,14.75,100,85.75,100
1.8,13.5,100,86.75,100
1.8,12.5,100,87.75,100
1.8,12,100,87.75,100
1.8,11.5,100,87.75,100
1.8,11.5,100,87.75,100
1.8,12,100,86.75,100
1.8,12.75,100,85.75,100
1.8,13.5,100,84.75,100
1.8,14,100,83.75,100
1.8,14,100,82.75,100
1.8,12.5,100,82.75,100
1.8,9.5,100,83.75,100
1.8,6,100,84.75,100
1.8,3,100,85,100
1.8,42,100,0.5,100
1.8,37,100,4.5,100
1.8,32.5,100,9,100
1.8,28.5,100,14,100
1.8,25,100,19.5,100
1.8,22,100,24.75,100
1.8,19.5,100,30.5,100
1.8,17.5,100,36.5,100
1.8,16,100,42.5,100
1.8,15,100,48.75,100
1.8,14.5,100,54.5,100
1.8,14.5,100,59.75,100
1.8,14.5,100,64.5,100
1.8,14.5,100,68.75,100
1.8,14.25,100,72.5,100
1.8,14.25,100,75.75,100
1.8,14.25,100,78.5,100
1.8,13.75,100,80.75,100
1.8,13.75,100,82.5,100
1.8,13.75,100,83.75,100
1.8,13.75,100,84.5,100
1.8,13.75,100,84.75,100
1.8,13.5,100,84.75,100
1.8,13.5,100,84.75,100
1.8,13.5,100,85.25,100
1.8,13.5,100,85.25,100
1.8,13,100,85.5,100
1.8,13,100,85.5,100
1.8,13,100,86,100
1.8,13,100,86,100
1.8,12.5,100,86.25,100
1.8,12.5,100,86.25,100
1.8,12.5,100,86.25,100
1.8,12.5,100,86.25,100
1.8,12.5,100,86.5,100
1.8,12.25,100,86.5,100
1.8,11.75,100,87,100
1.8,11.5,100,87,100
1.8,11.5,100,87,100
1.8,11.25,100,87,100
1.8,11.25,100,87,100
1.8,11,100,87,100
1.8,10.75,100,87,100
1.8,10,100,87,100
1.8,9.25,100,87,100
1.8,8,100,87,100
1.8,6.75,100,87.25,100
1.8,4.5,100,88.25,100
1.8,1.75,100,89.25,100
1.8,57.75,100,1.5,100
1.8,54.75,100,4.25,100
1.8,52.25,100,6.75,100
3.15,49.75,28.75,9.75,88.75
4.5,47.75,27.75,13.25,89.75
5.4,51.5,26.75,35.25,90.75
5.4,50,25.75,38.75,91.75
6.75,49,42.5,41.75,26.75
8.1,48,41.5,44.75,31.75
9,100,40,100,36.75
9,100,38,100,41.25
9,100,36.5,100,45.25
9,100,34.5,100,48.75
9,100,33,100,52
9,100,32,100,54.75
9,100,31,100,57.5
9,100,30,100,59.75
9,100,28.75,100,62
9,100,27,100,64.5
9,100,26.75,100,65.5
9,100,26.75,100,66
9,100,26.5,100,66.25
9,100,25.75,100,66.5
9,100,25.5,100,66.5
9,100,25.5,100,66.75
9,100,25,100,67.25
9,100,26,100,66.25
9,100,27,100,65.25
9,100,28.75,100,63.25
9,100,29.25,100,62.5
9,100,30.25,100,61.75
9,100,30.25,100,62.5
9,100,30.25,100,63.25
9,100,30.25,100,63.75
9,100,30.25,100,64.5
9,100,30,100,64.75
9,100,30,100,65
9,100,29,100,66.75
9,100,27.75,100,68
7.65,16.5,26.5,82.25,69
7.65,14.25,26,82.75,69
6.3,12.5,25,82.75,69.5
6.3,11,24.25,83,70
6.3,10.5,24,82,69.25
5.4,10.5,6.5,81,100
5.4,11.5,7.75,79,100
5.4,13.25,10.25,76.5,100
5.4,16.5,13.25,72.5,100
5.4,20.75,17.75,67.75,100
5.4,24.5,20.75,63.75,100
5.4,27,22.75,61.25,75
5.4,30,25.25,58.25,72
5.4,31.5,27,56.5,70.5
5.4,32,27.75,55.5,69.5
5.4,32.5,28.75,54.75,68.5
5.4,32,28.25,54.75,68.75
5.4,30,26.25,55.75,70.25
5.4,28.5,25,55.75,70.25
4.05,27.5,24,58.5,70.75
5.4,26.5,23.25,56.75,71.75
5.4,25.25,22.25,57.75,72.25
6.75,23.75,23.5,58.25,66.25
5.4,22,21.75,58.75,72.75
4.05,21.75,21.75,70.75,72.75
4.05,22.25,22.75,72.25,72
5.4,18.75,23.5,56.75,71.25
5.4,19,25.5,54.75,69.5
5.4,20.75,28.5,52.25,67.25
5.4,23,31.25,50,64.5
5.4,24.75,33,48.25,62.5
5.4,26.25,34.5,46.75,60.5
5.4,27.5,35.5,45.75,59
5.4,28.25,35.25,45.25,59
5.4,28.25,34.5,46,59.5
5.4,28,34.25,46.75,60.25
5.4,27.25,34.25,47.75,61.25
5.4,27,33.75,48.25,61.75
5.4,26.5,33,48.75,62
5.4,25.5,31,50,63.25
5.4,25.5,30.25,50.25,63.25
5.4,26.25,30.25,49.25,62.25
5.4,27.25,29.75,48.25,61.75
5.4,28.25,28.75,47.25,61
5.4,28.75,27.25,46.75,60
5.4,30.75,26.75,45.75,58.25
5.4,32.25,26.75,44.25,56.25
5.4,34.25,27.25,42.25,54.25
5.4,35.25,27,41.75,53.25
7.65,36.25,38.75,41.75,69.75
9,100,39.5,100,68.75
9,100,40.5,100,67.75
9,100,41.25,100,66.75
9,100,41.5,100,65.75
9,100,42,100,64.75
9,100,42,100,63.75
9,100,41.75,100,62.75
9,100,41.25,100,61.75
9,100,41.25,100,60.75
9,100,41.5,100,59.75
9,100,41.25,100,58.75
9,100,40.5,100,57.75
9,100,40,100,57
9,100,39.25,100,56
9,100,38.5,100,55
9,100,38.25,100,54
9,100,38,100,53
9,100,37.75,100,52
9,100,36.75,100,52.5
9,100,34.75,100,53.75
9,100,34,100,53.75
9,100,32,100,54.75
9,100,30.25,100,55.75
9,100,29,100,56
9,100,27.5,100,56.75
9,100,26.5,100,56.25
9,100,25.75,100,55.5
9,100,25.25,100,54.5
7.65,28.25,25.25,54.25,53.5
6.3,27.25,24.75,54,52.5
5.4,26.5,40.5,54,47.5
4.05,23.25,41.5,50.5,46.5
2.7,22.75,42.5,49.5,46
1.8,21.75,100,48.5,100
1.8,20.25,100,48.5,100
1.8,17.75,100,49.5,100
1.8,15.5,100,50.5,100
1.8,13.5,100,51.5,100
1.8,11.5,100,53,100
1.8,9.25,100,54,100
1.8,7,100,55.5,100
1.8,4.5,100,57.5,100
1.8,3.5,100,58.25,100
1.8,3,100,59.5,100
1.8,2,100,61.75,100
1.8,0.5,100,63.5,100
1.8,92.75,100,0.5,100
1.8,91.75,100,1.75,100
1.8,90.75,100,3,100
1.8,89.75,100,4,100
1.8,88.75,100,5,100
1.8,87.75,100,6.25,100
1.8,86.25,100,7.25,100
1.8,85.25,100,8.75,100
3.15,84.25,25.5,9.75,87.25
4.5,83.25,24.5,11.25,88.25
5.4,73.5,23.5,22.75,89.25
5.4,71.5,22.5,23.75,90.25
5.4,69,21.5,25.25,91.25
5.4,66,20.5,26.75,92.25
5.4,62.5,19.5,28.75,93.25
5.4,58.5,18.5,31,94.25
5.4,54,17.5,33.5,95.25
5.4,49,16.5,36,96.25
5.4,43.5,15.5,38.75,97.25
5.4,37.5,14.5,41,98.25
5.4,31,13.5,43.25,99.25
5.4,24,12,45,100
5.4,16.75,11,46.25,100
5.4,9.25,10,48,100
5.4,1.5,9,50.25,100
5.4,55.25,8,6,100
5.4,53.75,7,13,100
5.4,52.5,6,19.5,100
5.4,51.25,5,25.5,100
5.4,49.75,4,31,100
5.4,48.5,3,36,100
5.4,47.25,2,40.5,100
5.4,46.25,1,44.5,100
5.4,44.75,0,48,100
5.4,43.5,92.5,51,1
5.4,41.75,90.5,53.5,2
5.4,39.75,89,55.5,3
5.4,37.75,87,57,4
5.4,35.25,84.75,58.75,5
5.4,33.25,83,60.75,6
5.4,31.75,81,62.25,7.5
4.05,51,79.5,97.25,8.5
2.7,50,78.5,98.25,10
1.8,49,100,99.25,100
1.8,48,100,100,100
1.8,47,100,100,100
1.8,46,100,100,100
1.8,45,100,100,100
1.8,44,100,100,100
1.8,43,100,100,100
1.8,42,100,100,100
1.8,41,100,100,100
1.8,40,100,100,100
1.8,39,100,100,100
1.8,38,100,100,100
1.8,37,100,100,100
1.8,36,100,100,100
1.8,35,100,100,100
1.8,34,100,100,100
1.8,33,100,100,100
1.8,32,100,100,100
1.8,31,100,100,100
1.8,31,100,100,100
1.8,30,100,100,100
1.8,29,100,100,100
3.15,28,12.75,100,88
4.5,27,5.75,100,89
5.4,30,34.25,60.75,1.75
6.75,28.5,25,63,100
8.1,26.5,24,65.25,100
8.1,25,24,66.75,100
8.1,22,23,68.75,100
8.1,19.5,23,69.75,100
8.1,16.5,23,71,100
6.75,13,23,72.5,100
6.75,8,22,75.5,100
5.4,3.25,12.75,78.5,71.25
5.4,52.75,11.75,1,77.75
5.4,48.25,10.75,4.75,83.75
6.75,43.25,18,9,100
6.75,39.25,18,12.75,100
8.1,35,17.75,17,100
8.1,31.75,18.75,20.75,100
8.1,29.25,20.25,24,100
8.1,27.25,22.25,27.75,100
8.1,25.25,24.25,32,100
6.75,23.5,25.75,36.25,100
5.4,21.75,19.75,40,96.25
5.4,21,22.75,42.25,93.25
5.4,20.75,25.25,44.25,90.25
5.4,20.75,28.25,46.25,87.25
5.4,21,31.25,48.75,84.25
5.4,19.75,33.25,51.75,82.25
5.4,17.75,34,55.25,81.25
5.4,14.25,34,59.25,81.25
5.4,10.25,33,64,82.25
5.4,6.75,31.5,68.75,83.25
4.05,27.5,30.5,100,84.25
2.7,25,29.5,100,85.25
4.05,23,28,100,86.25
5.4,78.75,27,7.75,87.25
6.75,77.5,19.25,10.5,100
8.1,76.5,18,13.75,100
9,100,16.25,100,100
9,100,14.75,100,100
9,100,12.75,100,100
9,100,10.5,100,100
9,100,8.75,100,100
9,100,7.5,100,100
9,100,6.25,100,100
9,100,4.5,100,100
9,100,2.25,100,100
9,100,0.5,100,100
9,100,82.75,100,1.5
9,100,81.75,100,3.25
9,100,80.5,100,4.5
9,100,79.5,100,6.25
9,100,78.5,100,7.75
7.65,32,77.5,82.25,8.75
6.3,25.5,76,83.75,10.25
5.4,18.5,7,84.75,100
5.4,11,6,85.75,100
5.4,3,5,86.75,100
5.4,38.25,4,5.25,100
5.4,35.25,3,13,100
5.4,32.75,2,21.25,100
5.4,30.75,1,29.5,100
5.4,29.25,0,37.25,100
5.4,28.25,98.5,44.5,1
5.4,27.25,97.5,51.25,2
5.4,26.25,96.5,57.5,3
5.4,25.25,95.5,63.25,4
5.4,24.25,94.5,68.5,5
6.75,22.75,16.5,73.25,67.75
8.1,21.5,8.75,77.5,71.75
8.1,19.75,1.25,81.25,75.5
6.75,17.75,53.5,84.5,6.75
5.4,16.25,89.5,87.25,10
4.05,50.5,88.5,24.25,11
2.7,49,87.5,32.75,12.5
1.8,48,100,40.75,100
1.8,47,100,48.25,100
1.8,46,100,55.25,100
1.8,45,100,61.75,100
1.8,44,100,67.75,100
1.8,43,100,73.25,100
1.8,42,100,78.25,100
1.8,41,100,82.75,100
1.8,40,100,86.75,100
1.8,39,100,90.25,100
1.8,37.75,100,93.25,100
1.8,36.75,100,95.75,100
1.8,35.25,100,97.75,100
1.8,33.75,100,99.25,100
1.8,32.75,100,100,100
1.8,31.75,100,100,100
1.8,30.25,100,100,100
1.8,29.25,100,100,100
1.8,28.25,100,100,100
1.8,27.25,100,100,100
1.8,26.25,100,100,100
1.8,24.75,100,100,100
1.8,23.75,100,100,100
1.8,22.75,100,100,100
1.8,21.75,100,100,100
1.8,20.25,100,100,100
1.8,18.5,100,100,100
1.8,16.5,100,100,100
1.8,14,100,100,100
1.8,11,100,100,100
1.8,8,100,100,100
1.8,4.5,100,100,100
1.8,1.5,100,100,100
1.8,82,100,1.5,100
1.8,78.25,100,4.25,100
1.8,74,100,7.5,100
3.15,69.75,34,10.5,97.75
4.5,66,30.5,14,98.75
5.4,29,27.5,65.5,99.75
5.4,27.25,24,66.75,100
5.4,26,20,67.75,100
5.4,24.75,15.5,68.75,100
5.4,23.5,11,69.75,100
5.4,22.5,6,70.75,100
5.4,21.5,0.5,71.75,100
5.4,20.5,58.25,72.75,5.5
4.05,45.5,55.75,61.5,11.25
2.7,44,53.75,66.75,17.5
1.8,42.5,100,71.5,100
1.8,41.5,100,75.75,100
1.8,40.5,100,79.5,100
1.8,39,100,82.75,100
1.8,38,100,85.5,100
1.8,37,100,87.75,100
1.8,35.5,100,89.5,100
1.8,34.5,100,90.75,100
1.8,33.5,100,91.75,100
1.8,33.5,100,91.75,100
1.8,33.5,100,91.75,100
1.8,33.5,100,91.75,100
1.8,34.25,100,90.75,100
3.15,34.75,32.5,89.75,84.25
4.5,35.75,33,88.75,84
5.4,46,33.5,18,83.25
5.4,45,33.5,22,83.25
5.4,43,32,27,84.25
6.75,41.5,34,32.5,89.75
8.1,40.5,33,38.25,90.75
9,100,32,100,91.75
9,100,31,100,92.75
9,100,29.5,100,93.75
9,100,28.5,100,94.75
9,100,28.5,100,94.75
9,100,29.25,100,93.75
9,100,30.25,100,92.75
9,100,31.25,100,91.75
9,100,32.25,100,90.75
9,100,32.25,100,90.75
9,100,32.25,100,90.75
9,100,32.25,100,90.75
9,100,32.25,100,90.75
9,100,31.25,100,91.75
9,100,31.25,100,91.75
9,100,31.25,100,91.75
9,100,30.25,100,92.75
9,100,29.25,100,93.75
9,100,29.25,100,93.75
9,100,29.25,100,93.75
9,100,29.25,100,93.75
9,100,30.25,100,92.75
9,100,31.25,100,91.75
9,100,33.25,100,89.75
9,100,35.25,100,87.75
9,100,36.25,100,86.75
9,100,37.25,100,85.75
9,100,37.25,100,85.75
9,100,36.25,100,86.75
7.65,29.25,35.25,78.25,87.75
6.3,27,34.25,79.5,88.75
5.4,25.25,58.25,80.5,39
4.05,31.75,57.25,90.75,40
2.7,30.75,56.25,91.75,41.5
1.8,29.5,100,92.75,100
1.8,28.5,100,93.75,100
1.8,27.5,100,94.75,100
1.8,26.25,100,95.75,100
1.8,25.25,100,96.75,100
1.8,24.25,100,97.75,100
1.8,23.25,100,98.75,100
1.8,22.25,100,99.75,100
1.8,21.25,100,100,100
1.8,20.25,100,100,100
