0,0,0,27.778,0,0,0,0,0,0,0,0,0,0,0,0,0,0,27.778,0
0.27778,0,0,27.778,0,0,0,0,0,0,0,0,0,0,0,0,0,0,27.778,0
0.55556,0,0,27.778,0,0,0,0,0,0,0,0,0,0,0,0,0,0,27.778,0
0.83333,0,0,27.778,0,0,0,0,0,0,0,0,0,0,0,0,0,0,27.778,0
1.1111,0,0,27.778,0,0,0,0,0,0,0,0,0,0,0,0,0,0,27.778,0
1.3889,0,0,27.778,0,0,0,0,0,0,0,0,0,0,0,0,0,0,27.778,0
1.6667,0,0,27.778,0,0,0,0,0,0,0,0,0,0,0,0,0,0,27.778,0
1.9444,0,0,27.778,0,0,0,0,0,0,0,0,0,0,0,0,0,0,27.778,0
2.2222,0,0,27.778,0,0,0,0,0,0,0,0,0,0,0,0,0,0,27.778,0
2.5,0,0,27.778,0,0,0,0,0,0,0,0,0,0,0,0,0,0,27.778,0
2.7778,0,0,27.778,0,0,0,0,0,0,0,0,0,0,0,0,0,0,27.778,0
3.0556,0,0,27.778,0,0,0,0,0,0,0,0,0,0,0,0,0,0,27.778,0
3.3333,0,0,27.778,0,0,0,0,0,0,0,0,0,0,0,0,0,0,27.778,0
3.6111,0,0,27.778,0,0,0,0,0,0,0,0,0,0,0,0,0,0,27.778,0
3.8889,0,0,27.778,0,0,0,0,0,0,0,0,0,0,0,0,0,0,27.778,0
4.1667,0,0,27.778,0,0,0,0,0,0,0,0,0,0,0,0,0,0,27.778,0
4.4444,0,0,27.778,0,0,0,0,0,0,0,0,0,0,0,0,0,0,27.778,0
4.7222,0,0,27.778,0,0,0,0,0,0,0,0,0,0,0,0,0,0,27.778,0
5,0,0,27.778,0,0,0,0,0,0,0,0,0,0,0,0,0,0,27.778,0
5.2778,0,0,27.778,0,0,0,0,0,0,0,0,0,0,0,0,0,0,27.778,0
5.5556,0,0,27.778,0,0,0,0,0,0,0,0,0,0,0,0,0,0,27.778,0
5.8333,0,0,27.778,0,0,0,0,0,0,0,0,0,0,0,0,0,0,27.778,0
6.1111,0,0,27.778,0,0,0,0,0,0,0,0,0,0,0,0,0,0,27.778,0
6.3889,0,0,27.778,0,0,0,0,0,0,0,0,0,0,0,0,0,0,27.778,0
6.6667,0,0,27.778,0,0,0,0,0,0,0,0,0,0,0,0,0,0,27.778,0
6.9444,0,0,27.778,0,0,0,0,0,0,0,0,0,0,0,0,0,0,27.778,0
7.2222,0,0,27.778,0,0,0,0,0,0,0,0,0,0,0,0,0,0,27.778,0
7.5,0,0,27.778,0,0,0,0,0,0,0,0,0,0,0,0,0,0,27.778,0
7.7778,0,0,27.778,0,0,0,0,0,0,0,0,0,0,0,0,0,0,27.778,0
8.0556,0,0,27.778,0,0,0,0,0,0,0,0,0,0,0,0,0,0,27.778,0
8.3333,0,0,27.778,0,0,0,0,0,0,0,0,0,0,0,0,0,0,27.778,0
8.6111,0,0,27.778,0,0,0,0,0,0,0,0,0,0,0,0,0,0,27.778,0
8.8889,0,0,27.778,0,0,0,0,0,0,0,0,0,0,0,0,0,0,27.778,0
9.1667,0,0,27.778,0,0,0,0,0,0,0,0,0,0,0,0,0,0,27.778,0
9.4444,0,0,27.778,0,0,0,0,0,0,0,0,0,0,0,0,0,0,27.778,0
9.7222,0,0,27.778,0,0,0,0,0,0,0,0,0,0,0,0,0,0,27.778,0
10,0,0,27.778,0,0,0,0,0,0,0,0,0,0,0,0,0,0,27.778,0
10.278,0,0,27.778,0,0,0,0,0,0,0,0,0,0,0,0,0,0,27.778,0
10.556,0,0,27.778,0,0,0,0,0,0,0,0,0,0,0,0,0,0,27.778,0
10.833,0,0,27.778,0,0,0,0,0,0,0,0,0,0,0,0,0,0,27.778,0
11.111,0,0,27.778,0,0,0,0,0,0,0,0,0,0,0,0,0,0,27.778,0
11.389,0,0,27.778,0,0,0,0,0,0,0,0,0,0,0,0,0,0,27.778,0
11.667,0,0,27.778,0,0,0,0,0,0,0,0,0,0,0,0,0,0,27.778,0
11.944,0,0,27.778,0,0,0,0,0,0,0,0,0,0,0,0,0,0,27.778,0
12.222,0,0,27.778,0,0,0,0,0,0,0,0,0,0,0,0,0,0,27.778,0
12.5,0,0,27.778,0,0,0,0,0,0,0,0,0,0,0,0,0,0,27.778,0
12.778,0,0,27.778,0,0,0,0,0,0,0,0,0,0,0,0,0,0,27.778,0
13.056,0,0,27.778,0,0,0,0,0,0,0,0,0,0,0,0,0,0,27.778,0
13.333,0,0,27.778,0,0,0,0,0,0,0,0,0,0,0,0,0,0,27.778,0
13.611,0,0,27.778,0,0,0,0,0,0,0,0,0,0,0,0,0,0,27.778,0
13.889,0,0,27.778,0,0,0,0,0,0,0,0,0,0,0,0,0,0,27.778,0
14.167,0,0,27.778,0,0,0,0,0,0,0,0,0,0,0,0,0,0,27.778,0
14.444,0,0,27.778,0.0086094,0,-0.0045565,0.86094,0,0,0,0,0.0049329,1.5758e-05,0.0044237,0.49329,0.0015758,0.44237,27.778,0.00030994
14.722,8.6094e-05,0,27.778,0.023618,0,-0.017273,1.5009,0,4.9329e-05,1.5758e-07,4.4237e-05,0.014109,7.4998e-05,0.012875,0.91757,0.005924,0.8451,27.778,0.00085026
15,0.00033456,0,27.777,0.043007,0,-0.036644,1.9389,0,0.00019041,9.0121e-07,0.00017298,0.026889,0.00019951,0.02493,1.278,0.012451,1.2055,27.777,0.0015483
15.278,0.00081268,0,27.777,0.061313,0,-0.046936,1.8306,0,0.0004593,2.8489e-06,0.00042228,0.040598,0.00035615,0.038276,1.371,0.015664,1.3346,27.777,0.0022074
15.556,0.0015431,0,27.776,0.073314,0,-0.040014,1.2001,0,0.00086529,6.2346e-06,0.00080504,0.052394,0.00048443,0.050301,1.1795,0.012827,1.2025,27.776,0.0026394
15.833,0.0024999,0,27.776,0.080949,0,-0.037606,0.76351,0,0.0013892,1.0644e-05,0.001308,0.063189,0.00060007,0.061632,1.0795,0.011564,1.1331,27.776,0.0029143
16.111,0.0036727,0,27.776,0.084992,0,-0.036584,0.40435,0,0.0020211,1.5788e-05,0.0019244,0.073311,0.00070729,0.072433,1.0123,0.010722,1.0802,27.776,0.0030599
16.389,0.0050571,0,27.775,0.085905,0,-0.036288,0.091286,0,0.0027542,2.1397e-05,0.0026487,0.082931,0.00080772,0.082758,0.96193,0.010043,1.0324,27.775,0.0030928
16.667,0.0066518,0,27.775,0.084043,0,-0.036593,-0.1862,0,0.0035836,2.7195e-05,0.0034763,0.092161,0.00090237,0.092628,0.923,0.0094654,0.98702,27.775,0.0030259
16.944,0.0084578,0,27.774,0.07971,0,-0.037489,-0.4333,0,0.0045052,3.2899e-05,0.0044026,0.10109,0.00099214,0.10206,0.89273,0.0089769,0.94309,27.774,0.0028699
17.222,0.010478,0,27.774,0.073206,0,-0.039096,-0.65038,0,0.0055161,3.8223e-05,0.0054232,0.1098,0.0010783,0.11108,0.87101,0.0086149,0.90198,27.774,0.0026358
17.5,0.012716,0,27.774,0.064699,0,-0.041078,-0.85075,0,0.0066141,4.2878e-05,0.0065341,0.1183,0.0011609,0.11966,0.85053,0.0082621,0.85849,27.774,0.0023295
17.778,0.015178,0,27.773,0.054484,0,-0.043941,-1.0215,0,0.0077972,4.6572e-05,0.0077307,0.12669,0.0012419,0.12786,0.83837,0.0080988,0.81989,27.773,0.0019618
18.055,0.01787,0,27.773,0.042745,0,-0.0474,-1.1739,0,0.0090642,4.9021e-05,0.0090094,0.13497,0.0013222,0.13568,0.82856,0.0080314,0.78207,27.773,0.0015391
18.333,0.020799,0,27.772,0.02956,0,-0.051128,-1.3185,0,0.010414,4.9945e-05,0.010366,0.14313,0.0014018,0.14309,0.81533,0.0079562,0.7407,27.772,0.0010644
18.611,0.023974,0,27.772,0.015211,0,-0.055868,-1.4349,0,0.011845,4.9061e-05,0.011797,0.15122,0.0014832,0.15015,0.80974,0.0081429,0.70621,27.772,0.00054771
18.888,0.027402,0,27.771,-0.00038271,0,-0.060361,-1.5594,0,0.013358,4.6106e-05,0.013299,0.15914,0.0015649,0.15677,0.79212,0.0081656,0.66199,27.771,-1.3781e-05
19.166,0.031091,0,27.77,-0.016875,0,-0.066129,-1.6493,0,0.014949,4.0813e-05,0.014867,0.167,0.0016506,0.16306,0.78553,0.008572,0.62872,27.77,-0.00060767
19.444,0.035051,0,27.77,-0.034228,0,-0.072136,-1.7353,0,0.016619,3.2942e-05,0.016497,0.17474,0.0017407,0.16899,0.77394,0.0090117,0.5931,27.77,-0.0012326
19.721,0.03929,0,27.769,-0.052444,0,-0.07817,-1.8215,0,0.018367,2.2263e-05,0.018187,0.18229,0.001835,0.17452,0.75479,0.0094288,0.55308,27.769,-0.0018886
19.999,0.043816,0,27.768,-0.071218,0,-0.085415,-1.8774,0,0.02019,8.558e-06,0.019933,0.18974,0.0019375,0.17976,0.74511,0.010253,0.52393,27.768,-0.0025647
20.277,0.048638,0,27.767,-0.090436,0,-0.093263,-1.9218,0,0.022087,-8.3611e-06,0.02173,0.19709,0.0020503,0.18474,0.73564,0.011281,0.49822,27.767,-0.0032569
20.554,0.053767,0,27.766,-0.11007,0,-0.10137,-1.9636,0,0.024058,-2.8664e-05,0.023578,0.20431,0.0021743,0.18946,0.72176,0.012403,0.47206,27.766,-0.0039642
20.832,0.059213,0,27.765,-0.13073,0,-0.10694,-2.0655,0,0.026101,-5.2503e-05,0.025472,0.21099,0.002301,0.1936,0.66777,0.012664,0.41364,27.765,-0.0047082
21.109,0.064978,0,27.764,-0.15192,0,-0.11415,-2.1194,0,0.028211,-8.0026e-05,0.027408,0.2173,0.0024366,0.19733,0.63139,0.013565,0.37284,27.764,-0.0054717
21.387,0.071068,0,27.763,-0.17328,0,-0.12282,-2.1359,0,0.030384,-0.00011133,0.029381,0.2234,0.0025871,0.2008,0.60916,0.015043,0.34771,27.763,-0.0062412
21.665,0.077491,0,27.761,-0.19469,0,-0.13203,-2.1413,0,0.032617,-0.00014647,0.031389,0.22928,0.0027548,0.20408,0.58814,0.016774,0.32753,27.761,-0.0070128
21.942,0.084258,0,27.76,-0.21613,0,-0.14146,-2.1441,0,0.03491,-0.00018549,0.03343,0.23492,0.0029413,0.20717,0.5643,0.018649,0.30881,27.76,-0.0077854
22.22,0.091376,0,27.758,-0.2376,0,-0.15102,-2.1462,0,0.037259,-0.00022841,0.035501,0.24029,0.0031477,0.21008,0.53692,0.020641,0.29077,27.758,-0.0085589
22.497,0.098854,0,27.757,-0.25908,0,-0.16066,-2.1485,0,0.039661,-0.0002752,0.037602,0.24535,0.003375,0.21281,0.50573,0.022732,0.27294,27.757,-0.0093333
22.775,0.1067,0,27.755,-0.28069,0,-0.16981,-2.1614,0,0.042114,-0.00032586,0.039729,0.25,0.0036223,0.21531,0.46502,0.024731,0.25,27.755,-0.010112
23.052,0.11492,0,27.753,-0.30251,0,-0.17847,-2.1816,0,0.044613,-0.00038032,0.041882,0.25416,0.0038889,0.21753,0.41611,0.026652,0.22262,27.753,-0.010899
23.329,0.12352,0,27.751,-0.3244,0,-0.18757,-2.1887,0,0.047154,-0.00043848,0.044057,0.25786,0.0041771,0.21954,0.37036,0.028826,0.20045,27.751,-0.011688
23.607,0.1325,0,27.75,-0.34636,0,-0.19647,-2.196,0,0.049732,-0.00050024,0.046252,0.26107,0.0044874,0.22131,0.32099,0.031033,0.17755,27.75,-0.01248
23.884,0.14187,0,27.747,-0.36846,0,-0.20473,-2.2107,0,0.052341,-0.00056544,0.048465,0.26371,0.0048186,0.22281,0.26394,0.033118,0.15005,27.747,-0.013277
24.162,0.15163,0,27.745,-0.39065,0,-0.21298,-2.2183,0,0.054977,-0.00063388,0.050692,0.26578,0.0051718,0.22406,0.20722,0.035315,0.12459,27.745,-0.014077
24.439,0.16179,0,27.743,-0.41302,0,-0.2202,-2.2373,0,0.057633,-0.00070536,0.052932,0.26719,0.0055444,0.22498,0.14062,0.037265,0.092022,27.743,-0.014885
24.716,0.17234,0,27.741,-0.43556,0,-0.2269,-2.2543,0,0.060304,-0.0007796,0.055181,0.2679,0.0059361,0.22556,0.071019,0.039164,0.057886,27.741,-0.015698
24.993,0.18329,0,27.739,-0.45814,0,-0.23365,-2.2575,0,0.062981,-0.00085629,0.057436,0.26795,0.0063483,0.22584,0.0053263,0.04122,0.02803,27.739,-0.016513
25.271,0.19464,0,27.736,-0.48045,0,-0.24144,-2.2311,0,0.065659,-0.00093507,0.059694,0.26748,0.0067858,0.22595,-0.046755,0.043754,0.011066,27.736,-0.017318
25.548,0.20639,0,27.734,-0.5027,0,-0.24765,-2.2252,0,0.068331,-0.0010156,0.061953,0.26637,0.0072441,0.22579,-0.11197,0.045828,-0.016232,27.734,-0.018121
25.825,0.21855,0,27.731,-0.52479,0,-0.25378,-2.2085,0,0.070993,-0.0010975,0.064211,0.26463,0.0077239,0.22539,-0.17368,0.047982,-0.039931,27.731,-0.018918
26.102,0.2311,0,27.729,-0.54665,0,-0.25958,-2.1865,0,0.073636,-0.0011803,0.066465,0.26229,0.008225,0.22476,-0.23423,0.05011,-0.062184,27.729,-0.019708
26.379,0.24407,0,27.726,-0.56823,0,-0.26509,-2.158,0,0.076257,-0.0012637,0.068712,0.25936,0.0087472,0.22394,-0.29268,0.05222,-0.082354,27.726,-0.020487
26.656,0.25743,0,27.723,-0.58944,0,-0.27045,-2.1212,0,0.078847,-0.001347,0.070952,0.25588,0.0092906,0.22295,-0.34756,0.05434,-0.099279,27.723,-0.021254
26.933,0.27121,0,27.72,-0.61023,0,-0.27559,-2.0782,0,0.081403,-0.00143,0.073182,0.25189,0.0098549,0.22181,-0.39945,0.056428,-0.11358,27.72,-0.022005
27.21,0.28539,0,27.718,-0.63052,0,-0.28052,-2.0296,0,0.083919,-0.0015122,0.0754,0.24741,0.01044,0.22056,-0.44817,0.058469,-0.12524,27.718,-0.022738
27.487,0.29998,0,27.715,-0.65028,0,-0.28524,-1.976,0,0.08639,-0.001593,0.077607,0.24247,0.011044,0.21922,-0.49368,0.060442,-0.13436,27.715,-0.023453
27.763,0.31499,0,27.712,-0.66947,0,-0.28971,-1.9191,0,0.088811,-0.0016721,0.079801,0.23711,0.011667,0.2178,-0.53642,0.062312,-0.14148,27.712,-0.024147
28.04,0.3304,0,27.709,-0.68807,0,-0.2939,-1.8597,0,0.091178,-0.0017491,0.08198,0.23134,0.012308,0.21633,-0.57651,0.064053,-0.14688,27.709,-0.024819
28.317,0.34624,0,27.706,-0.70606,0,-0.29776,-1.7993,0,0.093488,-0.0018235,0.084146,0.2252,0.012964,0.21482,-0.61453,0.065622,-0.15121,27.706,-0.02547
28.594,0.36249,0,27.703,-0.72345,0,-0.30125,-1.7385,0,0.095736,-0.001895,0.086297,0.21869,0.013634,0.21327,-0.65049,0.066999,-0.15469,27.703,-0.0261
28.87,0.37916,0,27.7,-0.74023,0,-0.30433,-1.678,0,0.097919,-0.0019631,0.088433,0.21184,0.014315,0.2117,-0.68468,0.068151,-0.15777,27.7,-0.026707
29.147,0.39625,0,27.697,-0.7564,0,-0.30702,-1.6173,0,0.10003,-0.0020276,0.090554,0.20468,0.015006,0.21009,-0.71669,0.069077,-0.16026,27.697,-0.027293
29.423,0.41376,0,27.694,-0.77196,0,-0.30935,-1.556,0,0.10208,-0.0020881,0.092659,0.19722,0.015704,0.20847,-0.74615,0.069778,-0.16202,27.694,-0.027857
29.7,0.4317,0,27.691,-0.78692,0,-0.31119,-1.4959,0,0.10404,-0.0021443,0.094749,0.18948,0.016406,0.20683,-0.77396,0.070199,-0.16394,27.691,-0.028399
29.976,0.45006,0,27.687,-0.80126,0,-0.31275,-1.4343,0,0.10593,-0.002196,0.096823,0.18149,0.01711,0.20519,-0.79849,0.070402,-0.16477,27.687,-0.028919
30.253,0.46885,0,27.684,-0.815,0,-0.31377,-1.3744,0,0.10774,-0.0022428,0.098882,0.17328,0.017813,0.20353,-0.82145,0.070296,-0.16607,27.684,-0.029418
30.529,0.48807,0,27.681,-0.82813,0,-0.31451,-1.3128,0,0.10947,-0.0022846,0.10092,0.16487,0.018513,0.20186,-0.84091,0.069966,-0.1663,27.681,-0.029895
30.805,0.50772,0,27.678,-0.84073,0,-0.31416,-1.2592,0,0.11112,-0.0023211,0.10295,0.15624,0.019204,0.20016,-0.86236,0.069125,-0.17025,27.678,-0.030352
31.081,0.5278,0,27.675,-0.85286,0,-0.3126,-1.2132,0,0.11267,-0.0023522,0.10496,0.14739,0.019881,0.19838,-0.88591,0.067749,-0.17826,27.675,-0.030793
31.357,0.54832,0,27.672,-0.86451,0,-0.31044,-1.1653,0,0.11414,-0.0023777,0.10696,0.13832,0.020542,0.19651,-0.90679,0.066072,-0.18644,27.672,-0.031216
31.633,0.56926,0,27.669,-0.87564,0,-0.30789,-1.1134,0,0.11552,-0.0023974,0.10893,0.12908,0.021184,0.19458,-0.9237,0.064164,-0.19371,27.669,-0.031621
31.909,0.59064,0,27.666,-0.88622,0,-0.30498,-1.0574,0,0.11681,-0.0024113,0.11089,0.11972,0.021804,0.19258,-0.93649,0.062039,-0.19985,27.666,-0.032006
32.185,0.61244,0,27.663,-0.89622,0,-0.30153,-0.99977,0,0.118,-0.0024191,0.11283,0.11025,0.0224,0.19052,-0.94655,0.059631,-0.20602,27.663,-0.03237
32.461,0.63468,0,27.66,-0.90561,0,-0.29767,-0.93921,0,0.1191,-0.002421,0.11474,0.10072,0.02297,0.1884,-0.95307,0.056993,-0.21145,27.66,-0.032712
32.737,0.65735,0,27.657,-0.91436,0,-0.29346,-0.87557,0,0.1201,-0.0024168,0.11664,0.09116,0.023512,0.18624,-0.95594,0.054143,-0.21596,27.657,-0.033031
33.013,0.68046,0,27.654,-0.92412,0,-0.27492,-0.97585,0,0.12101,-0.0024065,0.11852,0.080653,0.023974,0.18322,-1.0507,0.046252,-0.30231,27.654,-0.033386
33.289,0.70398,0,27.652,-0.93684,0,-0.24212,-1.272,0,0.12181,-0.0023897,0.12037,0.067992,0.024312,0.17821,-1.2661,0.033743,-0.50064,27.652,-0.033848
33.564,0.72788,0,27.649,-0.95233,0,-0.21148,-1.5493,0,0.12249,-0.0023649,0.12217,0.053055,0.024539,0.17099,-1.4937,0.022766,-0.72275,27.649,-0.034409
33.84,0.75213,0,27.648,-0.97029,0,-0.18336,-1.7952,0,0.12301,-0.0023303,0.12389,0.035763,0.024674,0.16133,-1.7291,0.013441,-0.96568,27.648,-0.035059
34.115,0.77666,0,27.646,-0.99026,0,-0.15795,-1.9977,0,0.12337,-0.0022833,0.12552,0.016084,0.024732,0.14908,-1.9679,0.0058063,-1.2251,27.646,-0.035781
34.391,0.80145,0,27.645,-1.0117,0,-0.13527,-2.1448,0,0.12352,-0.0022213,0.12703,-0.0059654,0.02473,0.13412,-2.205,-0.00019018,-1.4959,27.645,-0.036556
34.666,0.82644,0,27.644,-1.0316,0,-0.1152,-1.9931,0,0.12346,-0.0021412,0.1284,-0.028988,0.024683,0.11759,-2.3023,-0.0046923,-1.6524,27.644,-0.037276
34.942,0.8516,0,27.643,-1.047,0,-0.094281,-1.5329,0,0.12317,-0.002041,0.12959,-0.051379,0.024589,0.10092,-2.2391,-0.0093852,-1.6676,27.643,-0.03783
35.217,0.87694,0,27.642,-1.0567,0,-0.072279,-0.96795,0,0.12265,-0.001921,0.13062,-0.072514,0.02444,0.084704,-2.1135,-0.014887,-1.6215,27.642,-0.03818
35.493,0.90247,0,27.641,-1.0608,0,-0.050005,-0.41832,0,0.12193,-0.0017821,0.1315,-0.09238,0.024229,0.069055,-1.9865,-0.02115,-1.5649,27.641,-0.038331
35.768,0.9282,0,27.641,-1.0599,0,-0.027906,0.096395,0,0.121,-0.0016256,0.13221,-0.11106,0.023948,0.05399,-1.868,-0.028066,-1.5065,27.641,-0.038297
36.044,0.95413,0,27.641,-1.0542,0,-0.0063064,0.56496,0,0.11989,-0.001453,0.13278,-0.1287,0.023593,0.03947,-1.7643,-0.035523,-1.452,27.641,-0.038094
36.319,0.98027,0,27.641,-1.0443,0,0.014571,0.99034,0,0.1186,-0.001266,0.1332,-0.14544,0.023159,0.025459,-1.6742,-0.043411,-1.4011,27.641,-0.037736
36.594,1.0066,0,27.642,-1.0306,0,0.034532,1.3755,0,0.11715,-0.0010661,0.13348,-0.16141,0.022643,0.011929,-1.5966,-0.051621,-1.353,27.642,-0.03724
36.87,1.0332,0,27.642,-1.0129,0,0.053492,1.7629,0,0.11553,-0.0008552,0.13362,-0.17649,0.022042,-0.00094085,-1.5075,-0.060075,-1.287,27.642,-0.036604
37.145,1.06,0,27.643,-0.99209,0,0.070982,2.0848,0,0.11377,-0.00063517,0.13364,-0.19092,0.021356,-0.013294,-1.4436,-0.06862,-1.2354,27.643,-0.035851
37.42,1.087,0,27.644,-0.96843,0,0.087036,2.3651,0,0.11186,-0.0004079,0.13353,-0.20485,0.020584,-0.025181,-1.3928,-0.077158,-1.1887,27.644,-0.034997
37.695,1.1142,0,27.645,-0.94232,0,0.10159,2.6112,0,0.10981,-0.00017524,0.1333,-0.21837,0.019728,-0.036628,-1.3517,-0.085595,-1.1447,27.645,-0.034054
37.971,1.1416,0,27.646,-0.91406,0,0.11458,2.8261,0,0.10763,6.0994e-05,0.13296,-0.23155,0.01879,-0.047655,-1.3188,-0.093837,-1.1027,27.646,-0.033033
38.246,1.1692,0,27.647,-0.88326,0,0.12636,3.0799,0,0.10531,0.00029899,0.13251,-0.2441,0.01777,-0.057931,-1.2543,-0.10193,-1.0276,27.647,-0.031921
38.521,1.197,0,27.648,-0.85071,0,0.13598,3.2549,0,0.10287,0.00053661,0.13195,-0.25631,0.016675,-0.067684,-1.2212,-0.10958,-0.9753,27.648,-0.030745
38.796,1.2249,0,27.65,-0.81686,0,0.14375,3.3854,0,0.10031,0.00077198,0.13129,-0.26834,0.015507,-0.077012,-1.2029,-0.11674,-0.93284,27.65,-0.029522
39.072,1.253,0,27.651,-0.78188,0,0.14989,3.4976,0,0.097622,0.0010034,0.13054,-0.28019,0.014273,-0.085904,-1.1856,-0.12339,-0.88919,27.651,-0.028258
39.347,1.2812,0,27.653,-0.74591,0,0.15446,3.5978,0,0.094819,0.0012292,0.1297,-0.29185,0.012978,-0.094321,-1.1656,-0.12949,-0.84174,27.653,-0.026958
39.622,1.3096,0,27.654,-0.70899,0,0.15751,3.6911,0,0.0919,0.0014477,0.12877,-0.30324,0.011628,-0.1022,-1.1394,-0.13499,-0.78793,27.654,-0.025624
39.897,1.3381,0,27.656,-0.67132,0,0.15898,3.7679,0,0.088866,0.0016573,0.12777,-0.31436,0.01023,-0.10953,-1.1118,-0.13983,-0.7326,27.656,-0.024262
40.172,1.3667,0,27.658,-0.63341,0,0.15846,3.7906,0,0.085721,0.0018564,0.12668,-0.3254,0.0087922,-0.11648,-1.1044,-0.14379,-0.69581,27.658,-0.022892
40.447,1.3953,0,27.659,-0.5951,0,0.15689,3.8309,0,0.082464,0.0020437,0.12553,-0.33619,0.0073213,-0.12293,-1.0782,-0.1471,-0.64441,27.659,-0.021507
40.723,1.4241,0,27.661,-0.55673,0,0.15366,3.8373,0,0.0791,0.0022179,0.12431,-0.3468,0.0058261,-0.12896,-1.0613,-0.14952,-0.60333,27.661,-0.02012
40.998,1.4528,0,27.662,-0.51834,0,0.1492,3.8384,0,0.075629,0.0023779,0.12303,-0.35719,0.0043146,-0.13456,-1.0386,-0.15114,-0.56022,27.662,-0.018733
41.273,1.4816,0,27.664,-0.4799,0,0.14375,3.8445,0,0.072054,0.0025226,0.12169,-0.36723,0.0027947,-0.13967,-1.0041,-0.152,-0.5101,27.664,-0.017343
41.548,1.5104,0,27.665,-0.4419,0,0.13652,3.7995,0,0.068378,0.002651,0.1203,-0.37712,0.0012769,-0.14448,-0.98913,-0.15178,-0.48126,27.665,-0.01597
41.823,1.5393,0,27.666,-0.40417,0,0.12864,3.7732,0,0.064603,0.0027625,0.11886,-0.38669,-0.0002313,-0.1489,-0.95681,-0.15082,-0.44187,27.666,-0.014606
42.098,1.5681,0,27.668,-0.36694,0,0.1195,3.7236,0,0.060732,0.0028563,0.11738,-0.39598,-0.0017204,-0.15302,-0.92992,-0.14891,-0.41208,27.668,-0.01326
42.374,1.5968,0,27.669,-0.33042,0,0.10913,3.6521,0,0.056768,0.002932,0.11585,-0.40508,-0.0031806,-0.15695,-0.90916,-0.14602,-0.39312,27.669,-0.01194
42.649,1.6255,0,27.67,-0.29412,0,0.098915,3.6294,0,0.052713,0.0029893,0.11428,-0.41363,-0.0046068,-0.16045,-0.85572,-0.14262,-0.35059,27.67,-0.010629
42.924,1.6541,0,27.67,-0.25858,0,0.087028,3.5544,0,0.048572,0.0030278,0.11267,-0.42188,-0.0059877,-0.16378,-0.82455,-0.13809,-0.33257,27.67,-0.0093442
43.199,1.6827,0,27.671,-0.2236,0,0.074846,3.4978,0,0.044348,0.0030475,0.11103,-0.42967,-0.0073166,-0.16685,-0.77876,-0.13289,-0.30712,27.671,-0.0080802
43.475,1.7111,0,27.672,-0.18914,0,0.062223,3.4465,0,0.040046,0.0030484,0.10936,-0.43692,-0.0085864,-0.16965,-0.72499,-0.12698,-0.27956,27.672,-0.0068347
43.75,1.7394,0,27.672,-0.15549,0,0.048392,3.3642,0,0.035672,0.0030305,0.10767,-0.44376,-0.0097876,-0.17233,-0.68406,-0.12012,-0.26824,27.672,-0.0056189
44.025,1.7676,0,27.673,-0.12269,0,0.033942,3.2804,0,0.031229,0.0029942,0.10594,-0.45017,-0.010913,-0.17494,-0.6415,-0.11251,-0.26073,27.673,-0.0044335
44.3,1.7957,0,27.673,-0.090166,0,0.020383,3.2523,0,0.026722,0.0029397,0.10419,-0.45582,-0.01196,-0.17722,-0.56528,-0.10473,-0.22802,27.673,-0.0032583
44.576,1.8236,0,27.673,-0.058341,0,0.0055051,3.1826,0,0.022159,0.0028675,0.10241,-0.46091,-0.01292,-0.17937,-0.50806,-0.096006,-0.21563,27.673,-0.0021082
44.851,1.8513,0,27.673,-0.027305,0,-0.01002,3.1036,0,0.017544,0.0027781,0.10062,-0.46545,-0.013786,-0.18148,-0.45428,-0.086619,-0.21041,27.673,-0.0009867
45.126,1.8788,0,27.673,0.0029812,0,-0.025862,3.0286,0,0.012885,0.0026721,0.0988,-0.46942,-0.014554,-0.18354,-0.39752,-0.076723,-0.20649,27.673,0.00010773
45.402,1.9061,0,27.672,0.032584,0,-0.041909,2.9603,0,0.0081857,0.0025502,0.096963,-0.47279,-0.015218,-0.18557,-0.33664,-0.0664,-0.20244,27.672,0.0011775
45.677,1.9332,0,27.672,0.061573,0,-0.058098,2.8989,0,0.0034531,0.0024132,0.095106,-0.47551,-0.015775,-0.18755,-0.27177,-0.055714,-0.19785,27.672,0.0022251
45.953,1.9601,0,27.671,0.09001,0,-0.074381,2.8438,0,-0.0013065,0.002262,0.09323,-0.47754,-0.016222,-0.18947,-0.20335,-0.044725,-0.19261,27.671,0.0032529
46.228,1.9868,0,27.67,0.11794,0,-0.090768,2.7929,0,-0.0060862,0.0020973,0.091336,-0.47887,-0.016557,-0.19135,-0.13277,-0.033471,-0.18748,27.67,0.0042623
46.503,2.0132,0,27.669,0.14543,0,-0.10711,2.7489,0,-0.010879,0.0019201,0.089423,-0.47946,-0.016777,-0.19315,-0.058696,-0.022048,-0.18088,27.669,0.0052559
46.779,2.0394,0,27.668,0.17251,0,-0.12345,2.7083,0,-0.015677,0.0017313,0.087494,-0.47929,-0.016882,-0.1949,0.016818,-0.010479,-0.17415,27.668,0.0062349
47.054,2.0652,0,27.666,0.19923,0,-0.13968,2.6722,0,-0.020473,0.0015319,0.085548,-0.47834,-0.01687,-0.19656,0.094262,0.0011579,-0.16651,27.666,0.007201
47.33,2.0909,0,27.665,0.22553,0,-0.15618,2.6301,0,-0.02526,0.001323,0.083586,-0.47667,-0.016741,-0.19819,0.16745,0.01295,-0.16306,27.665,0.0081519
47.605,2.1162,0,27.663,0.25156,0,-0.1721,2.6032,0,-0.030029,0.0011056,0.081609,-0.47419,-0.016495,-0.19973,0.24786,0.024552,-0.15348,27.663,0.0090933
47.881,2.1413,0,27.661,0.27753,0,-0.18696,2.5969,0,-0.034773,0.00088076,0.079617,-0.4708,-0.016138,-0.20107,0.3392,0.035778,-0.13385,27.661,0.010033
48.156,2.166,0,27.659,0.3034,0,-0.20155,2.5871,0,-0.039483,0.00064958,0.077614,-0.46651,-0.015669,-0.20221,0.42876,0.046882,-0.11471,27.659,0.010968
48.432,2.1905,0,27.657,0.32933,0,-0.21493,2.5927,0,-0.044149,0.0004132,0.075599,-0.46124,-0.015094,-0.20308,0.52712,0.057508,-0.086523,27.657,0.011906
48.707,2.2147,0,27.655,0.35538,0,-0.22725,2.6043,0,-0.048763,0.00017278,0.073577,-0.45494,-0.014417,-0.2036,0.62982,0.067698,-0.052642,27.655,0.012849
48.983,2.2386,0,27.652,0.38125,0,-0.23996,2.5876,0,-0.053312,-7.046e-05,0.07155,-0.44776,-0.013637,-0.2039,0.71782,0.077936,-0.029553,27.652,0.013785
49.258,2.2621,0,27.65,0.40686,0,-0.25235,2.5613,0,-0.05779,-0.00031529,0.069522,-0.43976,-0.012758,-0.204,0.80025,0.087923,-0.0096248,27.65,0.014712
49.534,2.2854,0,27.647,0.43217,0,-0.26417,2.5309,0,-0.062187,-0.00056048,0.067492,-0.43097,-0.011783,-0.2039,0.87965,0.097532,0.0094084,27.647,0.015629
49.81,2.3084,0,27.644,0.45715,0,-0.27535,2.4976,0,-0.066495,-0.0008048,0.065465,-0.4214,-0.010716,-0.20362,0.95642,0.1067,0.028033,27.644,0.016533
50.085,2.331,0,27.641,0.48176,0,-0.28581,2.4615,0,-0.070708,-0.001047,0.06344,-0.4111,-0.009562,-0.20316,1.0304,0.11537,0.046313,27.641,0.017425
50.361,2.3533,0,27.639,0.50599,0,-0.29554,2.4224,0,-0.074817,-0.0012859,0.06142,-0.40008,-0.008327,-0.20252,1.1014,0.1235,0.064199,27.639,0.018302
50.636,2.3753,0,27.635,0.52979,0,-0.30448,2.3802,0,-0.078815,-0.0015203,0.059407,-0.38839,-0.0070164,-0.2017,1.169,0.13106,0.081621,27.635,0.019165
50.912,2.397,0,27.632,0.55312,0,-0.31275,2.3326,0,-0.082696,-0.0017491,0.057402,-0.37607,-0.0056359,-0.20073,1.2318,0.13805,0.097465,27.632,0.02001
51.187,2.4184,0,27.629,0.57587,0,-0.32058,2.2757,0,-0.086453,-0.0019711,0.055406,-0.3632,-0.0041906,-0.19963,1.2873,0.14452,0.10955,27.629,0.020835
51.463,2.4395,0,27.626,0.59803,0,-0.32766,2.2158,0,-0.090081,-0.0021852,0.053421,-0.34982,-0.0026872,-0.19842,1.3385,0.15034,0.1206,27.626,0.021639
51.738,2.4602,0,27.623,0.61954,0,-0.33412,2.1511,0,-0.093575,-0.0023904,0.051447,-0.33598,-0.001132,-0.19713,1.384,0.15552,0.12958,27.623,0.022419
52.014,2.4806,0,27.619,0.64041,0,-0.33963,2.087,0,-0.09693,-0.0025859,0.049486,-0.32171,0.00046721,-0.19574,1.4267,0.15992,0.13908,27.619,0.023177
52.29,2.5006,0,27.616,0.66063,0,-0.34425,2.0218,0,-0.10014,-0.0027707,0.047537,-0.30705,0.0021028,-0.19425,1.4657,0.16356,0.14837,27.616,0.023911
52.565,2.5204,0,27.612,0.68017,0,-0.34805,1.9541,0,-0.10321,-0.002944,0.045602,-0.29205,0.0037673,-0.19269,1.5,0.16644,0.15683,27.612,0.024621
52.841,2.5397,0,27.609,0.699,0,-0.35107,1.8832,0,-0.10612,-0.003105,0.043681,-0.27676,0.0054531,-0.19104,1.5291,0.16858,0.16412,27.609,0.025305
53.116,2.5588,0,27.605,0.71707,0,-0.35349,1.8072,0,-0.10888,-0.0032532,0.041776,-0.26125,0.0071532,-0.18935,1.5517,0.17002,0.16913,27.605,0.025962
53.392,2.5775,0,27.602,0.73435,0,-0.35521,1.728,0,-0.11149,-0.0033878,0.039886,-0.24556,0.0088604,-0.18763,1.5687,0.17072,0.17262,27.602,0.02659
53.667,2.5958,0,27.598,0.75082,0,-0.35621,1.6468,0,-0.11394,-0.0035085,0.038011,-0.22975,0.010567,-0.18588,1.5806,0.17067,0.17496,27.598,0.027189
53.943,2.6138,0,27.594,0.76646,0,-0.35648,1.5638,0,-0.11623,-0.0036149,0.036153,-0.21388,0.012266,-0.18411,1.5873,0.16986,0.17622,27.594,0.027758
54.218,2.6314,0,27.591,0.78126,0,-0.35601,1.4798,0,-0.11836,-0.0037065,0.03431,-0.19799,0.013949,-0.18235,1.5892,0.1683,0.17657,27.591,0.028297
54.494,2.6487,0,27.587,0.79523,0,-0.35457,1.3976,0,-0.12034,-0.0037834,0.032482,-0.18211,0.015608,-0.18057,1.5879,0.16592,0.17744,27.587,0.028806
54.769,2.6656,0,27.584,0.80837,0,-0.35246,1.3135,0,-0.12215,-0.0038452,0.030671,-0.1663,0.017236,-0.1788,1.5814,0.16283,0.1771,27.584,0.029285
55.045,2.6822,0,27.58,0.82064,0,-0.34977,1.2271,0,-0.12381,-0.003892,0.028875,-0.1506,0.018827,-0.17705,1.5693,0.15909,0.17521,27.58,0.029733
55.32,2.6983,0,27.577,0.832,0,-0.34681,1.1362,0,-0.12531,-0.0039238,0.027095,-0.1351,0.020375,-0.17535,1.5504,0.15481,0.17051,27.577,0.030147
55.595,2.7141,0,27.573,0.84244,0,-0.34343,1.0437,0,-0.12665,-0.0039408,0.02533,-0.11984,0.021875,-0.17371,1.526,0.14996,0.16402,27.573,0.030529
55.871,2.7295,0,27.57,0.85196,0,-0.33949,0.95224,0,-0.12784,-0.0039432,0.023579,-0.10486,0.02332,-0.17214,1.4976,0.14449,0.15674,27.57,0.030877
56.146,2.7445,0,27.567,0.86063,0,-0.33459,0.86637,0,-0.12888,-0.0039314,0.021842,-0.090184,0.024703,-0.17063,1.4678,0.13831,0.15087,27.567,0.031194
56.422,2.7592,0,27.563,0.86844,0,-0.32919,0.78106,0,-0.12978,-0.0039057,0.020118,-0.075845,0.026019,-0.16919,1.4339,0.13162,0.14418,27.563,0.031481
56.697,2.7734,0,27.56,0.87537,0,-0.32364,0.69385,0,-0.13053,-0.0038666,0.018407,-0.061897,0.027264,-0.16783,1.3948,0.12454,0.1354,27.56,0.031736
56.972,2.7872,0,27.557,0.88146,0,-0.3177,0.60815,0,-0.13114,-0.0038148,0.016707,-0.048375,0.028435,-0.16658,1.3522,0.11705,0.12586,27.557,0.031959
57.248,2.8006,0,27.554,0.88672,0,-0.31125,0.52607,0,-0.13162,-0.0037507,0.015019,-0.035302,0.029526,-0.16541,1.3074,0.10911,0.11651,27.554,0.032153
57.523,2.8136,0,27.551,0.89115,0,-0.30482,0.44305,0,-0.13197,-0.0036751,0.01334,-0.022722,0.030535,-0.16436,1.2579,0.10095,0.10518,27.551,0.032317
57.799,2.8262,0,27.548,0.89474,0,-0.29856,0.35887,0,-0.13219,-0.0035886,0.011671,-0.010685,0.031462,-0.16344,1.2037,0.092666,0.091447,27.548,0.032451
58.074,2.8384,0,27.545,0.89754,0,-0.29196,0.28001,0,-0.13229,-0.0034922,0.010009,0.00079692,0.032303,-0.16266,1.1482,0.08409,0.07814,27.545,0.032556
58.349,2.8501,0,27.542,0.89961,0,-0.28492,0.2076,0,-0.13227,-0.0033865,0.0083538,0.011722,0.033055,-0.162,1.0925,0.075237,0.065894,27.542,0.032634
58.625,2.8614,0,27.539,0.90095,0,-0.27829,0.13415,0,-0.13215,-0.0032725,0.0067043,0.022046,0.03372,-0.16149,1.0324,0.066438,0.051245,27.539,0.032686
58.9,2.8723,0,27.537,0.90159,0,-0.27181,0.063365,0,-0.13193,-0.003151,0.005059,0.031747,0.034296,-0.16113,0.97012,0.057635,0.035657,27.537,0.032712
59.175,2.8827,0,27.534,0.90162,0,-0.26476,0.0028733,0,-0.1316,-0.003023,0.0034166,0.040847,0.034782,-0.16091,0.91,0.048607,0.022738,27.534,0.032716
59.451,2.8926,0,27.531,0.90105,0,-0.25806,-0.056281,0,-0.13119,-0.0028894,0.0017758,0.049322,0.035179,-0.16082,0.84747,0.039725,0.0085493,27.531,0.032699
59.726,2.9021,0,27.529,0.89991,0,-0.25185,-0.11433,0,-0.13069,-0.002751,0.00013533,0.057146,0.03549,-0.16089,0.78244,0.031061,-0.0071877,27.529,0.032661
60.001,2.9112,0,27.526,0.8983,0,-0.24509,-0.16058,0,-0.13012,-0.0026088,-0.0015061,0.064357,0.035713,-0.16109,0.72102,0.022281,-0.019456,27.526,0.032605
60.276,2.9197,0,27.524,0.89625,0,-0.23876,-0.20499,0,-0.12947,-0.0024637,-0.0031498,0.070938,0.035851,-0.16141,0.65816,0.013777,-0.032577,27.524,0.032534
60.552,2.9278,0,27.522,0.89378,0,-0.23288,-0.24698,0,-0.12875,-0.0023166,-0.0047967,0.076881,0.035906,-0.16188,0.59426,0.0055773,-0.046365,27.522,0.032447
60.827,2.9355,0,27.519,0.89101,0,-0.22661,-0.27783,0,-0.12798,-0.0021683,-0.0064482,0.082225,0.035881,-0.16244,0.53441,-0.0025885,-0.05664,27.519,0.032349
61.102,2.9426,0,27.517,0.88792,0,-0.22105,-0.30889,0,-0.12716,-0.0020198,-0.0081051,0.086952,0.035778,-0.16313,0.47275,-0.010296,-0.068418,27.517,0.03224
61.377,2.9492,0,27.515,0.88459,0,-0.21547,-0.33229,0,-0.12628,-0.0018718,-0.0097686,0.09109,0.0356,-0.16391,0.41376,-0.017785,-0.078036,27.515,0.032122
61.653,2.9554,0,27.513,0.8811,0,-0.20997,-0.34945,0,-0.12537,-0.001725,-0.011439,0.094661,0.03535,-0.16477,0.35707,-0.024988,-0.08587,27.513,0.031998
61.928,2.9611,0,27.511,0.87744,0,-0.20514,-0.36633,0,-0.12442,-0.0015803,-0.013118,0.097657,0.035033,-0.16571,0.29965,-0.031681,-0.09458,27.511,0.031867
62.203,2.9662,0,27.509,0.87371,0,-0.20001,-0.37274,0,-0.12344,-0.0014384,-0.014806,0.10013,0.034651,-0.16671,0.24739,-0.038191,-0.099266,27.509,0.031734
62.478,2.9709,0,27.507,0.8699,0,-0.19571,-0.38127,0,-0.12244,-0.0012997,-0.016503,0.10207,0.03421,-0.16776,0.19372,-0.044094,-0.10556,27.507,0.031598
62.753,2.975,0,27.505,0.8661,0,-0.19115,-0.38003,0,-0.12141,-0.0011651,-0.01821,0.10352,0.033712,-0.16884,0.14539,-0.049767,-0.10783,27.505,0.031463
63.029,2.9787,0,27.503,0.86231,0,-0.18716,-0.37868,0,-0.12038,-0.0010349,-0.019927,0.1045,0.033163,-0.16994,0.097518,-0.054903,-0.11028,27.503,0.031327
63.304,2.9818,0,27.501,0.8586,0,-0.18317,-0.37127,0,-0.11933,-0.00090978,-0.021654,0.10503,0.032567,-0.17104,0.053601,-0.059689,-0.10999,27.501,0.031195
63.579,2.9845,0,27.5,0.85498,0,-0.17951,-0.36192,0,-0.11828,-0.00079005,-0.023391,0.10515,0.031927,-0.17213,0.011729,-0.064005,-0.10865,27.5,0.031066
63.854,2.9866,0,27.498,0.85147,0,-0.17615,-0.35064,0,-0.11722,-0.00067613,-0.025138,0.10487,0.031248,-0.17319,-0.027859,-0.067857,-0.10613,27.498,0.03094
64.129,2.9882,0,27.496,0.84812,0,-0.17284,-0.33509,0,-0.11617,-0.00056836,-0.026894,0.10424,0.030535,-0.1742,-0.063583,-0.071327,-0.10114,27.496,0.030821
64.404,2.9893,0,27.494,0.84491,0,-0.17003,-0.3211,0,-0.11513,-0.00046699,-0.02866,0.10325,0.029792,-0.17516,-0.098389,-0.074257,-0.096268,27.494,0.030706
64.679,2.9898,0,27.493,0.84188,0,-0.16722,-0.30288,0,-0.1141,-0.00037227,-0.030434,0.10196,0.029024,-0.17605,-0.12891,-0.076828,-0.088708,27.493,0.030598
64.954,2.9899,0,27.491,0.83902,0,-0.16483,-0.28629,0,-0.11308,-0.00028435,-0.032216,0.10038,0.028235,-0.17686,-0.15809,-0.078894,-0.081044,27.491,0.030496
65.229,2.9894,0,27.489,0.83635,0,-0.16248,-0.26707,0,-0.11207,-0.00020337,-0.034006,0.098548,0.027429,-0.17757,-0.18342,-0.080591,-0.071196,27.489,0.030401
65.504,2.9884,0,27.488,0.83387,0,-0.16033,-0.24791,0,-0.11109,-0.0001294,-0.035801,0.096487,0.02661,-0.17818,-0.20613,-0.081868,-0.060257,27.488,0.030313
65.779,2.9869,0,27.486,0.83156,0,-0.15848,-0.23054,0,-0.11012,-6.2459e-05,-0.037601,0.094217,0.025783,-0.17867,-0.22703,-0.082702,-0.049,27.486,0.030231
66.054,2.9849,0,27.485,0.82943,0,-0.15675,-0.21303,0,-0.10918,-2.5427e-06,-0.039405,0.091767,0.024952,-0.17903,-0.24496,-0.083165,-0.036495,27.485,0.030155
66.329,2.9824,0,27.483,0.82747,0,-0.15518,-0.1965,0,-0.10826,5.041e-05,-0.041212,0.089163,0.024119,-0.17926,-0.26038,-0.083252,-0.023199,27.483,0.030086
66.604,2.9793,0,27.482,0.8294,0,-0.12839,0.19375,0,-0.10737,9.6493e-05,-0.04302,0.088577,0.023202,-0.17747,-0.058633,-0.091755,0.17985,27.482,0.030157
66.879,2.9758,0,27.481,0.83587,0,-0.10014,0.64653,0,-0.10649,0.00013699,-0.04481,0.09064,0.022204,-0.17299,0.20633,-0.099785,0.44744,27.481,0.030393
67.154,2.9718,0,27.48,0.84649,0,-0.076058,1.0618,0,-0.10558,0.00017391,-0.046553,0.095492,0.021151,-0.1656,0.48519,-0.10529,0.73917,27.48,0.030779
67.429,2.9675,0,27.479,0.85969,0,-0.058454,1.3203,0,-0.10462,0.00020973,-0.048223,0.10262,0.020075,-0.15564,0.71237,-0.10753,0.99603,27.479,0.031259
67.704,2.9628,0,27.479,0.86871,0,-0.054048,0.90169,0,-0.1036,0.00024685,-0.049791,0.10847,0.019031,-0.14621,0.58504,-0.1044,0.94285,27.479,0.031587
67.979,2.9578,0,27.478,0.87394,0,-0.049257,0.52335,0,-0.10251,0.00028494,-0.051265,0.1132,0.018016,-0.13727,0.47376,-0.1015,0.89411,27.478,0.031778
68.254,2.9525,0,27.478,0.87578,0,-0.04421,0.18351,0,-0.10138,0.00032368,-0.052649,0.11699,0.017028,-0.12878,0.37817,-0.098798,0.84878,27.478,0.031845
68.528,2.9467,0,27.478,0.87456,0,-0.039019,-0.12128,0,-0.10021,0.00036276,-0.053948,0.11995,0.016066,-0.12072,0.29672,-0.096265,0.80635,27.478,0.031801
68.803,2.9407,0,27.477,0.87062,0,-0.033781,-0.394,0,-0.099014,0.00040184,-0.055165,0.12223,0.015127,-0.11305,0.22807,-0.093874,0.76642,27.477,0.031659
69.078,2.9342,0,27.477,0.86425,0,-0.028576,-0.63731,0,-0.097792,0.00044061,-0.056305,0.12394,0.014211,-0.10577,0.17096,-0.091599,0.72863,27.477,0.031428
69.353,2.9274,0,27.477,0.85571,0,-0.023473,-0.85355,0,-0.096553,0.00047877,-0.057371,0.12519,0.013317,-0.09884,0.1243,-0.089417,0.69272,27.477,0.031118
69.628,2.9202,0,27.477,0.84527,0,-0.018526,-1.0448,0,-0.095302,0.00051604,-0.058368,0.12606,0.012444,-0.092256,0.087039,-0.087306,0.65846,27.477,0.030739
69.903,2.9126,0,27.476,0.83314,0,-0.013784,-1.2131,0,-0.094042,0.00055212,-0.059298,0.12664,0.011591,-0.085999,0.058232,-0.085247,0.62567,27.476,0.030299
70.177,2.9046,0,27.476,0.81953,0,-0.0092823,-1.3601,0,-0.092776,0.00058677,-0.060165,0.12701,0.010759,-0.080057,0.036983,-0.08322,0.5942,27.476,0.029805
70.452,2.8963,0,27.476,0.80466,0,-0.0050518,-1.4874,0,-0.091506,0.00061973,-0.060972,0.12723,0.0099471,-0.074418,0.02245,-0.081211,0.56393,27.476,0.029265
70.727,2.8876,0,27.476,0.7887,0,-0.0011148,-1.5966,0,-0.090234,0.00065078,-0.061722,0.12737,0.009155,-0.06907,0.013836,-0.079204,0.53478,27.476,0.028685
71.002,2.8785,0,27.476,0.7718,0,0.0025121,-1.6891,0,-0.088961,0.00067972,-0.062419,0.12748,0.0083831,-0.064003,0.010386,-0.077189,0.50668,27.476,0.028071
71.276,2.869,0,27.476,0.75414,0,0.0058181,-1.7662,0,-0.087687,0.00070636,-0.063064,0.12759,0.0076316,-0.059207,0.011385,-0.075153,0.47958,27.476,0.02743
71.551,2.8593,0,27.476,0.73585,0,0.0087969,-1.8292,0,-0.086411,0.00073053,-0.06366,0.12775,0.0069007,-0.054673,0.016156,-0.073087,0.45343,27.476,0.026765
71.826,2.8491,0,27.477,0.71706,0,0.011447,-1.8793,0,-0.085134,0.0007521,-0.064211,0.12799,0.0061909,-0.050391,0.024057,-0.070985,0.42821,27.477,0.026082
72.1,2.8386,0,27.477,0.69788,0,0.01377,-1.9178,0,-0.083855,0.00077093,-0.064718,0.12834,0.0055025,-0.046352,0.034485,-0.06884,0.4039,27.477,0.025385
72.375,2.8278,0,27.477,0.67842,0,0.015771,-1.9455,0,-0.082572,0.00078694,-0.065185,0.1288,0.004836,-0.042547,0.046873,-0.066648,0.38048,27.477,0.024678
72.65,2.8167,0,27.477,0.65879,0,0.017458,-1.9636,0,-0.081284,0.00080005,-0.065613,0.12941,0.004192,-0.038967,0.060693,-0.064406,0.35795,27.477,0.023965
72.924,2.8053,0,27.477,0.63906,0,0.018842,-1.9731,0,-0.07999,0.00081019,-0.066004,0.13017,0.0035708,-0.035604,0.075457,-0.062112,0.3363,27.477,0.023247
73.199,2.7935,0,27.477,0.61931,0,0.019935,-1.9749,0,-0.078689,0.00081733,-0.066362,0.13107,0.0029732,-0.032449,0.090713,-0.059766,0.31552,27.477,0.022529
73.473,2.7815,0,27.478,0.59961,0,0.020751,-1.9698,0,-0.077378,0.00082146,-0.066688,0.13213,0.0023995,-0.029493,0.10605,-0.057369,0.2956,27.478,0.021813
73.748,2.7692,0,27.478,0.58002,0,0.021305,-1.9586,0,-0.076057,0.00082259,-0.066984,0.13335,0.0018503,-0.026728,0.1211,-0.054921,0.27654,27.478,0.021101
74.022,2.7565,0,27.478,0.5606,0,0.021612,-1.9422,0,-0.074724,0.00082073,-0.067252,0.1347,0.001326,-0.024145,0.13553,-0.052426,0.25833,27.478,0.020395
74.297,2.7437,0,27.478,0.54139,0,0.02169,-1.9211,0,-0.073377,0.00081593,-0.067493,0.13619,0.00082714,-0.021735,0.14905,-0.049887,0.24096,27.478,0.019696
74.572,2.7305,0,27.478,0.52243,0,0.021557,-1.8961,0,-0.072015,0.00080824,-0.067711,0.1378,0.00035405,-0.019491,0.1614,-0.047309,0.22441,27.478,0.019007
74.846,2.7172,0,27.479,0.50375,0,0.021228,-1.8678,0,-0.070637,0.00079775,-0.067906,0.13953,-9.2926e-05,-0.017404,0.17237,-0.044697,0.20867,27.479,0.018327
75.121,2.7035,0,27.479,0.48539,0,0.020722,-1.8366,0,-0.069242,0.00078454,-0.068079,0.14135,-0.00051349,-0.015467,0.18178,-0.042057,0.19373,27.479,0.017659
75.395,2.6897,0,27.479,0.46735,0,0.020057,-1.8031,0,-0.067829,0.00076872,-0.068233,0.14324,-0.00090743,-0.013671,0.18948,-0.039394,0.17956,27.479,0.017004
75.67,2.6756,0,27.479,0.44968,0,0.019248,-1.7678,0,-0.066397,0.0007504,-0.068369,0.14519,-0.0012746,-0.01201,0.19536,-0.036715,0.16616,27.479,0.016361
75.944,2.6613,0,27.479,0.43237,0,0.018314,-1.7309,0,-0.064945,0.00072971,-0.068488,0.14719,-0.0016149,-0.010475,0.19933,-0.034028,0.15348,27.479,0.015731
76.218,2.6468,0,27.48,0.41544,0,0.017269,-1.693,0,-0.063473,0.0007068,-0.068591,0.1492,-0.0019282,-0.0090597,0.20134,-0.031339,0.14152,27.48,0.015115
76.493,2.6322,0,27.48,0.3989,0,0.016131,-1.6543,0,-0.061981,0.00068181,-0.06868,0.15122,-0.0022148,-0.0077572,0.20137,-0.028657,0.13024,27.48,0.014513
76.767,2.6173,0,27.48,0.38275,0,0.014913,-1.615,0,-0.060469,0.0006549,-0.068756,0.15321,-0.0024747,-0.006561,0.19941,-0.025989,0.11963,27.48,0.013926
77.042,2.6022,0,27.48,0.36699,0,0.013631,-1.5754,0,-0.058937,0.00062623,-0.06882,0.15516,-0.0027082,-0.0054645,0.19548,-0.023343,0.10965,27.48,0.013353
77.316,2.587,0,27.48,0.35163,0,0.012298,-1.5358,0,-0.057385,0.00059598,-0.068873,0.15706,-0.0029154,-0.0044617,0.18961,-0.020727,0.10028,27.48,0.012794
77.59,2.5716,0,27.48,0.33667,0,0.010927,-1.4963,0,-0.055815,0.00056431,-0.068916,0.15888,-0.0030969,-0.0035469,0.18187,-0.018147,0.091485,27.48,0.01225
77.865,2.556,0,27.48,0.3221,0,0.0095302,-1.457,0,-0.054226,0.00053141,-0.06895,0.1606,-0.003253,-0.0027144,0.17232,-0.015613,0.083251,27.48,0.01172
78.139,2.5403,0,27.48,0.30792,0,0.0081199,-1.4181,0,-0.05262,0.00049746,-0.068975,0.16221,-0.0033843,-0.0019589,0.16104,-0.013131,0.075545,27.48,0.011204
78.414,2.5244,0,27.481,0.29412,0,0.0067065,-1.3796,0,-0.050998,0.00046263,-0.068993,0.16369,-0.0034914,-0.0012755,0.14814,-0.010708,0.068343,27.481,0.010702
78.688,2.5084,0,27.481,0.28071,0,0.0053001,-1.3417,0,-0.049361,0.00042711,-0.069004,0.16503,-0.0035749,-0.00065932,0.13372,-0.0083514,0.061617,27.481,0.010214
78.962,2.4923,0,27.481,0.26766,0,0.00391,-1.3045,0,-0.047711,0.00039108,-0.069009,0.16621,-0.0036356,-0.00010587,0.11789,-0.0060679,0.055345,27.481,0.0097392
79.237,2.476,0,27.481,0.25498,0,0.0025449,-1.2679,0,-0.046049,0.00035472,-0.069008,0.16722,-0.0036742,0.00038914,0.10076,-0.0038636,0.049501,27.481,0.0092779
79.511,2.4596,0,27.481,0.24266,0,0.0012125,-1.2319,0,-0.044376,0.00031819,-0.069003,0.16804,-0.0036917,0.00082976,0.082478,-0.0017442,0.044062,27.481,0.0088297
79.785,2.4431,0,27.481,0.2307,0,-7.9894e-05,-1.1967,0,-0.042696,0.00028168,-0.068993,0.16867,-0.0036888,0.0012198,0.063153,0.00028491,0.039007,27.481,0.0083943
80.06,2.4264,0,27.481,0.21907,0,-0.0013259,-1.1622,0,-0.041009,0.00024535,-0.068979,0.1691,-0.0036666,0.001563,0.042919,0.0022187,0.034312,27.481,0.0079715
80.334,2.4097,0,27.481,0.20779,0,-0.0025197,-1.1285,0,-0.039318,0.00020935,-0.068962,0.16932,-0.0036261,0.0018625,0.021906,0.0040528,0.029959,27.481,0.0075609
80.608,2.3928,0,27.481,0.19683,0,-0.0036562,-1.0954,0,-0.037625,0.00017385,-0.068942,0.16932,-0.0035683,0.0021218,0.00024475,0.0057833,0.025927,27.481,0.0071623
80.882,2.3758,0,27.481,0.1862,0,-0.004731,-1.0631,0,-0.035932,0.00013899,-0.068919,0.16911,-0.0034942,0.0023438,-0.021936,0.0074067,0.022197,27.481,0.0067755
81.157,2.3588,0,27.48,0.17589,0,-0.0057403,-1.0315,0,-0.034241,0.00010491,-0.068895,0.16866,-0.003405,0.0025313,-0.04451,0.0089202,0.018752,27.48,0.0064002
81.431,2.3416,0,27.48,0.16588,0,-0.0066807,-1.0005,0,-0.032554,7.1751e-05,-0.068868,0.16799,-0.0033018,0.002687,-0.067352,0.010321,0.015575,27.48,0.0060362
81.705,2.3243,0,27.48,0.15618,0,-0.0075497,-0.9702,0,-0.030874,3.9625e-05,-0.06884,0.16708,-0.0031857,0.0028135,-0.090342,0.011608,0.012649,27.48,0.0056832
81.98,2.307,0,27.48,0.14678,0,-0.0083452,-0.9405,0,-0.029203,8.6518e-06,-0.068811,0.16595,-0.0030579,0.0029131,-0.11336,0.01278,0.0099607,27.48,0.005341
82.254,2.2896,0,27.48,0.13766,0,-0.0090656,-0.9114,0,-0.027544,-2.1064e-05,-0.068781,0.16459,-0.0029196,0.0029881,-0.1363,0.013835,0.0074947,27.48,0.0050094
82.528,2.2721,0,27.48,0.12883,0,-0.00971,-0.88287,0,-0.025898,-4.9425e-05,-0.06875,0.163,-0.0027718,0.0030405,-0.15905,0.014774,0.0052379,27.48,0.0046882
82.802,2.2545,0,27.48,0.12028,0,-0.010278,-0.85489,0,-0.024268,-7.6347e-05,-0.068719,0.16118,-0.0026158,0.0030722,-0.1815,0.015597,0.0031773,27.48,0.0043771
83.077,2.2368,0,27.48,0.11201,0,-0.010769,-0.82742,0,-0.022656,-0.00010175,-0.068688,0.15915,-0.0024528,0.0030853,-0.20356,0.016305,0.0013012,27.48,0.004076
83.351,2.219,0,27.48,0.10401,0,-0.011184,-0.80044,0,-0.021065,-0.00012557,-0.068657,0.15689,-0.0022838,0.0030812,-0.22514,0.016899,-0.00040194,27.48,0.0037848
83.625,2.2012,0,27.48,0.096267,0,-0.011523,-0.77392,0,-0.019496,-0.00014776,-0.068625,0.15443,-0.00211,0.0030618,-0.24615,0.01738,-0.0019427,27.48,0.0035032
83.899,2.1834,0,27.48,0.088788,0,-0.011788,-0.74785,0,-0.017951,-0.00016826,-0.068594,0.15177,-0.0019325,0.0030285,-0.2665,0.017752,-0.0033311,27.48,0.003231
84.173,2.1654,0,27.479,0.081566,0,-0.011981,-0.72219,0,-0.016434,-0.00018704,-0.068564,0.14891,-0.0017523,0.0029827,-0.28614,0.018016,-0.0045767,27.479,0.0029682
84.448,2.1474,0,27.479,0.074597,0,-0.012102,-0.69693,0,-0.014945,-0.00020407,-0.068533,0.14586,-0.0015705,0.0029258,-0.30498,0.018176,-0.0056886,27.479,0.0027146
84.722,2.1293,0,27.479,0.067876,0,-0.012155,-0.67206,0,-0.013486,-0.00021933,-0.068504,0.14263,-0.0013882,0.0028591,-0.32297,0.018236,-0.006675,27.479,0.0024701
84.996,2.1112,0,27.479,0.061401,0,-0.012142,-0.64754,0,-0.01206,-0.00023283,-0.068475,0.13923,-0.0012062,0.0027836,-0.34005,0.018198,-0.0075442,27.479,0.0022345
85.27,2.093,0,27.479,0.055167,0,-0.012065,-0.62338,0,-0.010668,-0.00024455,-0.068447,0.13566,-0.0010255,0.0027006,-0.35617,0.018068,-0.0083037,27.479,0.0020076
85.544,2.0748,0,27.479,0.049172,0,-0.011928,-0.59955,0,-0.0093111,-0.00025452,-0.06842,0.13195,-0.00084703,0.002611,-0.37128,0.017849,-0.0089606,27.479,0.0017894
85.819,2.0565,0,27.479,0.043411,0,-0.011734,-0.57605,0,-0.0079916,-0.00026275,-0.068394,0.1281,-0.00067157,0.0025158,-0.38536,0.017547,-0.0095218,27.479,0.0015798
86.093,2.0381,0,27.479,0.037882,0,-0.011485,-0.55286,0,-0.0067106,-0.00026926,-0.068369,0.12411,-0.00049991,0.0024158,-0.39836,0.017166,-0.0099939,27.479,0.0013786
86.367,2.0197,0,27.478,0.032583,0,-0.011187,-0.52998,0,-0.0054694,-0.0002741,-0.068345,0.12001,-0.0003328,0.002312,-0.41025,0.016711,-0.010383,27.478,0.0011857
86.641,2.0013,0,27.478,0.027508,0,-0.010841,-0.50741,0,-0.0042693,-0.0002773,-0.068321,0.1158,-0.00017093,0.0022051,-0.42103,0.016188,-0.010695,27.478,0.0010011
86.915,1.9828,0,27.478,0.022657,0,-0.010453,-0.48514,0,-0.0031113,-0.00027891,-0.068299,0.11149,-1.491e-05,0.0020957,-0.43067,0.015602,-0.010935,27.478,0.00082454
87.189,1.9643,0,27.478,0.018025,0,-0.010025,-0.46318,0,-0.0019964,-0.000279,-0.068278,0.1071,0.00013467,0.0019846,-0.43916,0.014958,-0.011108,27.478,0.00065599
87.464,1.9457,0,27.478,0.01361,0,-0.0095617,-0.44151,0,-0.00092535,-0.00027761,-0.068259,0.10264,0.00027731,0.0018724,-0.44649,0.014263,-0.011221,27.478,0.00049531
87.738,1.9271,0,27.478,0.0094088,0,-0.0090671,-0.42014,0,0.00010103,-0.00027482,-0.06824,0.098112,0.00041253,0.0017597,-0.45267,0.013522,-0.011277,27.478,0.00034241
88.012,1.9084,0,27.478,0.005418,0,-0.008545,-0.39908,0,0.0010821,-0.0002707,-0.068222,0.093535,0.00053994,0.0016469,-0.4577,0.012741,-0.011281,27.478,0.00019718
88.286,1.8898,0,27.478,0.0016347,0,-0.0079993,-0.37833,0,0.0020175,-0.00026532,-0.068206,0.088919,0.00065918,0.0015345,-0.46158,0.011925,-0.011237,27.478,5.949e-05
88.56,1.8711,0,27.478,-0.0019443,0,-0.0074337,-0.3579,0,0.0029067,-0.00025876,-0.06819,0.084276,0.00076998,0.001423,-0.46433,0.01108,-0.01115,27.478,-7.076e-05
88.834,1.8523,0,27.478,-0.0053222,0,-0.0068522,-0.33779,0,0.0037494,-0.0002511,-0.068176,0.079616,0.00087209,0.0013127,-0.46597,0.010211,-0.011024,27.478,-0.00019369
89.108,1.8335,0,27.478,-0.0085022,0,-0.0062583,-0.318,0,0.0045456,-0.00024243,-0.068163,0.074951,0.00096533,0.0012041,-0.46651,0.0093244,-0.010862,27.478,-0.00030942
89.383,1.8147,0,27.478,-0.011488,0,-0.0056559,-0.29856,0,0.0052951,-0.00023283,-0.068151,0.070291,0.0010496,0.0010974,-0.46598,0.0084251,-0.010668,27.478,-0.00041808
89.657,1.7959,0,27.477,-0.014282,0,-0.0050484,-0.27946,0,0.005998,-0.00022239,-0.06814,0.065647,0.0011248,0.00099299,-0.4644,0.0075184,-0.010446,27.477,-0.00051979
89.931,1.7771,0,27.477,-0.01689,0,-0.0044393,-0.26072,0,0.0066545,-0.0002112,-0.06813,0.061029,0.0011909,0.00089101,-0.4618,0.0066092,-0.010197,27.477,-0.00061467
90.205,1.7582,0,27.477,-0.019313,0,-0.0038319,-0.24234,0,0.0072648,-0.00019935,-0.068121,0.056447,0.0012479,0.00079174,-0.45822,0.0057025,-0.009927,27.477,-0.00070287
90.479,1.7393,0,27.477,-0.021557,0,-0.0032293,-0.22435,0,0.0078292,-0.00018693,-0.068113,0.05191,0.0012959,0.00069537,-0.45369,0.0048029,-0.009637,27.477,-0.00078452
90.753,1.7204,0,27.477,-0.023624,0,-0.0026345,-0.20673,0,0.0083483,-0.00017403,-0.068106,0.047428,0.0013351,0.00060207,-0.44824,0.0039148,-0.0093303,27.477,-0.00085976
91.027,1.7014,0,27.477,-0.025519,0,-0.0020503,-0.18952,0,0.0088226,-0.00016073,-0.0681,0.043009,0.0013655,0.00051198,-0.44192,0.0030425,-0.0090093,27.477,-0.00092873
91.301,1.6825,0,27.477,-0.027246,0,-0.0014795,-0.17271,0,0.0092527,-0.00014712,-0.068094,0.038661,0.0013874,0.00042521,-0.43477,0.0021898,-0.0086764,27.477,-0.00099159
91.576,1.6635,0,27.477,-0.028809,0,-0.00092446,-0.15632,0,0.0096393,-0.00013328,-0.06809,0.034393,0.001401,0.00034187,-0.42682,0.0013604,-0.008334,27.477,-0.0010485
91.85,1.6445,0,27.477,-0.030213,0,-0.00038754,-0.14036,0,0.0099832,-0.00011931,-0.068087,0.030212,0.0014066,0.00026203,-0.41812,0.0005579,-0.007984,27.477,-0.0010996
92.124,1.6256,0,27.477,-0.031461,0,0.00012918,-0.12484,0,0.010285,-0.00010527,-0.068084,0.026124,0.0014044,0.00018575,-0.40872,-0.00021469,-0.0076284,27.477,-0.001145
92.398,1.6065,0,27.477,-0.032559,0,0.00062376,-0.10976,0,0.010547,-9.1245e-05,-0.068082,0.022138,0.0013949,0.00011306,-0.39867,-0.00095449,-0.0072691,27.477,-0.0011849
92.672,1.5875,0,27.477,-0.03351,0,0.0010945,-0.095145,0,0.010768,-7.7309e-05,-0.06808,0.018258,0.0013783,4.3983e-05,-0.388,-0.0016589,-0.0069075,27.477,-0.0012196
92.946,1.5685,0,27.477,-0.03432,0,0.0015399,-0.08099,0,0.010951,-6.3532e-05,-0.06808,0.01449,0.001355,-2.147e-05,-0.37676,-0.0023256,-0.0065453,27.477,-0.001249
93.22,1.5495,0,27.477,-0.034993,0,0.0019586,-0.067308,0,0.011095,-4.998e-05,-0.06808,0.01084,0.0013255,-8.3308e-05,-0.36501,-0.0029527,-0.0061838,27.477,-0.0012735
93.494,1.5304,0,27.477,-0.035535,0,0.0023494,-0.054105,0,0.011204,-3.6716e-05,-0.068081,0.0073121,0.0012901,-0.00014155,-0.35279,-0.0035383,-0.0058242,27.477,-0.0012932
93.768,1.5114,0,27.477,-0.035948,0,0.0027115,-0.041387,0,0.011277,-2.38e-05,-0.068082,0.0039107,0.0012493,-0.00019623,-0.34014,-0.0040812,-0.0054677,27.477,-0.0013083
94.043,1.4923,0,27.477,-0.03624,0,0.0030442,-0.029162,0,0.011316,-1.1286e-05,-0.068084,0.00063954,0.0012035,-0.00024738,-0.32711,-0.0045801,-0.0051153,27.477,-0.0013189
94.317,1.4733,0,27.477,-0.036414,0,0.0033467,-0.017433,0,0.011322,7.7652e-07,-0.068086,-0.002498,0.0011532,-0.00029506,-0.31376,-0.0050342,-0.0047679,27.477,-0.0013252
94.591,1.4542,0,27.477,-0.036476,0,0.0036188,-0.0062038,0,0.011297,1.2341e-05,-0.068089,-0.0054992,0.0010987,-0.00033932,-0.30012,-0.0054428,-0.0044263,27.477,-0.0013275
94.865,1.4352,0,27.478,-0.036431,0,0.0038604,0.0045215,0,0.011243,2.3366e-05,-0.068092,-0.0083616,0.0010407,-0.00038024,-0.28624,-0.0058058,-0.0040912,27.478,-0.0013259
95.139,1.4161,0,27.478,-0.036284,0,0.0040712,0.014741,0,0.011159,3.3815e-05,-0.068096,-0.011083,0.00097945,-0.00041787,-0.27217,-0.0061229,-0.0037631,27.478,-0.0013205
95.413,1.397,0,27.478,-0.036039,0,0.0042516,0.024453,0,0.011048,4.3655e-05,-0.0681,-0.013663,0.00091551,-0.00045229,-0.25794,-0.0063944,-0.0034426,27.478,-0.0013116
95.687,1.378,0,27.478,-0.035703,0,0.0044017,0.033658,0,0.010911,5.286e-05,-0.068104,-0.016099,0.0008493,-0.00048359,-0.24361,-0.0066207,-0.0031302,27.478,-0.0012993
95.961,1.3589,0,27.478,-0.035279,0,0.0045221,0.042355,0,0.01075,6.1405e-05,-0.068109,-0.018391,0.00078128,-0.00051186,-0.22921,-0.0068024,-0.0028262,27.478,-0.0012839
96.235,1.3399,0,27.478,-0.034774,0,0.0046133,0.050547,0,0.010567,6.9272e-05,-0.068114,-0.020539,0.00071187,-0.00053716,-0.21478,-0.0069404,-0.0025309,27.478,-0.0012655
96.51,1.3208,0,27.478,-0.034191,0,0.004676,0.058235,0,0.010361,7.6447e-05,-0.068119,-0.022542,0.00064152,-0.00055961,-0.20036,-0.0070357,-0.0022445,27.478,-0.0012443
