-2.3998,69.827
-2.6,69.476
-2.7498,71.384
-2.7122,68.964
-2.7998,73.715
-2.8998,70.98
-2.8872,73.796
-2.8746,72.771
-2.8374,70.599
-2.9748,73.191
-3.0246,73.899
-3.0122,72.702
-3.0372,72.741
-2.9246,70.899
-2.8872,63.392
-3.0374,66.87
-3.1372,62.821
-3.0124,59.299
-3.1874,60.441
-3.2246,64.92
-3.075,60.03
-3.0996,59.451
-3.0872,59.25
-3.2372,60.86
-3.2122,60.398
-3.162,59.677
-3.1748,62.352
-3.0496,68.156
-3.1248,67.436
-3.1748,62.332
-3.2872,61.955
-3.4248,56.944
-3.4748,55.948
-3.5374,50.942
-3.4996,45.296
-3.6372,44.922
-3.5622,43.015
-3.5872,40.978
-3.6874,41.884
-3.5498,41.436
-3.637,47.653
-3.7498,48.925
-3.7496,54.695
-3.8622,56.772
-3.7624,59.164
-3.8122,59.074
-3.8122,61.788
-3.8246,62.429
-3.8496,63.774
-3.8496,61.2
-3.8496,60.437
-3.7998,58.376
-3.687,60.222
-3.4372,57.178
-3.0622,54.878
-2.7874,53.05
-2.1498,44.175
-2.0372,50.78
-2.0622,46.524
-2.1374,41.853
-2.1996,38.062
-2.1998,39.274
-1.6748,40.972
-1.125,34.756
-0.7628,41.692
-0.15,35.25
0.025,44.426
0.2748,39.786
0.3998,39.937
0.5372,34.341
0.8372,34.967
1.025,40.858
1.2752,44.036
1.0502,49.074
1.0876,52.342
1.5628,41.298
1.1248,50.282
1.2502,53.348
2.3128,39.175
4.3374,35.774
5.1124,28.363
4.9996,34.349
5.1996,30.087
6.6746,30.241
5.1624,43.854
6.9748,42.825
7.475,31.635
7.675,31.477
6.0872,32.135
7.0874,36.742
8.2372,37.85
8.9372,32.161
9.6998,32.164
9.6248,32.585
9.8622,31.163
9.5748,32.763
9.2372,34.353
7.6748,35.218
6.5748,35.356
5.9248,35.973
5.4374,35.202
4.9248,35.812
4.425,37.748
4.2248,37.582
3.9002,46.349
3.525,58.429
3.2752,61.139
3.5252,44.065
3.2502,45.449
3.1252,40.802
2.5878,49.957
2.4502,48.376
2.3628,46.287
1.9254,54.771
2.2128,40.596
1.9628,40.715
1.9378,40.284
2.2626,40.93
2.9876,49.443
2.7752,62.88
3.0754,52.359
2.8878,41.417
1.9004,46.181
1.475,45.093
1.4878,45.311
1.6502,48.512
1.3626,47.216
1.2876,48.157
1.1254,49.227
1.0752,49.955
1.025,50.189
0.8872,51.709
0.8124,51.366
0.7746,51.35
0.6498,51.354
0.612,51.577
0.5872,50.297
0.5372,48.778
0.6496,47.997
0.4246,49.893
0.3496,49.943
0.237,50.511
0.2496,50.687
0.1126,53.423
0.1248,53.665
0.2498,53.559
0.025,55.609
0.0126,58.644
-0.0376,60.949
-0.0624,63.293
-0.1748,63.778
-0.275,64.284
-0.2498,65.283
-0.4626,67.897
-0.4002,67.001
-0.4878,67.077
-0.6502,68.946
-0.6878,68.215
-0.7378,67.721
-0.7628,67.713
-0.9378,68.487
-1.0624,67.771
-1.2622,67.792
-1.3372,67.865
-1.2124,66.622
-1.4122,68.386
-1.4496,66.235
-1.5498,65.131
-1.6746,65.956
-1.7874,66.854
-1.9872,68.688
-1.8372,67.627
-1.8748,66.796
-1.9622,67.751
-1.9996,67.283
-1.9372,67
-1.9746,67.369
-2.0124,68.057
-1.812,63.423
-1.962,62.872
-2.0124,62.499
-1.9996,62.476
-1.8498,60.959
-1.9998,62.266
-1.9122,60.834
-2.0248,61.38
-1.8874,57.784
-2.0248,58.126
-1.8498,53.982
-1.6872,44.035
-1.6998,42.141
-2.0622,46.983
-1.8748,37.195
-2.0622,42.791
-2.1498,49.961
-1.9246,36.238
-1.7998,32.937
-1.6872,32.443
-1.7622,39.736
-1.5624,34.169
-1.3372,32.393
-1.1624,30.268
-1.0498,29.055
-0.9252,28.753
-0.8128,28.852
-0.6626,25.844
-0.6502,26.608
-0.6376,26.759
-0.7626,26.342
-0.7252,25.685
-0.6878,25.332
-0.6626,25.76
-0.5502,25.092
-0.4128,23.771
-0.4504,23.919
-0.325,23.526
-0.3752,23.552
-0.2874,22.732
-0.1872,21.979
-0.1248,20.86
-0.0998,22.319
-0.1374,22.582
-0.0874,22.336
0.0624,21.24
0.0374,20.837
2.5876,21.629
5.2874,20.721
6.2998,19.895
7.2372,18.416
7.5624,20.005
4.8498,20.607
7.5498,20.203
8.2248,20.565
8.9498,20.979
9.3622,20.564
9.5874,24.416
9.8374,24.04
10.037,21.989
10.2,21.885
10.437,22.166
10.412,23.002
10.262,23.792
9.8124,23.933
8.1248,25.398
6.2248,28.242
5.7622,27.711
5.2498,28.53
4.9496,31.956
4.7372,34.596
4.4996,37.875
4.3496,41.03
4.0622,42.379
3.8752,42.849
3.6628,44.104
3.6626,44.108
3.4628,42.826
3.3252,43.848
3.2878,45.344
3.0378,42.959
3.0002,39.237
2.6128,38.525
2.5754,37.804
2.3128,40.84
2.2878,39.853
2.1252,42.997
2.0628,44.98
1.925,47.35
1.8002,49.277
1.75,47.635
1.5876,48.853
1.6254,47.496
1.5504,47.758
1.4502,45.167
1.3252,43.104
1.2626,39.584
1.2628,38.663
1.1252,39.918
1.0628,41.691
0.9624,42.287
0.9624,39.64
0.8372,38.983
0.6622,39.131
0.6996,38.726
0.6372,37.212
0.5996,37.096
0.4748,37.52
0.2248,40.545
0.2748,39.077
0.4624,35.294
0.4122,35.221
0.2624,34.998
0.1624,35.614
0.2248,34.829
0.2,35.759
0.0624,34.352
0.1252,34.267
0.0752,33.029
0.0122,33.188
-0.0498,32.851
-0.0626,31.578
0.0624,30.417
0.275,29.962
0.0374,31.124
0.0374,31.212
-0.0248,31.794
-0.1746,32.969
-0.1622,32.855
-0.1372,33.107
-0.2372,34.448
-0.0874,35.203
-0.1498,36.569
-0.1498,36.65
-0.1248,36.692
-0.25,38.097
-0.325,40.608
-0.4628,42.218
-0.4128,38.33
-0.35,39.749
-0.6254,43.973
-0.6502,45.216
-0.7002,44.781
-0.7002,43.924
-0.675,40.901
-0.6628,40.353
-0.7754,42.489
-0.8128,43.993
-0.8752,46.325
-0.8504,46.247
-0.9126,41.931
-0.9876,45.122
-0.975,44.272
-1.075,48.085
-1.0124,48.542
-1.075,49.143
-1.1374,50.292
-1.1622,50.774
-1.1874,50.721
-1.4124,50.461
-1.2624,49.799
-1.4372,50.39
-1.4748,51.665
-1.3748,51.138
-1.3122,51.776
-1.4248,52.919
-1.4124,51.953
-1.1624,51.46
-1.2998,52.604
-1.3748,53.424
-1.2,51.813
-1.112,52.173
-1.1374,52.806
-1.0874,53.8
-1.1122,53.352
-1.0626,53.179
-1.0624,53.583
-0.9628,53.338
-1,53.557
-0.975,53.476
-0.9874,53.673
-0.9002,52.776
-0.9002,53.702
-0.9252,53.931
-0.7502,53.863
-0.8504,54.792
-0.8252,55.559
-0.7002,53.315
-0.7378,54.977
-0.6376,55.283
-0.6502,53.583
-0.6378,56.743
-0.4378,56.774
-0.3876,57.618
-0.2252,60.032
3.4998,59.026
5.1998,58.197
6.1748,57.684
6.9998,57.526
6.2498,59.408
4.05,61.853
6.9874,59.844
7.925,60.352
8.6248,60.576
8.6872,61.577
9.2372,60.763
9.5624,60.838
9.7748,61.35
8.9996,60.732
9.625,60.733
9.7374,61.64
8.3622,61.927
8.0746,62.794
6.2746,63.773
5.2746,64.504
4.7248,65.469
4.3246,65.761
4.1498,64.671
3.8752,64.79
3.6502,64.942
3.4378,65.532
3.3252,64.76
3.1378,65.677
2.9752,65.743
2.7754,66.683
2.6752,65.281
2.4378,65.779
2.488,64.821
2.2502,65.247
2.0752,65.185
1.8128,65.952
1.8128,65.127
1.6376,64.744
1.3754,65.419
1.3128,64.915
1.2628,64.848
1.0128,65.649
0.9626,64.434
0.8498,64.493
0.6998,65.838
0.7246,65.375
0.537,64.137
0.4748,64.981
0.3624,64.979
0.2372,64.413
0.1374,62.461
0.0374,65.058
-0.0378,65.683
-0.0124,63.981
-0.1872,58.98
-0.3378,56.302
-0.5002,53.237
-0.6502,53.975
-0.7128,50.135
-0.7504,45.865
-0.8004,44.038
-1.1624,46.693
-1.2248,45.095
-1.0874,46.307
-1.1372,45.366
-1.2872,44.664
-1.2998,45.859
-1.2246,44.688
-1.2872,44.32
-1.2996,43.916
-1.3996,45.794
-1.362,46.616
-1.2372,46.082
-1.2498,46.272
-1.2,44.75
-1.3,45.828
-1.1874,46.211
-1.1372,45.886
-1.1498,44.996
-1.0998,44.766
-1.2248,44.493
-1.2872,44.567
-1.2872,44.435
-1.2122,44.399
-1.2874,45.638
-1.3498,45.553
-1.3372,46.2
-1.2874,45.635
-1.4248,47.096
-1.5996,47.979
-1.3998,47.11
-1.4122,46.931
-1.35,47.131
-1.162,46.53
-1.337,46.858
-1.1496,46.291
-1.2246,47.334
-1.0498,45.91
-0.95,44.808
-0.8252,44.894
-0.7502,44.638
-0.6504,43.629
-0.6128,43.771
-0.5754,44.431
-0.5378,45.329
-0.6002,47.194
-0.4628,46.117
-0.4,45.211
-0.3502,45.804
-0.4002,47.025
-0.325,47.742
-0.1748,47.052
-0.2246,48.995
-0.2122,48.476
-0.1622,47.004
-0.0624,46.905
-0.1248,47.28
-0.0376,47.089
1.3252,47.172
4.7998,47.693
5.9998,47.916
6.9872,47.91
7.3996,49.41
4.8374,51.776
4,53.836
7.0874,52.074
7.8498,52.595
8.4122,50.056
8.9124,47.366
9.2996,46.728
9.3998,46.581
9.5996,45.898
7.3122,47.2
9.0496,46.808
9.1998,48.02
6.8374,49.585
6.5124,49.503
5.125,52.306
4.6622,53.353
4.4246,54.842
4.0374,54.427
3.825,54.712
3.5128,56.981
3.4126,57.77
3.3128,58.304
3.1754,58.543
3.0752,59.499
2.8878,60.796
2.8128,60.067
2.6004,60.679
2.4376,59.944
2.2002,60.005
1.9502,59.622
1.9128,59.761
1.8628,58.056
1.6378,57.905
1.4752,57.082
1.3628,56.88
1.3878,57.628
1.2504,59.249
1.1002,59.608
0.9872,60.515
0.9624,60.821
0.8122,61.544
0.75,62.579
0.7498,62.868
0.6874,62.57
1.125,64.499
0.7374,64.761
0.5622,64.813
0.3996,64.147
0.2998,65.424
0.1622,66.127
0.05,68.381
0.1,68.149
-0.0374,68.665
-0.1248,67.172
-0.1874,68.704
-0.2246,69.223
-0.3752,68.702
-0.3876,69.406
-0.3126,68.515
-0.3754,67.878
-0.5128,68.57
-0.7128,68.138
-0.8128,70.121
-0.8254,68.503
-0.9876,67.464
-1.0126,70.322
-1.0126,68.043
-1.0374,69.484
-1.0498,69.175
-1.1622,67.378
-1.2374,68.7
-1.2748,69.136
-1.2746,68.714
-1.2248,66.615
-1.3748,72.335
-1.4996,67.368
-1.4996,70.21
-1.5498,68.583
-1.5998,68.622
-1.712,70.856
-1.4998,70.106
-1.6122,71.263
-1.6246,70.536
-1.662,69.973
-1.7122,69.825
-1.737,69.666
-1.7746,67.247
-1.8122,67.198
-1.8872,69.944
-2.0122,71.523
-1.95,70.79
-2.1246,69.101
-2.1246,68.562
-2.187,70.441
-2.1872,67.877
-2.1746,69.279
-2.2746,66.036
-2.2998,68.439
-2.2872,68.823
-2.3122,64.443
-2.4622,61.279
-2.4248,57.675
-2.3748,59.65
-2.4998,64.837
-2.4746,67.045
-2.4622,63.939
-2.6122,65.161
-2.6374,66.395
-2.7124,66.06
-2.7498,68.133
-2.8248,67.572
-2.8248,69.022
-2.7122,69.209
-2.6622,66.906
-2.687,65.283
-2.7122,64.97
-2.7248,64.966
-2.6746,64.642
-2.7122,63.408
-2.7622,64.067
-2.7498,64.037
-2.775,65.222
-2.712,64.686
-2.6122,64.733
-2.6122,66.987
-2.4998,65.526
-2.3748,63.999
-2.4124,63.35
-2.4122,63.717
-2.3622,62.601
-2.3246,60.8
-2.2122,60.019
-2.2746,58.334
-2.2246,57.98
-2.1246,53.866
-2.0498,52.908
-1.975,52.864
-2.0498,53.867
-1.8874,54.414
-1.8248,56.153
-0.3874,56.1
2.8376,54.51
4.1624,53.194
4.8998,52.959
3.8876,53.465
1.4878,53.598
2.3876,53.403
5.1874,52.45
6.1624,52.183
6.5996,52.093
7.0122,51.953
7.3872,51.676
7.6124,52.408
6.6248,53.13
4.7,53.487
6.9374,52.081
6.6246,51.831
4.2998,54.398
3.5626,54.881
2.9752,55.278
2.5878,54.283
2.3128,54.194
2.2126,53.266
2.0502,52.728
1.8376,52.74
1.8,52.458
1.725,51.605
1.6376,50.361
1.5002,50.52
1.2752,51.272
1.2004,51.964
1.0502,52.357
1.0628,52.439
0.9122,53.143
0.8624,53.607
0.625,54.287
0.4498,55.378
0.2622,56.069
0.1748,57.321
-0.0248,58.373
-0.1872,60.614
-0.1372,60.077
-0.2498,62.097
-0.3126,61.946
-0.3376,62.946
-0.4752,64.201
-0.4376,65.231
-0.5378,66.005
-0.6004,64.323
-0.6628,63.856
-0.6878,64.792
-0.8254,65.683
-0.9002,65.019
-0.9874,65.639
-1.05,66.799
-0.9628,64.732
-1.125,65.876
-1.2874,66.86
-1.4372,69.388
-1.4748,68.949
-1.5746,69.842
-1.4996,69.971
-1.4872,70.681
-1.6498,70.397
-1.6122,69.801
-1.6872,70.19
-1.7746,70.808
-1.7872,69.648
-1.9122,71.44
-2.0372,72.871
-2.137,73.384
-2.0248,74.991
-2.1624,73.792
-2.2122,74.323
-2.1496,74.464
-2.187,72.405
-2.1622,73.165
-2.2498,73.139
-2.3246,70.922
-2.2874,68.253
-2.3624,66.16
-2.3498,65.647
-2.3996,65.006
-2.2996,64.991
-2.1498,64.152
-1.7624,60.405
-1.7372,61.075
-1.5872,62.005
-2.0122,63.346
-2.0746,62.119
-1.6996,59.865
-2.0496,61.321
-2.0372,63.306
-2.4746,65.423
-2.3124,64.113
-2.4496,63.59
-2.4622,65.309
-2.462,65.006
-2.5996,65.239
-2.4998,65.064
-2.6124,66.648
-2.5746,66.462
-2.6248,66.106
-2.4998,65.395
-2.5874,66.417
-2.5122,66.004
-2.5,65.543
-2.4872,67.538
-2.1622,69.081
-1.8748,67.957
-2.0496,68.568
-2.287,67.604
-2.3872,67.667
-2.4872,67.698
-2.5372,67.441
-2.2996,67.097
-2.1246,66.55
-1.9496,68.159
-1.4746,67.542
-1.6374,68.352
-1.6998,67.087
-1.6748,66.046
-1.7872,65.317
-1.8372,68.782
-1.9996,70.741
-2.0246,69.676
-1.8124,69.963
-1.3998,69.073
-1.2748,68.019
-1.2498,68.511
-0.7752,68.507
-0.0874,68.805
0.5372,67.127
0.925,67.848
1.4252,66.152
1.2254,65.066
1.0624,65.474
2.4128,66.123
3.4126,64.346
4.0124,63.851
3.95,65.245
3.8874,64.62
3.8754,66.661
3.7252,65.39
3.3878,66.531
3.6378,63.932
3.825,63.595
4.3998,63.378
4.4624,64.802
4.8246,64.474
4.8746,66.055
4.3872,64.591
3.7752,66.118
4.625,64.931
4.1748,66.413
4.3626,65.903
4.337,65.3
4.2624,67.175
4.0002,69.5
3.6754,69.398
3.7002,69.348
3.8002,70.615
3.2376,70.229
3.1628,69.451
3.1002,68.452
2.9002,68.533
2.8126,66.724
2.7376,65.012
2.4752,65.306
2.2876,66.684
2.1628,66.076
1.9,68.697
1.8126,68.786
1.7626,65.285
1.5502,67.251
1.475,66.446
1.3004,66.06
1.0752,67.158
0.8746,67.615
0.9124,59.018
0.5498,64.682
0.5624,62.88
0.225,67.853
-0.1498,76.716
-0.2122,75.119
-0.3376,73.206
-0.5128,73.772
-0.6752,75.642
-0.8128,77.011
-0.85,77.313
-1.1374,77.93
-1.1248,77.63
-1.162,76.692
-1.2746,77.681
-1.4374,77.543
-1.5498,77.634
-1.6248,78.196
-1.5746,77.863
-1.6996,77.451
-1.6498,73.476
-1.7872,58.989
-1.6622,54.423
-1.0748,51.318
-0.1,49.483
0.1502,54.718
0.2126,56.396
0.4746,51.357
0.5746,52.534
0.275,60.43
0.4248,59.33
0.1374,60.914
0.2498,59.439
0.3496,63.568
0.4372,70.795
0.4624,71.359
0.4124,70.993
0.8746,66.788
0.875,69.721
0.7498,70.682
0.975,69.942
0.9248,73.673
0.8622,74.992
0.975,75.23
0.6372,75.756
0.9502,76.376
0.7748,77.233
0.9126,77.647
1.1,77.024
1.2752,77.583
1.2378,78.021
1.3128,77.991
1.3504,77.492
1.2752,77.471
1.3502,77.301
1.2002,78.114
1.1376,78.977
1.1502,79.297
1.2252,78.659
1.0374,80.111
0.9122,80.523
1.1628,80.259
1.1002,80.496
1.1378,80.376
1.1004,80.186
1.1252,79.739
1.0878,80.39
1.0752,81.532
1.1254,82.905
0.9876,84.099
0.9248,84.744
0.9248,85.255
0.9,85.589
0.925,85.838
0.975,86.163
0.9626,86.597
0.95,86.57
0.7874,86.485
0.8998,85.806
0.9374,84.48
0.8622,86.387
0.7872,86.31
0.787,86.256
0.7998,86.261
0.812,86.325
0.8372,86.327
0.7998,86.352
0.7998,86.421
0.7872,86.573
0.8496,86.761
0.825,86.631
0.7622,86.498
0.6874,84.821
0.8122,77.817
0.5122,70.012
0.4124,63.736
0.4874,58.507
0.3748,56.68
0.5124,54.612
0.3872,49.409
0.337,45.591
0.3124,45.717
0.5872,46.781
0.5246,47.346
0.6496,47.726
0.5496,47.611
0.2624,48.762
0.4122,49.367
0,48.977
0.4,49.024
0.6246,48.094
0.6372,47.147
0.5748,46.86
0.6998,47.347
1.2252,48.638
1,49.156
0.9,45.969
0.8122,39.108
0.9248,38.774
0.3122,40.438
0.825,40.909
0.7374,40.598
0.5374,41.41
0.9,41.907
0.975,41.041
0.7498,40.005
0.6498,37.816
0.6746,34.898
0.8248,33.265
0.6746,32.169
0.8248,31.227
0.9126,30.368
0.5624,30.179
0.1376,31.723
-0.6754,37.675
-1.0876,39.295
-1.5122,42.071
-1.7746,43.961
-1.9622,44.001
-2.0996,43.553
-2.2872,43.914
-2.4372,44.628
-2.7248,45.745
-2.9498,47.188
-3.3372,52.497
-3.4872,56.293
-3.6624,58.358
-3.8498,64.162
-4.1,68.622
-4.15,73.237
-4.2254,74.043
-4.4504,76.631
-4.5504,79.902
-4.7752,81.467
-4.9126,81.775
-4.8378,75.858
-4.9626,68.185
-4.8878,41.079
-5.0504,49.865
-5.1504,36.924
-5.2128,47.149
-5.3878,58.723
-5.3878,56.572
-5.4252,53.439
-5.4002,49.699
-5.6004,46.401
-5.7252,53.444
-5.8128,54.181
-5.838,52.744
-5.9252,56.306
-5.8128,52.529
-5.8252,46.141
-5.8754,39.544
-6.0876,34.373
-6.1378,29.502
-6.1626,33.49
-6.1752,34.243
-6.2126,31.69
-6.275,34.348
-6.2254,35.091
-6.1626,29.992
-6.2254,30.842
-6.2126,31.578
-6.3002,32.216
-6.3378,30.727
-6.2004,30.464
-6.2502,28.477
-6.3128,27.857
-6.1878,26.98
-6.4504,32.345
-6.4378,29.711
-6.4628,31.019
-6.5504,31.693
-6.5502,31.353
-6.5376,32.523
-6.6628,33.83
-6.5754,30.664
-6.5878,31.397
-6.6876,33.749
-6.6252,29.466
-6.7254,27.247
-6.6752,26.119
-6.8004,29.29
-6.8128,25.776
-6.7752,27.379
-6.8252,27.066
-6.7628,23.691
-6.838,25.017
-6.9128,24.08
-6.9004,23.368
-6.7502,22.96
-6.7004,17.813
-6.6628,20.335
-6.9752,27.512
-6.9878,26.729
-7.1876,33.933
-7.2754,33.186
-7.3504,34.838
-7.2128,32.013
-6.963,27.929
-7.0502,25.375
-7.1252,23.947
-6.9878,24.033
-6.9754,20.88
-6.9376,23.274
-6.9252,23.733
-6.3626,18.152
-6.1254,16.317
-5.7128,21.327
-6.0876,18.454
-6.3626,18.761
-6.3504,19.615
-6.2252,11.533
-6.4128,17.07
-6.4126,18.27
-6.4378,21.599
-6.1878,16.639
-6.3002,20.301
-6.4252,23.554
-6.3628,25.196
-6.25,23.502
-6.1628,19.025
-6.1502,20.242
-6.1628,22.816
-6.175,23.649
-5.9626,20.38
-6.0254,21.071
-6.2002,22.282
-6.1502,27.387
-6.0626,21.947
-6.1252,25.165
-6.0628,24.149
2.3998,49.284
-4.5626,19.236
-3.1496,22.138
-1.3374,27.749
-0.4,27.94
0.375,24.608
0.8248,29.242
1.3254,31.824
-0.4498,32.117
-1.9872,32.251
-1.5876,35.89
-1.7122,37.744
-2.762,35.74
-3.0872,32.45
-3.2748,28.561
-3.4498,25.833
-3.8246,29.822
-3.8748,26.39
-4,27.89
-4.1876,28.87
-4.3128,27.909
-4.2252,23.011
-4.3378,24.401
-4.5752,24.598
-4.8254,30.349
-4.9126,29.856
-5.0128,26.808
-5.2002,24.355
-5.3126,28.413
-5.5628,28.359
-5.5628,29.351
-5.6628,28.342
-5.6626,24.167
-5.8004,25.218
-5.8878,26.955
-5.9252,26.345
-6.1752,30.263
-6.3002,31.272
-6.3628,31.544
-6.4128,29.878
-6.5002,29.264
-6.6626,35.629
-6.7504,35.459
-6.7878,35.729
-6.7878,33.465
-6.7628,31.171
-6.9002,33.531
-6.9752,31.907
-6.838,30.9
-6.9002,27.213
-6.9378,26.363
-6.9626,26.768
-6.9504,26.963
-7.0128,27.148
-7.1376,27.737
-7.2754,32.341
-7.2876,30.485
-7.3752,33.835
-7.4504,28.872
-7.6628,32.372
-7.5878,25.906
-7.6752,28.071
-7.7878,23.9
-7.838,23.69
-7.9876,23.832
-8.0878,25.391
-8.0876,25.717
-8.2252,24.598
-8.3128,24.445
-8.1254,21.011
-8.3876,19.967
-8.5252,22.044
-8.6002,20.488
-8.7626,25.945
-8.7626,22.94
-8.9628,23.323
-9.1128,32.3
-9.2128,33.733
-9.3126,30.952
-9.2004,27.005
-9.3378,25.275
-9.4378,25.802
-9.3628,18.529
-9.4252,14.753
-9.4752,11.559
-9.5126,13.952
-9.4752,18.167
-9.5502,14.416
-9.7378,17.588
-9.7502,22.162
-9.6626,18.902
-10,28.027
-10.113,32.921
-10.025,25.676
-10.15,29.56
-10.05,26.5
-10.15,25.372
-10.288,37.833
-10.225,28.861
-10.388,34.74
-10.5,43.503
-10.525,46.211
-10.575,41.473
-10.713,49.946
-10.725,50.351
-10.8,48.149
-10.763,50.547
-10.85,51.684
-11.05,52.876
-10.925,50.937
-10.688,39.39
-11.05,62.767
-10.763,49.91
-10.55,34.189
-10.675,38.033
-10.913,49.726
-10.738,32.845
-10.788,35.924
-10.913,39.716
-10.9,41.802
-10.9,44.237
-10.863,43.605
-10.963,75.855
-11.15,74.882
-11.038,67.575
-10.963,65.082
-11.113,78.456
-11.013,72.702
-10.888,64.15
-10.838,64.005
-10.8,72.85
-10.688,67.605
-10.213,74.942
-9.5876,77.408
-8.9876,77.875
-8.1128,80.743
-7.3002,80.536
-7.3878,81.13
-7.5128,81.099
-8.2252,81.136
-8.8752,81.596
-8.4502,82.148
-8.0004,80.703
-8.7128,80.202
-9.0376,79.183
-9.2754,79.618
-9.2752,78.251
-7.3502,73.282
-4.4626,68.462
-3.4496,69.756
-2.9624,69.016
-2.2748,65.303
-2.3374,61.959
-5.3628,64.754
-6.3876,60.509
-5.0626,53.987
-6.5128,54.716
-7.0254,58.708
-7.1754,56.48
-7.4252,56.465
-7.5754,59.955
-7.7002,57.212
-7.8504,56.784
-8.0378,54.527
-8.138,58.173
-8.2252,53.256
-8.3752,57.997
-8.5378,55.868
-8.5628,52.529
-8.6126,46.819
-8.7128,44.812
-8.8378,46.988
-8.9876,48.863
-9.0252,43.828
-9.1252,46.756
-9.3378,47.783
-9.3752,46.59
-9.5002,48.556
-9.6628,49.552
-9.7752,47.967
-9.7752,49.903
-9.9254,52.015
-9.9502,48.916
-10.075,48.762
-10.15,53.06
-10.163,53.938
-10.275,53.138
-10.238,50.375
-10.288,53.492
-10.425,55.56
-10.55,55.318
-10.45,55.251
-10.463,54.683
-10.575,55.626
-10.65,54.304
-10.663,49.524
-10.738,49.488
-10.775,51.347
-10.938,53.81
-11.063,51.819
-10.888,52.302
-10.963,52.502
-10.913,50.723
-10.913,49.515
-11.038,53.224
-11.163,55.112
-11.238,54.577
-11.025,52.285
-11.213,53.954
-11.338,57.124
-11.225,51.586
-11.35,48.889
-11.25,46.079
-11.288,45.949
-11.35,48.061
-11.225,44.678
-11.213,43.514
-11.175,42.478
-11.388,47.254
-11.325,42.801
-11.213,39.861
-11.138,39.906
-11.113,39.027
-11.188,42.006
-11.25,38.99
-11.225,40.233
-11.125,37.782
-11.263,39.469
-11.225,43.613
-11.138,38.723
-11.063,39.285
-10.638,40.15
-9.9376,38.521
-9.7376,39.515
-9.3254,34.828
-9.1878,39.031
-8.963,40.953
-8.8128,37.168
-8.6878,37.542
-8.8126,44.063
-8.7752,49.038
-8.6254,46.563
-8.7252,46.327
-8.4876,43.581
-8.7752,43.754
-8.9626,38.62
-9.2504,40.635
-9.7878,44.077
-9.9378,42.987
-10.113,44.668
-10.138,45.341
-10.088,45.053
-10.15,48.868
-9.8502,53.665
-9.9376,55.538
-9.4128,56.535
-9.3502,53.948
-9.0752,57.732
-9.1252,56.973
-8.8004,55.1
-8.5376,56.651
-8.2128,58.2
-7.8378,53.842
-7.7002,56.758
-7.4504,56.377
-7.9628,57.139
-8.8002,56.933
-8.5502,58.874
-8.3752,59.544
-7.0504,56.3
-6.2502,56.001
-5.9878,54.481
-7.3252,57.407
-8.1128,59.378
-8.4002,59.383
-8.6752,61.611
-8.7002,62.255
-8.6628,64.036
-8.0626,63.962
-6.8752,65.047
-5.5378,61.379
-4.9752,62.116
-5.4004,64.085
-5.3502,65.734
-5.5002,68.313
-5.8876,66.962
-5.9752,64.337
-7.2002,68.958
-7.5504,69.804
-7.5502,68.8
-7.6004,66.143
-7.2876,60.595
-4.9878,55.043
-3.0748,54.063
-1.6872,53.1
-1.4746,55.485
-0.8874,52.016
-2.9372,52.595
-4.55,55.672
-4.55,56.66
-4.9626,59.936
-5.6252,63.781
-5.6004,57.589
-6.0502,64.174
-5.6378,54.937
-5.5378,56.972
-5.9378,63.229
-6.1754,64.136
-6.5754,66.448
-6.8628,68.568
-6.9752,67.811
-7.0376,68.267
-7.1878,71.309
-7.325,71.514
-7.3878,70.564
-7.5002,71.087
-7.7254,71.809
-7.9502,74.098
-7.8254,64.934
-8.0626,66.829
-8.1878,65.545
-8.125,63.223
-8.3126,62.85
-8.5254,65.648
-8.5378,65.855
-8.6754,66.569
-8.7628,67.237
-8.8376,68.23
-8.9628,70.795
-9.0128,70.361
-9.1004,69.712
-9.2504,72.571
-9.4128,79.949
-9.5128,79.897
-9.5252,80.103
-9.6002,80.514
-9.7126,81.274
-9.7128,81.918
-9.7126,82.094
-9.3126,81.263
-8.5626,81.19
-8.5376,81.11
-8.3252,81.295
-8.3626,81.172
-8.2128,81.617
-8.288,81.125
-8.8,80.439
-8.9752,80.983
-8.5126,80.962
-8.5376,81.171
-9.3002,78.709
-9.9126,76.649
-9.9254,74.937
-9.8626,74.187
-10.063,73.822
-9.9254,74.092
-10.15,73.439
-10.138,74.239
-10.188,74.662
-10.45,74.272
-10.638,74.07
-10.963,74.399
-11.213,73.887
-11.313,73.933
-11.488,73.837
-11.538,73.483
-11.575,72.495
-11.738,74.364
-11.875,75.692
-11.925,76.497
-11.988,75.816
-11.963,74.641
-12.075,75.747
-12.05,75.338
-12.063,74.163
-12.2,74.912
-12.263,76.062
-11.963,77.736
-11.188,78.906
-10.813,80.497
-10.563,80.573
-11.175,78.268
-11.638,78.031
-12.138,78.192
-12.263,81.361
-12.413,81.392
-12.425,81.449
-12.113,81.441
-11.925,79.737
-12.125,79.264
-12.163,79.755
-12.238,78.93
-12.275,75.874
-12.488,74.02
-12.538,74.705
-12.4,74.913
-12.6,73.155
-12.638,71.76
-12.713,72.52
-12.775,75.282
-12.875,79.264
-12.725,79.996
-12.688,79.064
-12.613,78.06
-12.763,77.797
-12.775,80.539
-12.8,80.434
-12.725,80.622
-12.563,79.373
-12.65,78.645
-12.738,77.88
-12.763,78.396
-12.563,77.437
-12.663,75.305
-12.663,76.909
-12.388,75.913
-12.4,75.437
-12.288,75.589
-12.225,75.393
-12.288,74.521
-11.888,71.805
-11.95,70.615
-11.975,72.351
-11.813,73.125
-11.713,73.216
-11.575,72.016
-11.575,72.983
-11.513,70.883
-11.338,69.291
-11.3,67.863
-11.1,63.785
-10.988,63.53
-10.85,63.374
-10.75,59.835
-10.663,60.666
-10.538,60.391
-9.5502,59.348
-6.7252,57.041
-5.3752,56.934
-4.7004,57.615
-4.1248,56.969
-6.425,58.435
-8.1004,65.035
-8.2752,66.636
-8.5502,66.879
-8.8252,65.741
-8.9876,65.713
-9.0252,64.401
-9.1004,65.464
-9.0754,66.053
-9.0754,65.943
-9.1128,65.087
-9.2252,66.572
-9.2002,64.683
-9.2628,65.271
-9.2754,65.505
-9.3252,64.681
-9.2504,64.018
-9.1876,64.184
-9.2378,65.593
-9.3128,64.803
-9.313,64.735
-9.3628,64.632
-9.3502,61.164
-9.2752,60.605
-9.2128,54.89
-9.3502,58
-9.188,53.904
-9.2628,53.763
-9.2752,52.365
-9.5502,51.496
-9.4002,49.971
-9.3376,54.526
-9.1502,55.969
-8.9876,54.816
-8.8128,57.067
-8.7878,59.22
-8.8,60.427
-8.6752,60.664
-8.7378,61.111
-8.6252,60.317
-8.575,60.321
-8.4628,59.759
-8.2628,58.055
-8.0876,57.501
-8.1254,55.692
-8.2378,57.088
-8.1252,57.232
-8.0504,56.417
-8.075,56.445
-8.1128,57.195
-8.1252,57.553
-8.0754,56.953
-8.113,55.664
-7.8752,55.639
-7.9128,56.195
-7.7502,55.724
-7.9252,56.762
-7.9378,56.768
-7.9254,57.701
-7.7378,56.812
-7.5504,55.917
-7.4502,55.903
-7.5002,55.531
-7.4252,55.35
-7.3252,56
-7.3126,54.687
-7.2626,54.543
-7.3004,54.251
-7.3504,54.443
-7.2878,54.705
-7.325,54.434
-7.1876,54.43
-7.1628,53.212
-7.0254,50.664
-7.0504,51.313
-7.2752,54.119
-7.3128,54.948
-7.275,55.625
-7.2628,55.573
-7.2126,53.576
-7.1002,53.35
-7.063,52.133
-6.9878,52.231
-7.0376,52.183
-7.1004,54.002
-7.1378,53.522
-7.175,53.507
-7.3128,54.02
-7.1504,53.952
-7.1628,53.659
-7.1876,54.045
-7.1628,53.687
-7.1252,53.071
-7.2378,54.488
-7.1378,54.013
-7.2628,55.204
-7.2628,54.915
-7.2754,54.808
-7.1754,54.753
-7.1128,53.871
-7.1626,53.291
-7.1378,55.525
-7.113,55.614
-6.7378,53.804
-7.0004,56.616
-6.6754,55.22
-6.525,53.902
-6.5878,58.094
-6.4502,58.428
-6.3502,59.281
-6.15,59.287
-5.9504,59.391
-5.7378,58.736
-5.8004,60.665
-5.6378,60.208
-5.613,59.761
-5.3002,55.072
-5.6254,59.056
-5.5504,58.973
-5.5254,59.073
-5.4002,58.962
-5.3502,58.555
-5.25,60.412
-5.1252,58.454
-4.9754,58.573
-4.8252,58.091
-4.6878,59.293
-4.6004,59.67
-4.5254,60.018
-4.5002,59.841
-4.5254,59.455
-4.6754,60.126
-4.6876,60.148
-4.8126,60.404
-4.8252,60.696
-4.9002,60.426
-4.8376,60.9
-4.8376,60.976
-4.9754,60.681
-4.9376,59.99
-3.2872,59.184
-1.0748,57.424
-0.4876,55.789
0.0876,55.664
-0.725,56.968
-2.5746,57.58
-3.0248,57.915
-3.3372,59.342
-3.4874,58.629
-3.5124,57.607
-3.6498,57.019
-3.6122,56.704
-3.7246,57.067
-3.787,58.566
-3.8622,56.902
-4.2502,59.722
-4.3878,60.808
-4.4378,60.229
-4.5502,61.109
-4.5878,60.688
-4.7378,61.336
-4.8004,61.101
-4.7754,61.105
-4.8876,60.646
-4.625,57.753
-5.0002,59.332
-5.0628,60.609
-5.175,61.229
-5.0878,57.805
-5.5004,61.62
-5.5502,61.609
-5.2752,59.495
-5.3252,60.526
-5.3626,60.743
-5.4252,61.292
-5.5754,62.58
-5.6754,62.879
-5.6252,62.994
-5.6002,62.254
-5.6378,61.87
-5.7754,61.498
-5.7878,62.893
-5.9002,64.484
-5.9128,63.985
-5.8128,63.104
-5.8004,61.581
-5.8378,60.528
-5.8752,60.466
-5.6504,59.072
-5.7252,59.534
-5.538,58.397
-5.5628,57.58
-5.713,59.134
-5.7504,60.415
-5.7378,60.711
-5.7254,60.202
-5.7002,59.36
-5.7254,59.557
-5.738,59.3
-5.7004,59.817
-5.7752,61.118
-5.7002,59.34
-5.7002,59.618
-5.7754,60.63
-5.613,59.533
-5.7128,60.24
-5.7004,60.065
-5.7876,61.037
-5.6878,61.299
-5.688,61.647
-5.7378,60.867
-5.9002,61.608
-5.7754,61.629
-5.7378,62.575
-5.6878,61.297
-5.6252,60.789
-5.6752,61.77
-5.7504,62.899
-5.5754,62.602
-5.575,61.931
-5.5628,63.507
-5.4502,63.996
-5.4002,63.588
-5.2378,66.301
-5.0752,65.914
-4.9504,66.138
-5.1502,67.22
-5.0878,67.533
-4.9502,68.435
-4.5502,68.611
-4.5126,66.92
-4.6876,68.676
-4.5876,69.157
-4.6878,68.509
-4.6876,67.213
-4.6252,67.879
-5.1002,69.309
-5.2378,70.174
-5.1502,68.855
-5.1878,68.095
-5.1628,68.33
-5.1128,67.498
-5.3002,69.283
-5.9004,67.98
-5.8128,71.291
-5.7752,71.109
-5.763,71.006
-5.7378,70.978
-5.7002,70.161
-5.8128,70.375
-5.638,70.327
-5.5254,69.649
-5.8004,70.07
-5.7628,70.748
-5.8002,70.232
-5.7128,71.614
-5.7754,70.115
-5.7252,71.359
-5.7378,71.022
-5.6754,70.913
-5.6128,70.898
-5.7002,70.459
-5.6504,71.115
-5.6378,71.174
-5.638,71.591
-5.6878,71.402
-5.588,70.708
-5.6878,71.626
-5.6752,71.649
-5.6754,71.782
-5.5252,70.653
-5.5878,71.25
-5.6004,70.993
-5.6128,70.97
-5.6754,72.625
-5.7502,73.227
-5.8378,74.735
-5.8378,75.105
-5.7504,73.654
-5.7754,75.013
-5.6754,75.398
-5.7754,75.885
-5.7128,76.595
-5.5878,76.99
-5.5004,77.43
-4.2126,76.03
-1.6498,73.42
-1.4124,74.745
-2.2996,76.772
-2.7748,77.137
-3.6622,79.809
-3.7122,80.534
-3.5122,80.743
-3.9872,79.304
-4.1374,80.283
-4.5626,81.21
-4.5376,79.137
-3.65,80.71
-2.2498,80.064
-1.8622,78.417
-2.4246,78.795
-2.9496,79.111
-2.9496,80.202
-2.6246,79.592
-2.2998,79.982
-2.2372,79.684
-2.2996,79.293
-2.5372,79.67
-2.687,80.503
-2.6624,77.605
-2.6374,79.219
-2.9372,81.007
-3.2248,80.875
-3.5248,81.443
-3.8246,81.542
-3.8874,81.48
-3.7122,81.794
-3.8496,80.321
-4.2002,80.533
-4.388,80.161
-4.7254,79.967
-4.9752,80.359
-5.3126,80.142
-5.5752,79.36
-5.7626,80.964
-5.788,81.198
-5.7004,80.064
-5.9252,80.368
-5.9628,80.607
-5.9002,79.553
-5.8004,79.567
-5.8878,81.072
-6.1,80.694
-6.4128,81.114
-6.5878,82.293
-6.6376,81.685
-6.6252,80.82
-6.788,80.845
-6.5878,77.761
-6.7376,81.071
-6.6376,79.593
-6.5378,74.922
-6.8628,79.358
-6.9378,78.215
-6.9128,75.234
-7.1252,80.049
-6.7628,75.52
-7.0002,73.789
-7.0502,74.479
-7.1126,74.648
-7.1128,73.636
-7.1504,72.043
-7.1754,71.221
-7.2378,70.734
-7.2376,70.28
-7.3002,71.595
-7.25,70.98
-7.4752,74.483
-7.5878,75.276
-7.5754,75.998
-7.6752,77.722
-7.6002,76.164
-7.8254,79.244
-7.8626,79.844
-7.9126,81.495
-8.0002,82.421
-7.8504,82.23
-7.9378,82.79
-8.0128,82.966
-7.9252,82.59
-8.0378,82.626
-8.0378,82.794
-8.0378,82.748
-8.0254,82.835
-7.9502,82.878
-7.963,83.006
-7.8252,82.789
-7.8752,82.784
-7.9378,82.925
-7.9252,82.916
-7.8876,82.997
-8.0628,83.014
-8.0502,82.978
-7.9626,82.977
-7.9254,83.001
-7.9502,82.925
-8.0378,81.145
-8.0254,82.182
-8.125,82.775
-8.0378,82.93
-7.8126,82.958
-7.6752,82.831
-7.6502,82.993
-7.6128,82.948
-7.5378,82.877
-7.6754,82.896
-7.5626,82.918
-7.4878,82.643
-7.1876,81.122
-6.9002,80.79
-7.1626,81.692
-7.1502,82.65
-7.2004,82.981
-7.0876,83.037
-6.8628,82.658
-6.8128,82.454
-6.7254,82.32
-6.2628,82.703
-6.125,82.714
-6.1252,82.803
-5.7378,80.339
-5.6254,81.981
-5.1502,75.075
-4.8754,76.747
-4.9252,77.109
-4.4002,70.995
-4.5876,69.755
-4.413,68.023
-4.5004,66.292
-4.7002,66.505
-5.1128,67.936
-5.1878,68.635
-5.2626,71.036
-5.4502,70.445
-5.4754,68.499
-5.4126,68.591
-5.4752,67.878
-5.1378,65.349
-5.0752,63.597
-5.3004,68.203
-4.175,66.505
-1.3246,62.151
-1.2374,64.735
-0.6124,63.439
-3.0998,66.439
-3.6498,68.182
-3.9372,69.23
-4.0498,69.854
-4.3252,71.496
-4.2376,69.401
-4.1124,69.001
-4.2502,69.793
-4.15,68.971
-3.8872,68.79
-3.8622,67.809
-3.9372,70.237
-3.9748,71.377
-4.0124,70.807
-3.5372,62.82
-4.275,73.033
-4.3628,72.835
-4.4002,73.368
-4.8254,76.143
-4.5128,73.508
-4.5128,71.441
-4.9376,74.629
-5.3376,78.245
-5.4876,79.229
-5.7378,80.526
-5.5378,78.753
-5.2876,74.544
-5.6002,77.105
-5.738,78.452
-5.8376,80.137
-5.8378,81.797
-5.8878,82.214
-5.9252,82.528
-5.9878,82.806
-6.0126,82.746
-5.9878,82.54
-5.5252,82.316
-5.7878,82.586
-5.8752,81.647
-5.7502,80.773
-5.5252,80.988
-5.3252,81.096
-4.9626,80.863
-4.4252,79.29
-4.4376,81.241
-3.9998,77.745
-4.6502,82.104
-4.5752,81.712
-4.2126,80.384
-4.2626,82.386
-4.338,81.79
-4.125,82.216
-3.2248,77.442
-3.1996,75.378
-3.7622,81.038
-3.8996,81.942
-4.0248,80.847
-4.125,80.947
-4.1,81.343
-4.0374,81.525
-3.9748,80.659
-3.9372,81.804
-3.8622,81.92
-4.125,81.039
-4.2002,79.185
-4.0874,78.307
-4.0372,79.228
-4.1,81.014
-4.1252,80.911
-3.4872,76.066
-3.6872,77.946
-3.8622,81.373
-3.9624,79.829
-4.0124,79.659
-3.5372,77.379
-3.9998,80.751
-3.7248,80.747
-3.7874,80.233
-3.7246,81.462
-3.8748,81.902
-4.05,80.133
-3.862,82.215
-3.9498,82.041
-3.9122,81.142
-3.8746,79.439
-3.7746,80.785
-3.8872,80.445
-3.8748,80.444
-3.7998,81.712
-3.7996,81.897
-3.7498,82.145
-3.7872,82.626
-3.7996,82.399
-3.8622,82.506
-3.8372,82.62
-3.8122,82.672
-3.7496,82.712
-3.737,82.865
-3.6372,80.694
-3.6622,82.653
-3.5246,82.218
-3.4496,81.366
-3.6122,82.678
-3.6872,83.046
-3.4498,81.776
-3.4622,82.947
-3.4498,83.11
-3.4624,83.219
-3.1996,82.482
-3.1998,83.211
-2.95,83.042
-2.9872,83.213
-3,83.13
-2.7372,82.488
-2.5872,82.106
-2.5874,81.603
-2.2496,79.46
-1.7624,73.405
-1.8872,75.787
-1.6122,74.156
-1.8996,80.442
-1.6748,80.938
-1.3124,79.609
-0.8376,79.788
-0.175,79.465
0.3622,78.188
0.4246,79.553
1.0252,78.531
0.9248,71.866
0.1124,77.839
-0.3498,76.103
0.0502,78.52
0.2246,73.961
0.2748,77.813
0.5248,75.842
0.6998,74.041
0.7498,75.339
1,74.667
0.6246,74.066
-0.025,74.647
-0.4002,74.339
2.0876,70.19
3.9624,63.546
4.1998,64.068
0.7874,72.617
-0.175,77.279
-0.6,78.106
-0.8752,78.435
-1.05,77.973
-1.2372,77.866
-1.5872,78.886
-1.675,78.681
-1.7748,76.976
-1.8498,76.99
-1.9874,77.611
-2.0496,77.177
-2.0746,77.508
-2.2246,77.426
-2.2746,78.414
-2.4122,78.073
-2.4998,78.141
-2.5496,78.179
-2.5996,77.622
-2.6874,77.873
-2.6248,75.83
-3.0748,77.726
-3.1622,78.265
-3.3248,76.521
-3.1622,72.912
-3.4622,73.962
-3.5624,71.235
-3.6498,72.59
-3.8248,74.319
-3.8124,74.182
-3.9122,73.582
-4.0248,73.335
-4.1752,74.603
-4.2126,75.351
-4.2878,75.69
-4.3002,76.593
-4.2878,75.819
-4.3376,76.388
-4.3752,76.197
-4.3878,77.335
-4.3626,76.043
-4.4752,77.055
-4.488,75.853
-4.6252,76.381
-4.7254,76.884
-4.813,77.099
-4.7754,77.524
-4.9378,78.426
-4.8252,78.969
-4.8878,80.026
-4.8126,78.611
-4.9754,79.079
-4.8754,77.525
-4.9252,78.464
-5.0254,77.901
-4.9502,75.36
-5.0626,77.475
-5.1502,76.742
-5.2878,79.999
-5.3002,79.202
-5.2626,79.662
-5.2004,80.436
-5.2878,79.854
-5.2504,80.048
-5.3128,79.126
-5.4002,80.551
-5.2378,79.875
-5.3128,79.99
-5.4002,80.876
-5.3376,80.585
-5.3252,80.721
-5.2128,79.714
-5.2876,78.313
-5.3126,80.379
-5.3752,81.867
-5.3002,81.49
-5.2128,79.409
-5.2252,75.172
-5.35,79.789
-5.3252,82.41
-5.3754,82.227
-5.3252,76.487
-5.1752,76.934
-5.2752,76.737
-5.2878,76.793
-5.2502,75.783
-5.213,74.081
-5.263,73.154
-5.2754,72.978
-5.2752,72.591
-5.3502,74.628
-5.4126,76.045
-5.3754,77.613
-5.3876,80.196
-5.4,81.167
-5.3626,79.621
-5.4252,79.052
-5.3004,79.642
-5.3004,79.281
-5.2626,79.983
-5.2752,80.481
-5.2128,81.004
-5.1628,80.936
-5.1378,77.77
-4.9502,76.744
-4.9128,77.189
-4.9752,76.867
-4.7754,77.259
-4.6376,76.899
-4.6752,76.976
-4.6002,77.393
-4.5502,77.231
-4.5128,78.266
-4.3128,75.903
-4.0998,75.61
-3.8872,75.926
-3.7998,74.005
-3.4122,71.512
-2.937,65.14
-2.7248,64.611
-3.1248,72.788
-3.1372,75.819
-3.1748,75.405
-3.1498,75.512
-3.1624,72.019
-3.1372,73.384
-2.9872,75.018
-2.8246,74.798
-2.7372,71.899
-2.8372,76.195
-2.7874,75.768
-2.4124,75.033
-2.3872,74.405
-2.6998,74.562
-2.8748,73.408
-3.0498,76.231
-2.9996,74.427
-3.1872,75.944
-3.3122,75.207
-3.325,75.272
-3.1122,74.689
-1.125,72.187
0.3374,71.271
0.6998,71.642
-1.6248,73.75
-2.2122,73.958
-2.4246,73.709
-2.7122,73.41
-2.725,72.067
-2.8996,72.531
-2.9748,73.218
-2.9374,73.262
-2.7874,73.048
-2.7874,73.087
-2.7124,73.337
-2.4872,71.982
-2.65,72.919
-2.9374,74.473
-3.0746,72.722
-3.0996,71.887
-3.1998,70.001
-3.5,72.85
-3.5124,72.951
-3.4372,72.984
-3.3624,74.055
-3.2872,73.347
-3.2748,71.858
-3.3746,72.346
-3.4872,73.511
-3.2748,71.261
-3.6496,71.939
-3.6246,74.347
-3.5996,73.208
-3.737,73.379
-3.7372,72.375
-3.7874,72.51
-3.8372,74.116
-3.8372,73.629
-3.5498,72.024
-3.3872,73.141
-3.5748,73.592
-3.525,73.669
-3.7122,72.406
-3.7746,71.101
-3.7872,69.067
-3.8746,66.2
-3.9498,68.938
-4.0248,69.353
-4.1502,76.715
-3.7998,74.351
-3.6998,64.007
-3.737,71.87
-3.7122,56.815
-3.625,46.991
-3.9998,58.427
-3.8498,51.563
-4.2252,47.986
-4.7378,59.252
-4.7378,62.357
-4.9876,64.297
-4.9878,69.957
-5.0628,71.973
-5.0002,76.402
-5.0502,78
-5.0754,78.953
-5.0502,79.757
-5.0252,80.282
-4.8378,80.126
-4.8128,77.458
-4.8252,77.13
-4.5502,76.493
-4.4128,74.713
-4.5504,71.313
-4.3504,56.397
-4.5878,60.032
-4.713,48.515
-4.8502,48.88
-4.325,43.947
-4.6126,48.844
-4.3752,35.254
-4.075,31.2
-4.2252,33.941
-4.5254,35.563
-4.5752,33.737
-4.8378,47.7
-4.6002,44.693
-4.4376,40.359
-4.3252,45.134
-4.0626,41.989
-3.7996,42.298
-3.7372,48.79
-3.6248,47.983
-3.6622,47.659
-3.7872,51.543
-3.8124,53.31
-3.5498,46.424
-3.4624,49.783
-3.3872,49.985
-3.3498,50.451
-3.6122,49.842
-3.9372,50.352
-4.0122,51.229
-3.7998,48.252
-3.8622,48.2
-3.8122,48.787
-3.6746,48.401
-2.9746,46.234
-3.1372,44.548
-3.4872,46.652
-3.2,46.936
-2.7122,47.035
-2.1248,47.189
-2.2246,46.684
-2.1372,42.206
-2.6498,41.972
-2.6124,40.471
-2.0122,41.908
-2.1498,46.886
-1.2996,49.431
-0.6128,47.639
-0.4376,43.525
-0.9126,46.693
-1.3372,46.512
-1.7372,45.933
-1.8872,48.197
-1.3248,48.807
-0.9002,49.581
-0.75,50.508
-0.0876,48.594
0.7872,48.828
1.2504,52.074
1.5126,52.872
1.2004,51.824
1.3,52.657
1.5502,52.585
2.2252,55.422
2.025,53.072
2.3128,55.57
2.3378,49.464
2.725,42.58
2.2754,53.515
3.3502,42.678
3.138,48.188
2.8502,55.462
2.1252,54.169
1.5002,51.944
1.3128,52.205
1.2502,42.824
1,50.923
0.7374,49.854
0.512,52.001
0.3748,52.474
0.4498,54.399
0.1626,54.809
0.05,45.032
-0.4002,48.45
-0.7878,52.752
-0.9624,52.337
-1.0252,50.252
-1.325,52.81
-1.4122,50.995
-1.5498,55.361
-1.5748,50.976
-1.6496,47.704
-1.4374,41.986
-1.8372,44.107
-1.8998,42.407
-1.9124,42.898
-2.1872,44.149
-2.1872,42.819
-2.1996,41.023
-2.2748,41.922
-2.4498,43.624
-2.6248,44.784
-2.487,45.592
-2.5998,45.659
-2.6874,44.712
-2.7372,44.648
-2.7124,44.808
-2.8372,41.783
-2.8248,41.981
-2.8624,41.359
-2.9372,42.942
-3.0496,44.345
-2.9998,42.762
-3.0622,42.839
-3.162,44.917
-3.0998,40.914
-3.0872,41.189
-3.1874,41.591
-3.1246,41.261
-2.9996,41.444
-2.7748,39.711
-2.7872,39.369
-2.6872,39.602
-2.7246,40.376
-2.8622,41.356
-3.0122,41.404
-2.9372,42.705
-2.9124,45.577
-2.8748,46.474
-2.937,47.055
-2.9872,47.034
-2.9622,47.88
-2.9748,49.5
-2.8622,47.667
-2.6998,45.222
-2.6998,43.981
-2.8248,43.796
-2.6374,45.73
-2.5374,48.964
-2.5374,50.586
-2.6374,52.242
-2.3374,53.697
-2.2746,54.959
-2.2872,57.358
-2.2374,56.417
-2.3124,59.301
-2.3872,58.568
-2.3998,57.706
-2.5622,57.178
-2.2622,56.407
-2.2246,54.868
-2.2748,56.937
-2.6124,57.52
-2.5998,57.094
-2.5498,58.304
-2.5246,58.143
-2.5246,58.014
-2.3748,56.665
-2.5124,58.928
-2.4872,58.395
-2.4874,58.611
-2.5372,58.695
-2.5622,58.837
-2.5998,58.114
-2.7498,58.888
-2.5998,57.967
-2.4622,57.64
-2.5998,58.216
-2.55,57.255
-2.5496,56.582
-2.6874,57.138
-2.7498,57.774
-2.75,56.897
-2.6624,56.277
-2.5746,55.918
-2.6998,56.94
-2.4874,56.64
-2.5374,56.319
-2.4748,55.553
-2.4874,55.147
-2.2872,56.338
-2.3246,54.853
-2.2748,52.176
-2.2624,51.575
-2.2624,51.692
-2.3372,52.309
-2.4122,53.671
-2.2872,51.628
-2.2122,49.559
-2.2746,50.348
-2.2122,52.945
-2.2496,51.779
-2.2872,53.296
-2.3372,55.342
-2.2374,54.044
-2.1998,54.167
-2.0248,53.569
-1.4498,51.947
-1.2374,51.109
-1.2372,51.319
-1.5124,51.46
-1.5498,52.044
-1.4498,50.849
-1.4122,47.263
-1.1872,47.153
-0.8752,47.969
-0.8628,46.575
-0.8002,44.984
-0.3126,45.201
0.225,43.252
0.9876,36.679
1.9378,26.09
3.4376,26.506
3.4,33.453
0.9998,35.768
1.1376,35.44
0.5874,37.494
-0.2,41.001
-0.5126,41.886
-0.8878,42.362
-0.9002,43.12
-1.0002,46.545
-1.175,46.507
-1.1498,45.99
-1.2248,45.944
-1.3998,50.681
-1.4122,50.473
-1.6372,51.326
-1.737,54.028
-1.8374,53.479
-2.062,53.383
-2.0874,54.765
-2.1122,54.144
-2.212,53.367
-2.2374,54.147
-2.2372,48.793
-2.2748,44.632
-2.2622,43.789
-2.1998,42.211
-2.1872,43.488
-2.2372,44.335
-2.1622,45.361
-2.2496,46.436
-2.1372,46.894
-2.1124,46.996
-2.1622,47.843
-2.1622,47.135
-2.3248,48.403
-2.2496,47.656
-2.3872,49.456
-2.6372,50.515
-2.7498,52.198
-2.8998,55.05
-2.9374,56.67
-3.0748,61.442
-3.2748,64.502
-3.3124,62.683
-2.9122,66.051
-2.9372,66.648
-2.2874,67.588
-1.8624,69.422
-2.0124,71.207
-1.6874,71.497
-1.6746,72.751
-1.6372,74.494
-1.7122,76.445
-1.8248,77.171
-1.7996,77.779
-1.6248,77.381
-1.5498,76.189
-1.5748,77.047
-1.5874,78.02
-1.5996,79.283
-1.7622,81.389
-1.7872,81.654
-1.7498,80.643
-1.8246,81.345
-1.7246,80.952
-1.5874,78.942
-1.7746,81.173
-1.7748,82.296
-1.7248,80.752
-1.7996,81.175
-1.8248,81.951
-1.8248,82.4
-1.875,82.957
-1.9496,82.905
-1.9248,82.904
-1.9998,82.576
-2.0872,82.855
-1.9372,82.911
-2,83.018
-2.1622,82.923
-2.1996,83.105
-2.3872,83.15
-2.75,82.769
-2.1872,81.958
-1.9622,81.42
-2.0122,81.243
-1.9746,80.521
-1.8996,80.014
-1.8122,78.531
-1.8998,77.605
-1.9872,76.632
-1.9748,76.708
-1.9874,76.681
-1.9746,76.375
-2.0496,76.295
-1.9498,76.212
-1.9498,75.988
-1.962,76.178
-1.9874,75.658
-1.9622,75.227
-1.9622,75.118
-2.0998,75.129
-1.9998,74.678
-2.0124,74.341
-2.0374,74.288
-2.0372,75.4
-2.0746,75.401
-2.0746,74.112
-1.9746,69.18
-1.9996,59.485
-1.9622,53.13
-1.9248,50.731
-1.9748,50.413
-1.9748,50.347
-1.9874,49.88
-1.9998,51.102
-1.9624,51.472
-2.0122,51.957
-1.8998,53.041
-1.7746,52.995
-2.0496,54.015
-1.9748,54.654
-1.7996,54.92
-1.5122,54.03
-1.4248,53.676
-1.05,52.419
-1.0124,54.607
-1.15,54.9
-1.2124,55.265
-1.2998,55.595
-1.5498,56.296
-1.4124,55.905
-1.3374,56.242
-1.6248,56.963
-1.3872,57.009
-1.4748,56.378
-1.4748,56.968
-1.5124,57.04
-1.7122,58.154
-1.7998,58.878
-1.7748,59.15
-1.7872,59.391
-1.8372,59.721
-2.0372,60.202
-2.0998,60.826
-2.0748,61.023
-2.0624,61.269
-2.162,61.703
-2.2996,62.386
-2.2996,62.477
-2.4622,63.233
-2.4998,63.778
-2.4998,63.881
-2.5746,64.179
-2.5748,64.565
-2.6,64.844
-2.637,64.798
-2.7998,65.101
-2.7624,65.565
-2.8498,65.628
-2.9248,65.847
-2.9872,66.278
-2.9622,66.368
-2.9624,66.593
-2.9998,66.421
-3.0248,66.847
-3.0372,67.089
-3.1122,67.407
-3.1748,67.697
-3.2496,68.332
-3.3374,68.397
-3.3498,68.415
-3.4372,69.041
-3.3622,68.941
-3.3624,68.876
-3.2998,68.876
-3.4496,69.278
-3.4248,69.562
-3.4496,70.048
-3.3498,69.55
-3.6498,69.519
-3.6996,69.746
-3.6872,69.791
-3.6998,70.006
-3.8496,70.222
-4.0374,70.421
-5.1004,70.651
-5.6002,71.19
-5.6252,71.333
-5.3504,71.945
-4.6628,71.64
-4.25,71.537
-4.2252,71.455
-4.1626,71.535
-4.0246,71.64
-4.4126,71.879
-4.6004,72.13
-4.5376,72.098
-5.1626,72.296
-4.6378,72.395
-5.9752,72.729
-6.8254,73.096
-7.5378,73.523
-7.4128,73.809
-7.813,73.605
-7.4628,73.664
-7.5878,73.229
-8.5252,74.209
-8.1002,74.475
-7.7752,74.066
-8.2626,74.174
-8.6378,74.841
-8.9628,75.412
-8.5128,75.395
-7.8878,74.378
-8.0252,75.091
-8.1502,75.096
-8.2002,75.347
-8.2002,75.352
-8.4502,75.185
-8.8254,75.533
-8.1502,75.571
-7.7002,75.388
-8.0752,74.428
-7.7378,74.844
-8.1628,75.122
-7.763,75.317
-8.2876,75.442
-8.1878,75.617
-7.8752,75.711
-7.9254,75.311
-7.6378,74.749
-7.5502,74.931
-8.3626,75.227
-7.5878,75.264
-7.4878,75.031
-7.5254,74.534
-7.4502,74.52
-7.0378,74.357
-7.4878,74.54
-7.4376,74.399
-7.1502,74.304
-7.0878,74.328
-7.0878,74.483
-7.1752,75.14
-7.0252,75.567
-7.1626,76.952
-7.3504,78.979
-7.3,80.657
-7.5878,81.682
-7.4128,84.088
-7.6002,84.638
-7.475,85.103
-7.3628,85.401
-7.2878,85.455
-7.1378,85.48
-7.0128,85.694
-5.3876,85.892
-5.9752,85.878
-6.8128,86.068
-6.7502,85.862
-6.4752,86.132
-6.7002,85.995
-5.6004,81.84
-6.0376,84.578
-6.3126,84.509
-6.4878,84.38
-6.5376,84.709
-6.2376,84.628
-6.5252,84.925
-6.2752,85.179
-6.038,84.179
-5.9878,83.992
-6.0004,84.304
-5.8128,84.013
-6.0378,82.664
-5.8252,84.917
-5.9252,84.822
-5.7502,85.14
-5.6378,84.999
-5.3754,83.863
-5.7128,84.295
-4.8252,82.372
-5.5378,82.974
-5.1252,82.661
-5.3502,82.867
-5.2378,83.063
-3.95,81.206
-3.875,77.793
-4.9128,78.188
-4.4502,78.852
-4.6128,79.329
-4.6878,80.137
-4.4876,80.208
-4.6128,79.037
-4.5628,77.525
-4.5504,78.939
-4.5128,78.502
-3.5872,76.944
-4.3878,77.327
-4.4502,78.452
-4.2628,78.599
-3.9248,77.099
-4.5128,75.881
-3.9998,74.082
-4.35,74.946
-4.2628,74.209
-4.0376,71.842
-4.0376,73.938
-4.5502,73.972
-4.9504,77.463
-4.8876,76.925
-4.5502,77.197
-4.6502,76.232
-4.6752,75.908
-4.1502,72.737
-4.0874,72.057
-4.0624,70.664
-4.2876,72.248
-4.5752,72.08
-4.4,72.321
-4.4878,72.702
-4.7004,73.535
-4.1374,71.179
-4.4252,69.347
-4.1376,69.475
-4.5752,69.204
-4.7002,68.846
-4.8128,67.183
-4.7752,66.827
-5.0378,68.194
-5.0128,69.486
-4.9376,65.314
-4.8754,64.025
-4.6626,64.363
